0 0 0 0 0 0 0 0 0 0 0 0 0 0 0 0 0
0.033333333 -0.034804029 -0.009873183 -0.014339624 0.046198798 -0.014339624 -0.040793202 -0.004558556 -0.027255821 -0.010437041 -0.130403204 0.017613731 -0.130403204 -0.010741444 0.100200014 0.180739728 0.476535119
0.066666667 -0.069608058 -0.019746367 -0.028679247 0.092397597 -0.028679247 -0.081586403 -0.009117111 -0.054511642 -0.020874082 -0.260806408 0.035227462 -0.260806408 -0.021482889 0.200400029 0.361479457 0.953070238
0.1 -0.104412087 -0.02961955 -0.043018871 0.138596395 -0.043018871 -0.122379605 -0.013675667 -0.081767464 -0.031311124 -0.391209612 0.052841193 -0.391209612 -0.032224333 0.300600043 0.542219185 1.429605357
0.133333333 -0.139216116 -0.039492734 -0.057358494 0.184795193 -0.057358494 -0.163172806 -0.018234223 -0.109023285 -0.041748165 -0.521612816 0.070454923 -0.521612816 -0.042965778 0.400800058 0.722958913 1.906140476
0.166666667 -0.174020144 -0.049365917 -0.071698118 0.230993991 -0.071698118 -0.203966008 -0.022792779 -0.136279106 -0.052185206 -0.65201602 0.088068654 -0.65201602 -0.053707222 0.501000072 0.903698642 2.382675596
0.2 -0.208824173 -0.059239101 -0.086037741 0.27719279 -0.086037741 -0.24475921 -0.027351334 -0.163534927 -0.062622247 -0.782419224 0.105682385 -0.782419224 -0.064448667 0.601200086 1.08443837 2.859210715
0.233333333 -0.243628202 -0.069112284 -0.100377365 0.323391588 -0.100377365 -0.285552411 -0.03190989 -0.190790748 -0.073059289 -0.912822428 0.123296116 -0.912822428 -0.075190111 0.701400101 1.265178098 3.335745834
0.266666667 -0.278432231 -0.078985468 -0.114716988 0.369590386 -0.114716988 -0.326345613 -0.036468446 -0.21804657 -0.08349633 -1.043225632 0.140909847 -1.043225632 -0.085931556 0.801600115 1.445917827 3.812280953
0.3 -0.31323626 -0.088858651 -0.129056612 0.415789185 -0.129056612 -0.367138814 -0.041027001 -0.245302391 -0.093933371 -1.173628836 0.158523578 -1.173628836 -0.096673 0.90180013 1.626657555 4.288816072
0.333333333 -0.348040289 -0.098731835 -0.143396235 0.461987983 -0.143396235 -0.407932016 -0.045585557 -0.272558212 -0.104370412 -1.304032041 0.176137309 -1.304032041 -0.107414445 1.002000144 1.807397283 4.765351191
0.366666667 -0.382844318 -0.108605018 -0.157735859 0.508186781 -0.157735859 -0.448725218 -0.050144113 -0.299814033 -0.114807454 -1.434435245 0.19375104 -1.434435245 -0.118155889 1.102200159 1.988137012 5.24188631
0.4 -0.417648347 -0.118478202 -0.172075483 0.55438558 -0.172075483 -0.489518419 -0.054702669 -0.327069855 -0.125244495 -1.564838449 0.21136477 -1.564838449 -0.128897334 1.202400173 2.16887674 5.718421429
0.433333333 -0.452452376 -0.128351385 -0.186415106 0.600584378 -0.186415106 -0.530311621 -0.059261224 -0.354325676 -0.135681536 -1.695241653 0.228978501 -1.695241653 -0.139638778 1.302600187 2.349616469 6.194956549
0.466666667 -0.487256405 -0.138224569 -0.20075473 0.646783176 -0.20075473 -0.571104822 -0.06381978 -0.381581497 -0.146118577 -1.825644857 0.246592232 -1.825644857 -0.150380223 1.402800202 2.530356197 6.671491668
0.5 -0.522060433 -0.148097752 -0.215094353 0.692981974 -0.215094353 -0.611898024 -0.068378336 -0.408837318 -0.156555618 -1.956048061 0.264205963 -1.956048061 -0.161121667 1.503000216 2.711095925 7.148026787
0.533333333 -0.556864462 -0.157970935 -0.229433977 0.739180773 -0.229433977 -0.652691226 -0.072936891 -0.436093139 -0.16699266 -2.086451265 0.281819694 -2.086451265 -0.171863112 1.603200231 2.891835654 7.624561906
0.566666667 -0.591668491 -0.167844119 -0.2437736 0.785379571 -0.2437736 -0.693484427 -0.077495447 -0.463348961 -0.177429701 -2.216854469 0.299433425 -2.216854469 -0.182604556 1.703400245 3.072575382 8.101097025
0.6 -0.62647252 -0.177717302 -0.258113224 0.831578369 -0.258113224 -0.734277629 -0.082054003 -0.490604782 -0.187866742 -2.347257673 0.317047156 -2.347257673 -0.193346001 1.803600259 3.25331511 8.577632144
0.633333333 -0.661276549 -0.187590486 -0.272452847 0.877777168 -0.272452847 -0.77507083 -0.086612559 -0.517860603 -0.198303783 -2.477660877 0.334660887 -2.477660877 -0.204087445 1.903800274 3.434054839 9.054167263
0.666666667 -0.696080578 -0.197463669 -0.286792471 0.923975966 -0.286792471 -0.815864032 -0.091171114 -0.545116424 -0.208740825 -2.608064081 0.352274617 -2.608064081 -0.21482889 2.004000288 3.614794567 9.530702382
0.7 -0.730884607 -0.207336853 -0.301132094 0.970174764 -0.301132094 -0.856657233 -0.09572967 -0.572372245 -0.219177866 -2.738467285 0.369888348 -2.738467285 -0.225570334 2.104200303 3.795534295 10.0072375
0.733333333 -0.765688636 -0.217210036 -0.315471718 1.016373563 -0.315471718 -0.897450435 -0.100288226 -0.599628067 -0.229614907 -2.868870489 0.387502079 -2.868870489 -0.236311779 2.204400317 3.976274024 10.48377262
0.766666667 -0.800492665 -0.22708322 -0.329811341 1.062572361 -0.329811341 -0.938243637 -0.104846781 -0.626883888 -0.240051948 -2.999273693 0.40511581 -2.999273693 -0.247053223 2.304600332 4.157013752 10.96030774
0.8 -0.835296694 -0.236956403 -0.344150965 1.108771159 -0.344150965 -0.979036838 -0.109405337 -0.654139709 -0.250488989 -3.129676897 0.422729541 -3.129676897 -0.257794668 2.404800346 4.33775348 11.43684286
0.833333333 -0.870100722 -0.246829587 -0.358490589 1.154969957 -0.358490589 -1.01983004 -0.113963893 -0.68139553 -0.260926031 -3.260080101 0.440343272 -3.260080101 -0.268536112 2.50500036 4.518493209 11.91337798
0.866666667 -0.904904751 -0.25670277 -0.372830212 1.201168756 -0.372830212 -1.060623241 -0.118522449 -0.708651351 -0.271363072 -3.390483305 0.457957003 -3.390483305 -0.279277557 2.605200375 4.699232937 12.3899131
0.9 -0.93970878 -0.266575954 -0.387169836 1.247367554 -0.387169836 -1.101416443 -0.123081004 -0.735907173 -0.281800113 -3.520886509 0.475570734 -3.520886509 -0.290019001 2.705400389 4.879972665 12.86644822
0.933333333 -0.974512809 -0.276449137 -0.401509459 1.293566352 -0.401509459 -1.142209645 -0.12763956 -0.763162994 -0.292237154 -3.651289713 0.493184464 -3.651289713 -0.300760446 2.805600404 5.060712394 13.34298334
0.966666667 -1.009316838 -0.286322321 -0.415849083 1.339765151 -0.415849083 -1.183002846 -0.132198116 -0.790418815 -0.302674196 -3.781692918 0.510798195 -3.781692918 -0.31150189 2.905800418 5.241452122 13.81951845
1 -1.044120867 -0.296195504 -0.430188706 1.385963949 -0.430188706 -1.223796048 -0.136756671 -0.817674636 -0.313111237 -3.912096122 0.528411926 -3.912096122 -0.322243335 3.006000432 5.42219185 14.29605357
1.033333333 -1.078924896 -0.306068687 -0.44452833 1.432162747 -0.44452833 -1.264589249 -0.141315227 -0.844930458 -0.323548278 -4.042499326 0.546025657 -4.042499326 -0.332984779 3.106200447 5.602931579 14.77258869
1.066666667 -1.113728925 -0.315941871 -0.458867953 1.478361546 -0.458867953 -1.305382451 -0.145873783 -0.872186279 -0.333985319 -4.17290253 0.563639388 -4.17290253 -0.343726224 3.206400461 5.783671307 15.24912381
1.1 -1.148532954 -0.325815054 -0.473207577 1.524560344 -0.473207577 -1.346175653 -0.150432339 -0.8994421 -0.344422361 -4.303305734 0.581253119 -4.303305734 -0.354467668 3.306600476 5.964411035 15.72565893
1.133333333 -1.183336982 -0.335688238 -0.4875472 1.570759142 -0.4875472 -1.386968854 -0.154990894 -0.926697921 -0.354859402 -4.433708938 0.59886685 -4.433708938 -0.365209113 3.40680049 6.145150764 16.20219405
1.166666667 -1.218141011 -0.345561421 -0.501886824 1.61695794 -0.501886824 -1.427762056 -0.15954945 -0.953953742 -0.365296443 -4.564112142 0.616480581 -4.564112142 -0.375950557 3.507000505 6.325890492 16.67872917
1.2 -1.25294504 -0.355434605 -0.516226448 1.663156739 -0.516226448 -1.468555257 -0.164108006 -0.981209564 -0.375733484 -4.694515346 0.634094311 -4.694515346 -0.386692002 3.607200519 6.506630221 17.15526429
1.233333333 -1.287749069 -0.365307788 -0.530566071 1.709355537 -0.530566071 -1.509348459 -0.168666561 -1.008465385 -0.386170525 -4.82491855 0.651708042 -4.82491855 -0.397433446 3.707400533 6.687369949 17.63179941
1.266666667 -1.322553098 -0.375180972 -0.544905695 1.755554335 -0.544905695 -1.550141661 -0.173225117 -1.035721206 -0.396607567 -4.955321754 0.669321773 -4.955321754 -0.408174891 3.807600548 6.868109677 18.10833453
1.3 -1.357357127 -0.385054155 -0.559245318 1.801753134 -0.559245318 -1.590934862 -0.177783673 -1.062977027 -0.407044608 -5.085724958 0.686935504 -5.085724958 -0.418916335 3.907800562 7.048849406 18.58486965
1.333333333 -1.392161156 -0.394927339 -0.573584942 1.847951932 -0.573584942 -1.631728064 -0.182342229 -1.090232848 -0.417481649 -5.216128162 0.704549235 -5.216128162 -0.42965778 4.008000577 7.229589134 19.06140476
1.366666667 -1.426965185 -0.404800522 -0.587924565 1.89415073 -0.587924565 -1.672521265 -0.186900784 -1.11748867 -0.42791869 -5.346531366 0.722162966 -5.346531366 -0.440399224 4.108200591 7.410328862 19.53793988
1.4 -1.461769214 -0.414673706 -0.602264189 1.940349529 -0.602264189 -1.713314467 -0.19145934 -1.144744491 -0.438355732 -5.47693457 0.739776697 -5.47693457 -0.451140669 4.208400605 7.591068591 20.014475
1.433333333 -1.496573243 -0.424546889 -0.616603812 1.986548327 -0.616603812 -1.754107669 -0.196017896 -1.172000312 -0.448792773 -5.607337774 0.757390428 -5.607337774 -0.461882113 4.30860062 7.771808319 20.49101012
1.466666667 -1.531377271 -0.434420072 -0.630943436 2.032747125 -0.630943436 -1.79490087 -0.200576451 -1.199256133 -0.459229814 -5.737740978 0.775004158 -5.737740978 -0.472623558 4.408800634 7.952548047 20.96754524
1.5 -1.5661813 -0.444293256 -0.645283059 2.078945923 -0.645283059 -1.835694072 -0.205135007 -1.226511954 -0.469666855 -5.868144182 0.792617889 -5.868144182 -0.483365002 4.509000649 8.133287776 21.44408036
1.533333333 -1.600985329 -0.454166439 -0.659622683 2.125144722 -0.659622683 -1.876487273 -0.209693563 -1.253767776 -0.480103896 -5.998547386 0.81023162 -5.998547386 -0.494106447 4.609200663 8.314027504 21.92061548
1.566666667 -1.635789358 -0.464039623 -0.673962307 2.17134352 -0.673962307 -1.917280475 -0.214252119 -1.281023597 -0.490540938 -6.12895059 0.827845351 -6.12895059 -0.504847891 4.709400678 8.494767232 22.3971506
1.6 -1.670593387 -0.473912806 -0.68830193 2.217542318 -0.68830193 -1.958073677 -0.218810674 -1.308279418 -0.500977979 -6.259353795 0.845459082 -6.259353795 -0.515589336 4.809600692 8.675506961 22.87368572
1.633333333 -1.705397416 -0.48378599 -0.702641554 2.263741117 -0.702641554 -1.998866878 -0.22336923 -1.335535239 -0.51141502 -6.389756999 0.863072813 -6.389756999 -0.52633078 4.909800706 8.856246689 23.35022084
1.666666667 -1.740201445 -0.493659173 -0.716981177 2.309939915 -0.716981177 -2.03966008 -0.227927786 -1.362791061 -0.521852061 -6.520160203 0.880686544 -6.520160203 -0.537072225 5.010000721 9.036986417 23.82675596
1.7 -1.775005474 -0.503532357 -0.731320801 2.356138713 -0.731320801 -2.080453281 -0.232486341 -1.390046882 -0.532289103 -6.650563407 0.898300275 -6.650563407 -0.547813669 5.110200735 9.217726146 24.30329108
1.733333333 -1.809809503 -0.51340554 -0.745660424 2.402337512 -0.745660424 -2.121246483 -0.237044897 -1.417302703 -0.542726144 -6.780966611 0.915914005 -6.780966611 -0.558555114 5.21040075 9.398465874 24.77982619
1.766666667 -1.844613531 -0.523278724 -0.760000048 2.44853631 -0.760000048 -2.162039685 -0.241603453 -1.444558524 -0.553163185 -6.911369815 0.933527736 -6.911369815 -0.569296558 5.310600764 9.579205602 25.25636131
1.8 -1.87941756 -0.533151907 -0.774339671 2.494735108 -0.774339671 -2.202832886 -0.246162009 -1.471814345 -0.563600226 -7.041773019 0.951141467 -7.041773019 -0.580038003 5.410800778 9.759945331 25.73289643
1.833333333 -1.914221589 -0.543025091 -0.788679295 2.540933906 -0.788679295 -2.243626088 -0.250720564 -1.499070167 -0.574037268 -7.172176223 0.968755198 -7.172176223 -0.590779447 5.511000793 9.940685059 26.20943155
1.866666667 -1.949025618 -0.552898274 -0.803018918 2.587132705 -0.803018918 -2.284419289 -0.25527912 -1.526325988 -0.584474309 -7.302579427 0.986368929 -7.302579427 -0.601520892 5.611200807 10.12142479 26.68596667
1.9 -1.983829647 -0.562771458 -0.817358542 2.633331503 -0.817358542 -2.325212491 -0.259837676 -1.553581809 -0.59491135 -7.432982631 1.00398266 -7.432982631 -0.612262336 5.711400822 10.30216452 27.16250179
1.933333333 -2.018633676 -0.572644641 -0.831698165 2.679530301 -0.831698165 -2.366005693 -0.264396231 -1.58083763 -0.605348391 -7.563385835 1.021596391 -7.563385835 -0.623003781 5.811600836 10.48290424 27.63903691
1.966666667 -2.053437705 -0.582517824 -0.846037789 2.7257291 -0.846037789 -2.406798894 -0.268954787 -1.608093451 -0.615785432 -7.693789039 1.039210122 -7.693789039 -0.633745225 5.911800851 10.66364397 28.11557203
2 -2.088241734 -0.592391008 -0.860377413 2.771927898 -0.860377413 -2.447592096 -0.273513343 -1.635349273 -0.626222474 -7.824192243 1.056823852 -7.824192243 -0.64448667 6.012000865 10.8443837 28.59210715
2.033333333 -2.082937498 -0.590887484 -0.858192353 2.764888161 -0.858192353 -2.441375384 -0.272817464 -1.631190406 -0.624630593 -7.804277768 1.05411643 -7.804277768 -0.642850984 5.996740477 10.81684095 28.51948381
2.066666667 -2.081017657 -0.590350725 -0.857406701 2.762350345 -0.857406701 -2.439129062 -0.272558368 -1.629647369 -0.624043386 -7.796751212 1.052951428 -7.796751212 -0.642267959 5.991306548 10.80689792 28.49323955
2.1 -2.082046716 -0.590666528 -0.857865384 2.763766515 -0.857865384 -2.440359481 -0.272672042 -1.630303608 -0.624298098 -7.799252 1.052669693 -7.799252 -0.64262316 5.994680285 10.81238294 28.50762967
2.133333333 -2.085503906 -0.591690237 -0.8594254 2.76851675 -0.8594254 -2.444508907 -0.273099774 -1.632642816 -0.625163104 -7.808464803 1.052177675 -7.808464803 -0.643810291 6.005874718 10.83082577 28.55620746
2.166666667 -2.090792239 -0.59323858 -0.861980606 2.775937259 -0.861980606 -2.450994374 -0.273812388 -1.636106266 -0.626324383 -7.820199669 1.050020708 -7.820199669 -0.645769508 6.024080165 10.85956262 28.63223973
2.2 -2.097259339 -0.595098027 -0.865465593 2.785352694 -0.865465593 -2.459247716 -0.274817127 -1.640155321 -0.627376698 -7.829632209 1.044595131 -7.829632209 -0.648513957 6.048770617 10.89583378 28.72906197
2.233333333 -2.104232983 -0.597046601 -0.869846235 2.796118204 -0.869846235 -2.468749046 -0.276144865 -1.644309656 -0.627814842 -7.831592642 1.034432 -7.831592642 -0.652124695 6.079596956 10.93690036 28.84034107
2.266666667 -2.111055873 -0.598875612 -0.875112929 2.80765845 -0.875112929 -2.479052374 -0.27783995 -1.648151886 -0.627033461 -7.820779819 1.018540658 -7.820779819 -0.656684216 6.116074362 10.98016256 28.9602396
2.3 -2.11709616 -0.600407734 -0.881286387 2.819482829 -0.881286387 -2.489806573 -0.27996548 -1.651299202 -0.624331181 -7.79189449 0.996846493 -7.79189449 -0.662060304 6.157306193 11.02321515 29.08352862
2.333333333 -2.121707135 -0.601506103 -0.888443948 2.831179861 -0.888443948 -2.500765393 -0.282610013 -1.653325437 -0.618865629 -7.739841631 0.970775792 -7.739841631 -0.667433037 6.201831297 11.06379539 29.20571471
2.366666667 -2.124117267 -0.602070747 -0.896767719 2.842408901 -0.896767719 -2.511783164 -0.285884259 -1.653611838 -0.609505422 -7.660155816 0.944020052 -7.660155816 -0.670510009 6.247494953 11.09966057 29.32322008
2.4 -2.123271165 -0.602034345 -0.906595573 2.852895617 -0.906595573 -2.522805643 -0.289912876 -1.651131536 -0.594593415 -7.549615007 0.923459122 -7.549615007 -0.666498207 6.291287871 11.12850021 29.43360849
2.433333333 -2.117696378 -0.6013635 -0.918440745 2.862437872 -0.918440745 -2.533859494 -0.294823332 -1.644188198 -0.571690904 -7.406923659 0.920168953 -7.405076957 -0.648254604 6.329978686 11.14798835 29.53578578
2.466666667 -2.105490244 -0.600059597 -0.932955903 2.870922973 -0.932955903 -2.54503442 -0.300727965 -1.630202903 -0.537409133 -7.233223709 0.950277354 -7.217757462 -0.609900421 6.36289021 11.15599536 29.63004621
2.5 -2.084464838 -0.598164367 -0.950843677 2.878337247 -0.950843677 -2.556459256 -0.30770163 -1.605729212 -0.487441853 -7.031638529 1.035262529 -6.966930498 -0.551730723 6.395263307 11.15085727 29.71788288
2.533333333 -2.052398775 -0.595773984 -0.972734804 2.884757648 -0.972734804 -2.568279471 -0.315767251 -1.566754346 -0.416808728 -6.805523565 1.201506215 -6.620872889 -0.48080005 6.438651263 11.13156507 29.80161799
2.566666667 -2.00731414 -0.593045661 -0.999064944 2.890332532 -0.999064944 -2.580636374 -0.324898847 -1.509141328 -0.320210628 -6.556579097 1.47931256 -6.144539695 -0.406419282 6.508219015 11.09782535 29.88397646
2.6 -1.947724474 -0.590187085 -1.029980302 2.895255546 -1.029980302 -2.593645642 -0.33503358 -1.429071664 -0.19242147 -6.283928327 1.901614994 -5.508140087 -0.335686983 6.620053632 11.05004056 29.9676931
2.633333333 -1.872820819 -0.58743825 -1.065288775 2.899741911 -1.065288775 -2.607379768 -0.34607535 -1.323475073 -0.028691678 -5.984155483 2.502378915 -4.693933271 -0.273590408 6.790526425 10.98926729 30.05520255
2.666666667 -1.782572019 -0.58505055 -1.104459078 2.904026323 -1.104459078 -2.621857957 -0.357888709 -1.190460669 0.174855967 -5.651899271 3.314687206 -3.700097177 -0.225140271 7.036130569 10.91717123 30.14844305
2.7 -1.677747092 -0.583259475 -1.146657132 2.90838208 -1.146657132 -2.637040936 -0.370302468 -1.029716516 0.420879444 -5.280730697 4.368603584 -2.54061234 -0.194646485 7.371534737 10.83597626 30.24875932
2.733333333 -1.559891605 -0.582255807 -1.190800929 2.913133515 -1.190800929 -2.652828423 -0.383131186 -0.842816703 0.710581896 -4.864212046 5.689014857 -1.242135304 -0.183857351 7.807176417 10.74840043 30.35684663
2.766666667 -1.431271971 -0.582167872 -1.235623142 2.918643706 -1.235623142 -2.669061686 -0.396195833 -0.633361763 1.043620119 -4.396994639 7.293722348 0.159961649 -0.19193146 8.348219926 10.65755567 30.4727009
2.8 -1.294772993 -0.583060264 -1.279745631 2.925289444 -1.279745631 -2.685538762 -0.4093281 -0.406898493 1.418152824 -3.875765774 9.191995008 1.625349777 -0.216240296 8.994350939 10.56677601 30.59559273
2.833333333 -1.153733693 -0.584943494 -1.321771437 2.933440913 -1.321771437 -2.702041421 -0.422364515 -0.170622644 1.830996142 -3.299928826 11.38366139 3.112098468 -0.252991363 9.739853814 10.47937116 30.72410425
2.866666667 -1.011741159 -0.587787914 -1.360384898 2.943449627 -1.360384898 -2.71835663 -0.435138134 0.067092 2.27782574 -2.671919636 13.85875404 4.579293232 -0.297724772 10.57408484 10.39836075 30.85624767
2.9 -0.872417312 -0.591533566 -1.394440114 2.95564149 -1.394440114 -2.734281531 -0.447465192 0.297284543 2.753391323 -1.997136188 16.59771479 5.988979202 -0.345706055 11.48228178 10.32626948 30.98964823
2.933333333 -0.739213835 -0.596084713 -1.423029031 2.97031011 -1.423029031 -2.749622366 -0.459135083 0.511051683 3.25175861 -1.283615273 19.57214867 7.307822647 -0.392235525 12.44661751 10.2650235 31.12174248
2.966666667 -0.615226241 -0.601294142 -1.445535273 2.987698612 -1.445535273 -2.764200007 -0.469927454 0.700158035 3.766575611 -0.541597237 22.74606585 8.50851286 -0.432888082 13.44748028 10.21591575 31.24995091
3 -0.503040526 -0.606958088 -1.461672924 3.007961392 -1.461672924 -2.777859178 -0.479655812 0.857530642 4.291308312 0.217020616 26.07748413 9.570624213 -0.463698028 14.46478293 10.17958536 31.37183113
3.033333333 -0.404627715 -0.612824454 -1.471494279 3.031124775 -1.471494279 -2.790475514 -0.488203763 0.977567829 4.819426421 0.979394062 29.52038247 10.48079379 -0.481273561 15.47913086 10.15601519 31.48521974
3.066666667 -0.321304728 -0.618598299 -1.475356265 3.057074222 -1.475356265 -2.801963536 -0.495534626 1.056215195 5.344585467 1.73256447 33.02710817 11.23235126 -0.482811359 16.47293828 10.14459154 31.58833431
3.1 -0.253756119 -0.6239498 -1.473860461 3.085557062 -1.473860461 -2.812284285 -0.501690492 1.09087402 5.860797879 2.464241006 36.55084043 11.82465851 -0.466075895 17.43138769 10.14422358 31.67981933
3.133333333 -0.202086791 -0.628539463 -1.467791511 3.116182683 -1.467791511 -2.8214459 -0.506795034 1.080272259 6.36254486 3.163346081 40.04741733 12.26227275 -0.429441805 18.34298073 10.15347367 31.75876266
3.166666667 -0.165885507 -0.63205115 -1.458054634 3.148433508 -1.458054634 -2.829498584 -0.511050774 1.024328686 6.84486682 3.820293144 43.47654236 12.55395971 -0.37201089 19.19980745 10.17068216 31.82471153
3.2 -0.144301489 -0.634224558 -1.445597086 3.181687819 -1.445597086 -2.83653007 -0.514725068 0.923969822 7.30348769 4.427096875 46.80283645 12.71176641 -0.293721877 19.99768948 10.19410859 31.87767553
3.233333333 -0.136136506 -0.634885986 -1.431322812 3.21524212 -1.431322812 -2.842665361 -0.518132763 0.780894496 7.734949695 4.977410297 49.99684653 12.75026371 -0.195349591 20.73606632 10.22208008 31.91808874
3.266666667 -0.139937944 -0.63396089 -1.416030412 3.248342644 -1.416030412 -2.84806425 -0.52161482 0.597292737 8.136714089 5.466524631 53.03582368 12.68562379 -0.078441449 21.41762034 10.25310377 31.94674169
3.3 -0.15408015 -0.631456268 -1.400385674 3.280234415 -1.400385674 -2.852904413 -0.525508967 0.375512022 8.507216532 5.891320074 55.90410788 12.53434693 0.05469271 22.04781632 10.28593459 31.96472309
3.333333333 -0.17683894 -0.627426211 -1.384912401 3.310217163 -1.384912401 -2.857354748 -0.530118914 0.117703247 8.845892879 6.250142856 58.59311155 12.31205559 0.200958348 22.63448024 10.31963572 31.97338038
3.366666667 -0.206472577 -0.621946924 -1.369983289 3.337694645 -1.369983289 -2.861553906 -0.535686652 -0.174480046 9.153182104 6.542615282 61.10098194 12.0327068 0.356468811 23.18746658 10.35364703 31.97426508
3.4 -0.241309953 -0.615114156 -1.355806285 3.362210339 -1.355806285 -2.865599076 -0.542368 -0.500081646 9.430496445 6.769435008 63.43198102 11.70803381 0.516557739 23.71831993 10.38782336 31.96904927
3.433333333 -0.279824906 -0.607051975 -1.34241468 3.383466847 -1.34241468 -2.86954405 -0.550216565 -0.858936923 9.680164393 6.932231259 65.59560441 11.34702467 0.675860115 24.23978978 10.42240392 31.95944235
3.466666667 -0.3206776 -0.597918595 -1.329678319 3.401324309 -1.329678319 -2.873402362 -0.559183404 -1.251674131 9.90536255 7.03348399 67.6055215 10.95571005 0.828522787 24.76523828 10.457918 31.94711793
3.5 -0.362727681 -0.587907537 -1.317349399 3.415777327 -1.317349399 -2.877147902 -0.56913044 -1.679629618 10.11005081 7.076444656 69.4784577 10.53746677 0.968572701 25.30810275 10.49506152 31.93363927
3.533333333 -0.405037739 -0.57724439 -1.305128942 3.426928433 -1.305128942 -2.880713884 -0.57984758 -2.14466096 10.2989231 7.065018925 71.23312973 10.09348928 1.090373636 25.88151121 10.53458685 31.92039064
3.566666667 -0.446876917 -0.566175595 -1.292720757 3.43497372 -1.292720757 -2.883997759 -0.591071037 -2.648856856 10.4773657 7.003632211 72.88930215 9.623231422 1.188932092 26.49797178 10.57722168 31.90852418
3.6 -0.487720326 -0.554949349 -1.279863872 3.440192249 -1.279863872 -2.886870573 -0.602503311 -3.194202389 10.65140209 6.897105954 74.46693365 9.124898398 1.259928002 27.16900763 10.62359158 31.89892822
3.633333333 -0.527236399 -0.543794351 -1.266359479 3.442931596 -1.266359479 -2.88918784 -0.613830023 -3.782291784 10.82760474 6.75056743 75.98530444 8.595731719 1.299664055 27.9047613 10.67412858 31.89223492
3.666666667 -0.565257763 -0.532904834 -1.252096649 3.443592988 -1.252096649 -2.890807117 -0.624733143 -4.414160361 11.01296284 6.569409505 77.46206489 8.03200303 1.305101012 28.71358897 10.72899006 31.88887316
3.7 -0.601738639 -0.522437265 -1.237068682 3.442615801 -1.237068682 -2.891612027 -0.634904224 -5.090240156 11.21472567 6.359259047 78.91228727 7.428993468 1.274007952 29.6015565 10.78802409 31.88913997
3.733333333 -0.636710628 -0.512517024 -1.221373489 3.440460116 -1.221373489 -2.891533599 -0.644058728 -5.810367714 11.44025601 6.125900505 80.34770302 6.781026243 1.205265076 30.57190357 10.85079554 31.89325297
3.766666667 -0.670248248 -0.503248372 -1.205195631 3.437586953 -1.205195631 -2.890564133 -0.65195122 -6.573768091 11.69689526 5.875160734 81.77625084 6.081389893 1.099222462 31.62471322 10.91664402 31.90135877
3.8 -0.702446293 -0.494720151 -1.188781392 3.434437908 -1.188781392 -2.888766344 -0.65839141 -7.379020061 11.99181414 5.612753194 83.20192025 5.322127591 0.957841752 32.75687427 10.98471453 31.91350674
3.833333333 -0.733399156 -0.487003504 -1.172422701 3.431422846 -1.172422701 -2.886279118 -0.66326008 -8.224054027 12.33183168 5.344050576 84.62481758 4.49410697 0.784484274 33.96221862 11.05394102 31.92963539
3.866666667 -0.763173262 -0.480143783 -1.156447705 3.428918482 -1.156447705 -2.883316722 -0.666526233 -9.106182143 12.72320093 5.073796533 86.04141975 3.587657748 0.583619918 35.23175572 11.12303731 31.94960371
3.9 -0.791791888 -0.474156431 -1.141204992 3.427267792 -1.141204992 -2.88015775 -0.668264961 -10.02213704 13.17136269 4.805824649 87.44503532 2.59363779 0.360723248 36.55403969 11.19055517 31.97323871
3.933333333 -0.819254204 -0.469039466 -1.127036569 3.426768373 -1.127036569 -2.8771237 -0.668664977 -10.96812845 13.68067357 4.542884971 88.82646355 1.50468315 0.1221809 37.9156262 11.25500428 32.00035548
3.966666667 -0.845568174 -0.464798987 -1.114249548 3.427650715 -1.114249548 -2.874554626 -0.66801931 -11.93992624 14.25415118 4.286628843 90.17475458 0.315959977 -0.124905461 39.30157692 11.31497434 32.03074783
4 -0.870770607 -0.461465007 -1.103099322 3.43006773 -1.103099322 -2.872786203 -0.666703458 -12.9329578 14.89332468 4.037706455 91.47799356 -0.975009944 -0.372885889 40.69616163 11.36921756 32.06418203
4.033333333 -0.894936521 -0.459090143 -1.093778796 3.434099002 -1.093778796 -2.872122923 -0.665142158 -13.94240486 15.59825505 3.795919737 92.72411143 -2.368870475 -0.613685463 42.08376092 11.41669999 32.10040528
4.066666667 -0.918170323 -0.457751478 -1.086403006 3.439737855 -1.086403006 -2.872809642 -0.663769413 -14.96330811 16.3676903 3.560400108 93.90168104 -3.864867399 -0.838910152 43.44963537 11.45662377 32.13914481
4.1 -0.940559473 -0.457560713 -1.081000535 3.446863733 -1.081000535 -2.87501328 -0.662992695 -15.99071451 17.19927317 3.329756014 95.00059909 -5.461281907 -1.039973967 44.78031028 11.4884039 32.18009604
4.133333333 -0.962116215 -0.458661726 -1.077527259 3.455242659 -1.077527259 -2.878821132 -0.663173748 -17.01991012 18.08975285 3.102093908 96.01259958 -7.155715241 -1.208387279 46.06357176 11.51162815 32.22291862
4.166666667 -0.982754854 -0.4612089 -1.075891896 3.464561572 -1.075891896 -2.884255924 -0.664637469 -18.04676513 19.03517483 2.874808919 96.93160072 -8.944916864 -1.336188494 47.28820798 11.52606056 32.26723152
4.2 -1.002306087 -0.465335556 -1.075975326 3.474468331 -1.075975326 -2.891300862 -0.66769872 -19.06817227 20.03102148 2.644108681 97.75391756 -10.82414783 -1.416308685 48.44376491 11.531705 32.31259742
4.233333333 -1.020548923 -0.471121421 -1.07764489 3.484601283 -1.07764489 -2.899922456 -0.672685269 -20.0825282 21.07226064 2.404356385 98.47836498 -12.78652998 -1.442759384 49.52042091 11.52886906 32.35850737
4.266666667 -1.037261662 -0.478572737 -1.080765022 3.494607727 -1.080765022 -2.910084674 -0.679948745 -21.09018915 22.15328033 2.147358016 99.10623461 -14.82289624 -1.410592563 50.50881009 11.51816372 32.40437894
4.3 -1.0522903 -0.487624036 -1.085192143 3.50415801 -1.085192143 -2.921752672 -0.689854281 -22.09380562 23.26774512 1.86164887 99.64111102 -16.92223437 -1.315538214 51.3998205 11.50045777 32.44957748
4.333333333 -1.065613899 -0.498158011 -1.090747642 3.512967567 -1.090747642 -2.934886134 -0.702739507 -23.09842979 24.4083894 1.531898261 100.0884979 -19.07248977 -1.153596508 52.18455935 11.47684514 32.49346838
4.366666667 -1.077393554 -0.510032192 -1.097166272 3.520838564 -1.097166272 -2.949428246 -0.718853516 -24.1113014 25.56674801 1.138759152 100.4552942 -21.26133719 -0.92124313 52.85453263 11.44866082 32.53549142
4.4 -1.088018073 -0.523094303 -1.104020012 3.527717158 -1.104020012 -2.965297856 -0.738299497 -25.14130021 26.73291195 0.659468205 100.7492744 -23.47638321 -0.616361624 53.40212114 11.41755946 32.57520227
4.433333333 -1.098155592 -0.5371786 -1.110650092 3.533739949 -1.110650092 -2.982387052 -0.761006161 -26.19815697 27.89541904 0.069254188 100.9787121 -25.70483926 -0.239092737 53.82120356 11.38560578 32.61223605
4.466666667 -1.108773013 -0.552097747 -1.116161306 3.539234451 -1.116161306 -3.000558321 -0.786743472 -27.29150799 29.04132355 -0.656602869 101.1521539 -27.9333471 0.208093823 54.10749968 11.35527409 32.64624407
4.5 -1.121072333 -0.567641808 -1.119505369 3.544664944 -1.119505369 -3.019636436 -0.815170988 -28.42986352 30.15649171 -1.540424948 101.2782791 -30.14792086 0.720751383 54.2587215 11.32930951 32.67688518
4.533333333 -1.136348833 -0.583583939 -1.119630775 3.550552339 -1.119630775 -3.03940248 -0.845881585 -29.61960408 31.22616283 -2.599938869 101.3657738 -32.33382699 1.2926371 54.27475493 11.3105072 32.70388437
4.566666667 -1.155824171 -0.599690648 -1.115642207 3.557397456 -1.115642207 -3.059599898 -0.878413136 -30.86412536 32.23571984 -3.8465375 101.423153 -34.47585239 1.915832826 54.15769827 11.30150865 32.72710559
4.6 -1.180495653 -0.615728013 -1.106920819 3.565624709 -1.106920819 -3.079951656 -0.912243007 -32.16323007 33.171534 -5.284185294 101.4584948 -36.55884946 2.581041899 53.91177154 11.30466808 32.74659219
4.633333333 -1.211024166 -0.631458187 -1.093186743 3.575554025 -1.093186743 -3.100179278 -0.946799697 -33.51283108 34.02175254 -6.909032668 101.4791088 -38.56824074 3.278048303 53.54321582 11.32198785 32.76258073
4.666666667 -1.247685131 -0.646631361 -1.074503641 3.587393576 -1.074503641 -3.120019034 -0.981499687 -34.90500014 34.77694521 -8.709672565 101.4912053 -40.49046822 3.996329337 53.06018652 11.35509593 32.77548433
4.7 -1.290377691 -0.660980344 -1.051241902 3.601239358 -1.051241902 -3.139237042 -1.01579269 -36.32836124 35.43054208 -10.667907 101.4996404 -42.31329513 4.725676212 52.47266196 11.40520748 32.78582372
4.733333333 -1.338663406 -0.674226449 -1.024025785 3.617073112 -1.024025785 -3.157641156 -1.049202536 -37.76877273 35.97901628 -12.75988715 101.5078139 -44.02622384 5.456699818 51.79212421 11.47303721 32.7941231
4.766666667 -1.391831428 -0.686101596 -0.993675726 3.634762018 -0.993675726 -3.175085588 -1.081358291 -39.2102151 36.42183427 -14.95753196 101.517765 -45.62118992 6.181290445 51.03081192 11.55870498 32.80079258
4.8 -1.44899663 -0.696382898 -0.961142309 3.654066071 -0.961142309 -3.191470867 -1.112009423 -40.63578968 36.76123695 -17.2301603 101.5304299 -47.09306954 6.892942711 50.20092294 11.66168608 32.8060064
4.833333333 -1.509207503 -0.704931185 -0.927428595 3.674651422 -0.927428595 -3.206741978 -1.141020207 -42.02873827 37.00192416 -19.54626076 101.5459697 -48.43993061 7.586811373 49.31408172 11.78081844 32.80961984
4.866666667 -1.571540588 -0.711721794 -0.893497459 3.696112105 -0.893497459 -3.220881124 -1.168340913 -43.37341147 37.15071617 -21.87525415 101.5640847 -49.66348488 8.25954792 48.38091687 11.91437889 32.81117017
4.9 -1.63519005 -0.716854952 -0.860160851 3.718012163 -0.860160851 -3.233896435 -1.193964376 -44.65610176 37.2162207 -24.18904595 101.5842682 -50.76956712 8.908945297 47.41074631 12.06024149 32.8099343
4.933333333 -1.699541781 -0.720537386 -0.827975444 3.739947498 -0.827975444 -3.245815988 -1.217896325 -45.86566036 37.20849337 -26.46326594 101.6059816 -51.76801037 9.533410974 46.41154083 12.21607083 32.80498095
4.966666667 -1.764187891 -0.72304215 -0.797202461 3.76159962 -0.797202461 -3.256689568 -1.240159086 -46.99389394 37.13868523 -28.67824782 101.6287374 -52.67178325 10.13136918 45.39024551 12.37945613 32.79521784
5 -1.828876251 -0.724668692 -0.767860409 3.78275712 -0.767860409 -3.266591183 -1.260809809 -48.03578805 37.01867127 -30.81975443 101.6521032 -53.49581213 10.70073451 44.353401 12.54795512 32.77947043
5.033333333 -1.89344365 -0.725725271 -0.739824907 3.80330851 -0.739824907 -3.275616033 -1.279941953 -48.98954932 36.86062355 -32.87927161 101.6756963 -54.25603828 11.23868903 43.30765288 12.71911951 32.75657589
5.066666667 -1.957774472 -0.72652926 -0.712909923 3.823226461 -0.712909923 -3.283872168 -1.29766718 -49.85644636 36.67650914 -34.85371091 101.6992267 -54.96872243 11.74188254 42.25978286 12.89056552 32.72544048
5.1 -2.021791081 -0.727397174 -0.686911484 3.842557867 -0.686911484 -3.291471789 -1.314100623 -50.64045248 36.47756202 -36.74449371 101.722573 -55.64963606 12.20679996 41.21640029 13.06007297 32.68506657
5.133333333 -2.085469731 -0.728621131 -0.661622601 3.8614105 -0.661622601 -3.298525454 -1.329363175 -51.34765288 36.27381101 -38.55603387 101.7458344 -56.31319682 12.62999273 40.1836182 13.22567974 32.63460597
5.166666667 -2.148859613 -0.7304455 -0.636823684 3.879932031 -0.636823684 -3.3051401 -1.343592005 -51.98540994 36.07374113 -40.29379211 101.7693093 -56.97169895 13.00823456 39.1669707 13.38575772 32.57345111
5.2 -2.212067466 -0.733047637 -0.612264633 3.89829566 -0.612264633 -3.311419589 -1.356946404 -52.56139566 35.88414018 -41.96228002 101.7934069 -57.63448755 13.33879268 38.17176481 13.53905663 32.50133572
5.233333333 -2.275205182 -0.736535005 -0.587664533 3.916688532 -0.587664533 -3.317464851 -1.369602033 -53.08266508 35.71014302 -43.56335968 101.8185421 -58.30706376 13.61978711 37.2038534 13.68470405 32.41842307
5.266666667 -2.338319709 -0.740960614 -0.562736184 3.93529343 -0.562736184 -3.323376435 -1.381734566 -53.55491502 35.55545383 -45.09500193 101.8450715 -58.99048621 13.85048232 36.27042275 13.82215382 32.32536146
5.3 -2.40131096 -0.746335872 -0.537231109 3.95426864 -0.537231109 -3.329260448 -1.393500921 -53.98199816 35.42266961 -46.55054662 101.8732835 -59.68143645 14.03144115 35.38028857 13.9510775 32.22329612
5.333333333 -2.463858024 -0.752633121 -0.511001201 3.973729135 -0.511001201 -3.335227585 -1.405023685 -54.36572075 35.31358032 -47.91849704 101.9034034 -60.37282803 14.164564 34.54367839 14.0712194 32.11384568
5.366666667 -2.525386554 -0.75978693 -0.484054502 3.993736852 -0.484054502 -3.341380534 -1.41637844 -54.70592158 35.22936295 -49.18285961 101.9355975 -61.05461994 14.25303145 33.77178566 14.18226509 31.99905733
5.4 -2.585094162 -0.767696255 -0.456570238 4.014306681 -0.456570238 -3.347800839 -1.42758341 -55.00080539 35.17068704 -50.32398837 101.9699858 -61.71474085 14.30114013 33.07623469 14.28377135 31.88133332
5.433333333 -2.642027905 -0.776221559 -0.428865413 4.035410151 -0.428865413 -3.354542966 -1.438596924 -55.24750047 35.1377999 -51.31988681 102.0066419 -62.340053 14.31403146 32.46855527 14.37516448 31.76330688
5.466666667 -2.695184592 -0.78517975 -0.40133458 4.056959523 -0.40133458 -3.361629936 -1.449328716 -55.44275524 35.13062154 -52.14786048 102.0455666 -62.9172743 14.29732545 31.9596684 14.45578195 31.64769159
5.5 -2.743607741 -0.794351762 -0.374383467 4.078784816 -0.374383467 -3.369046103 -1.459657337 -55.58361903 35.14883004 -52.78629825 102.0866425 -63.4339127 14.25673392 31.55924001 14.52494697 31.53714834
5.533333333 -2.786465197 -0.803506394 -0.348370445 4.10062728 -0.348370445 -3.376730381 -1.469440169 -55.66795585 35.19191939 -53.21632268 102.1295956 -63.87907552 14.19776447 31.27502602 14.58208062 31.43416925
5.566666667 -2.823094468 -0.812425991 -0.323568652 4.122157138 -0.323568652 -3.384573999 -1.478520534 -55.69471441 35.25922556 -53.42308239 102.1739854 -64.24396668 14.12551063 31.11240818 14.62683734 31.34096815
5.6 -2.853026837 -0.82092741 -0.300151907 4.142997358 -0.300151907 -3.392425903 -1.48674721 -55.66397539 35.34992146 -53.39656528 102.2192252 -64.52224305 14.04448704 31.07398127 14.65922046 31.25938427
5.633333333 -2.875996781 -0.828878033 -0.27819786 4.162737898 -0.27819786 -3.400106414 -1.493997853 -55.57682549 35.46298915 -53.13193792 102.2646065 -64.71031151 13.95854141 31.15916066 14.6796234 31.19081616
5.666666667 -2.891927521 -0.83619828 -0.257701885 4.180957891 -0.257701885 -3.407424842 -1.500179971 -55.43509698 35.59718579 -52.62946776 102.3093049 -64.80737131 13.8708422 31.36400995 14.68878151 31.13620012
5.7 -2.900910965 -0.842852755 -0.238597441 4.197262251 -0.238597441 -3.414198425 -1.505212754 -55.24104922 35.75102545 -51.89412339 102.3523917 -64.81521115 13.78391715 31.6813333 14.68767595 31.09599789
5.733333333 -2.903190442 -0.848844457 -0.22078185 4.211303249 -0.22078185 -3.420273153 -1.509021031 -54.99706663 35.92277983 -50.93498992 102.3928768 -64.73783549 13.69973388 32.10107194 14.67743026 31.07016588
5.766666667 -2.899124283 -0.854211457 -0.204150185 4.222781504 -0.204150185 -3.425538895 -1.511548953 -54.70541225 36.1104827 -49.76461989 102.4297942 -64.58092672 13.61977955 32.61097195 14.65921208 31.05815124
5.8 -2.889131539 -0.859017129 -0.18863644 4.231452322 -0.18863644 -3.429928679 -1.512774489 -54.36807204 36.31194087 -48.39838918 102.4623299 -64.35133308 13.54510767 33.19726409 14.63414354 31.05895389
5.833333333 -2.873639746 -0.863339363 -0.174246399 4.237139115 -0.174246399 -3.433408244 -1.51271574 -53.98669122 36.52476036 -46.85387063 102.4899525 -64.05670871 13.47635806 33.84526432 14.60322508 31.07122899
5.866666667 -2.853050248 -0.867262418 -0.161056215 4.239743238 -0.161056215 -3.435970261 -1.511429031 -53.56256026 36.74638406 -45.15020017 102.5125101 -63.70520875 13.41376767 34.53994347 14.56730006 31.09338619
5.9 -2.827728195 -0.870867984 -0.149176751 4.239254346 -0.149176751 -3.437635274 -1.509000053 -53.09661358 36.97413015 -43.30741688 102.5302961 -63.30515998 13.35717906 35.26642601 14.52708353 31.12368016
5.933333333 -2.798014572 -0.874234512 -0.138716693 4.235755746 -0.138716693 -3.438451809 -1.505538678 -52.58943982 37.20521037 -41.34578064 102.5441001 -62.86474343 13.3060153 36.01041039 14.48321868 31.16030451
5.966666667 -2.764268696 -0.87745406 -0.129759839 4.229411128 -0.129759839 -3.438491474 -1.501180081 -52.04132946 37.4367185 -39.28507674 102.555236 -62.39181555 13.2592122 36.75850877 14.43631423 31.20146269
6 -2.726937904 -0.880659068 -0.122345499 4.220436777 -0.122345499 -3.437840534 -1.496077012 -51.45237209 37.66559766 -37.14393038 102.5654921 -61.89386677 13.21518108 37.49850721 14.38695134 31.24538777
6.033333333 -2.68660628 -0.884041544 -0.116455608 4.209076497 -0.116455608 -3.436593043 -1.490382262 -50.82257792 37.88858742 -34.93920195 102.5769601 -61.37788782 13.17187204 38.21959987 14.33565378 31.29035761
6.066666667 -2.643980391 -0.88785007 -0.11201963 4.195588575 -0.11201963 -3.434850123 -1.484241254 -50.15198372 38.10216612 -32.68555784 102.5917773 -60.85006213 13.12692324 38.91258341 14.28283682 31.33477187
6.1 -2.599824542 -0.892362029 -0.108925929 4.180238206 -0.108925929 -3.432724774 -1.477799808 -49.44071817 38.30253607 -30.39524872 102.6118476 -60.31549379 13.0778364 39.57001572 14.2287818 31.3772719
6.133333333 -2.554883955 -0.897846075 -0.107028082 4.163279731 -0.107028082 -3.430347525 -1.471213195 -48.68902503 38.48566756 -28.07805685 102.6385871 -59.77806336 13.02214887 40.1865063 14.17364875 31.41682621
6.166666667 -2.509823114 -0.904534351 -0.106158527 4.144929929 -0.106158527 -3.427867105 -1.464646273 -47.89727262 38.64736161 -25.74136838 102.6727116 -59.24028575 12.95757011 40.75915901 14.11748897 31.45274649
6.2 -2.4651924 -0.912605263 -0.106158882 4.125357949 -0.106158882 -3.425441387 -1.458261979 -47.06599872 38.78329645 -23.39034369 102.7140586 -58.70309641 12.88206187 41.28791401 14.06023415 31.48465456
6.233333333 -2.421424626 -0.922170229 -0.106912025 4.104701309 -0.106912025 -3.423221805 -1.452203102 -46.19601342 38.88904655 -21.02816607 102.7614465 -58.16568827 12.79394112 41.77557657 14.00167571 31.51241925
6.266666667 -2.378851818 -0.933264539 -0.108353586 4.083095768 -0.108353586 -3.421341423 -1.446576191 -45.28851476 38.96007338 -18.65633339 102.8125878 -57.62573538 12.69206269 42.227357 13.94146073 31.53608009
6.3 -2.337732614 -0.945849359 -0.110454626 4.060696793 -0.110454626 -3.419907639 -1.441442026 -44.34516356 38.99168452 -16.27493658 102.8640421 -57.07996059 12.57597323 42.65004084 13.87913033 31.55579242
6.333333333 -2.298282356 -0.95983612 -0.113190091 4.037663051 -0.113190091 -3.418991985 -1.436809532 -43.36813398 38.97894344 -13.88289558 102.9111834 -56.524298 12.44597707 43.05147977 13.81420135 31.57180123
6.366666667 -2.260697779 -0.975122117 -0.116516009 4.014119365 -0.116516009 -3.418620043 -1.432626152 -42.36017203 38.91653836 -11.47816305 102.9482111 -55.95317637 12.30332529 43.44085178 13.74626014 31.584428
6.4 -2.225178452 -0.991609253 -0.120360989 3.990144194 -0.120360989 -3.41877328 -1.428771072 -41.32465403 38.79868998 -9.057927387 102.9682849 -55.35829082 12.15067284 43.8293485 13.67503875 31.59407261
6.433333333 -2.191946494 -1.009199889 -0.12462112 3.965770347 -0.12462112 -3.419403934 -1.425071402 -40.26561396 38.61921877 -6.618881965 102.9638103 -54.72777396 11.99256347 44.23059781 13.60045936 31.60122086
6.466666667 -2.161249703 -1.027786388 -0.129144227 3.940966171 -0.129144227 -3.420451688 -1.42134585 -39.18759371 38.37182025 -4.157464712 102.9267364 -54.04650786 11.83556366 44.66041673 13.52263278 31.60643213
6.5 -2.133328224 -1.047253997 -0.133697391 3.915609581 -0.133697391 -3.421852 -1.417450915 -38.09512978 38.05050847 -1.669843832 102.8486676 -53.29737813 11.68777151 45.13598102 13.44181186 31.61032003
6.533333333 -2.10833942 -1.067496907 -0.13795018 3.889495507 -0.13795018 -3.42353548 -1.413299425 -36.99210587 37.6502903 0.847926378 102.7209075 -52.46317911 11.55774702 45.6742783 13.3583477 31.61356933
6.566666667 -2.086262692 -1.088425149 -0.141522244 3.862394516 -0.141522244 -3.425426236 -1.40885046 -35.88148973 37.16810645 3.398855777 102.5347227 -51.52915603 11.45332346 46.28968382 13.27268987 31.61699361
6.6 -2.066817595 -1.10995603 -0.144080435 3.83413186 -0.144080435 -3.427443536 -1.404090782 -34.76553017 36.60373273 5.983399662 102.2817773 -50.48538895 11.38071904 46.99148356 13.18539127 31.62159548
6.633333333 -2.049426432 -1.132003904 -0.145417413 3.804643899 -0.145417413 -3.429501449 -1.399018109 -33.64612343 35.96028382 8.598173934 101.9545499 -49.32821175 11.344037 47.78235039 13.09706222 31.62859402
6.666666667 -2.033254141 -1.154472178 -0.145474359 3.773996505 -0.145474359 -3.431506319 -1.39362844 -32.52521258 35.24424911 11.23536251 101.5467592 -48.06075374 11.34511893 48.65799097 13.00828207 31.63938544
6.7 -2.017319491 -1.177243619 -0.144325311 3.742373751 -0.144325311 -3.433358824 -1.38790228 -31.40521541 34.46513005 13.88273913 101.053846 -46.69274277 11.38369233 49.60778299 12.91949833 31.65543236
6.733333333 -2.000616401 -1.200171846 -0.142148466 3.710054773 -0.142148466 -3.434956144 -1.381774463 -30.28941959 33.6347972 16.52414383 100.473471 -45.23958384 11.45772719 50.61600719 12.83094269 31.67814211
6.766666667 -1.98221065 -1.223083217 -0.139182715 3.677386437 -0.139182715 -3.436189462 -1.375095622 -29.18225373 32.76674667 19.14029125 99.80594402 -43.72101314 11.56393595 51.66324937 12.74262131 31.70877578
6.8 -1.961336161 -1.245794438 -0.135670884 3.644745126 -0.135670884 -3.436949474 -1.367622281 -28.08941967 31.87540416 21.70982024 99.0544793 -42.15961944 11.69831844 52.72790625 12.65442092 31.7483502
6.833333333 -1.937490161 -1.268138096 -0.13181968 3.612487037 -0.13181968 -3.437144133 -1.35905328 -27.01790285 30.97553438 24.21045157 98.22522258 -40.57932587 11.85661909 53.78776879 12.56628684 31.79751756
6.866666667 -1.910488934 -1.289983296 -0.127791018 3.580899035 -0.127791018 -3.436710756 -1.349092397 -25.97583685 30.08176322 26.62010682 97.32706121 -39.00397537 12.03462959 54.82142112 12.47838909 31.8564669
6.9 -1.880477873 -1.311240588 -0.123699752 3.550173716 -0.123699752 -3.435614192 -1.337508748 -24.97220953 29.20820162 28.91789732 96.37125326 -37.45621798 12.2283563 55.80929307 12.39123314 31.92487353
6.933333333 -1.847904734 -1.331847155 -0.119603609 3.520422264 -0.119603609 -3.433841392 -1.324185647 -24.01643065 28.36814004 31.08493133 95.37094432 -35.95671214 12.43411257 56.73440619 12.30569591 32.00189458
6.966666667 -1.813447054 -1.351748947 -0.115504581 3.491696939 -0.115504581 -3.431398714 -1.30915817 -23.11780601 27.57376871 33.10489434 94.34067145 -34.52353445 12.64859053 57.5828388 12.22296125 32.08620424
7 -1.777904575 -1.370896248 -0.111373207 3.464002079 -0.111373207 -3.428312283 -1.292629321 -22.28499711 26.8358997 34.96440341 93.29590978 -33.17182077 12.86889887 58.34392661 12.1443607 32.17606805
7.033333333 -1.742101731 -1.389245501 -0.107181782 3.437321498 -0.107181782 -3.424632672 -1.274956127 -21.52555714 26.16371797 36.65317109 92.25265025 -31.91364012 13.09252086 59.01032303 12.07117712 32.26945729
7.066666667 -1.706827388 -1.406760135 -0.102932322 3.411666247 -0.102932322 -3.420437703 -1.256613385 -20.84560573 25.56462095 38.16396648 91.22699401 -30.75799607 13.3171799 59.57791408 12.00447495 32.36418372
7.1 -1.672793164 -1.423412806 -0.098671208 3.3871006 -0.098671208 -3.415822853 -1.23814841 -20.249637 25.04419165 39.49234412 90.23477168 -29.71106928 13.54062615 60.04539028 11.94499861 32.45803606
7.133333333 -1.640598322 -1.439185013 -0.094477883 3.363735074 -0.094477883 -3.410883085 -1.220135464 -19.74042361 24.60631104 40.63618739 89.29120276 -28.77680111 13.76038844 60.41362895 11.89316525 32.54891215
7.166666667 -1.610716325 -1.454056508 -0.090427765 3.341713288 -0.090427765 -3.405700358 -1.203136188 -19.31901008 24.25336099 41.59516734 88.4106254 -27.95759172 13.97352607 60.68519217 11.84913774 32.63492743
7.2 -1.583499409 -1.467991381 -0.08655416 3.321201869 -0.08655416 -3.400339516 -1.187670316 -18.98478711 23.98643898 42.37021919 87.60632 -27.25498333 14.17644229 60.86385881 11.81291875 32.71448876
7.233333333 -1.559184934 -1.480934658 -0.082830112 3.302373257 -0.082830112 -3.394846841 -1.174198364 -18.7356251 23.80553988 42.9631154 86.89039456 -26.67019459 14.36489285 60.95428025 11.78441695 32.78634234
7.266666667 -1.537901281 -1.492811896 -0.079171755 3.285383904 -0.079171755 -3.389252789 -1.163113273 -18.56808068 23.70970164 43.37615808 86.27366863 -26.20418383 14.53421926 60.96196673 11.76346539 32.8495961
7.3 -1.519664927 -1.503522113 -0.075459457 3.270358651 -0.075459457 -3.383579802 -1.154733599 -18.47769365 23.69709802 43.61197196 85.76551417 -25.85731572 14.67972496 60.89331953 11.74979187 32.90372619
7.333333333 -1.504367199 -1.512942135 -0.071567579 3.257386417 -0.071567579 -3.377849669 -1.149295686 -18.45935213 23.76505671 43.67340419 85.373645 -25.6289872 14.79713378 60.75552616 11.74297419 32.94858572
7.366666667 -1.491783554 -1.520953292 -0.067387006 3.246530626 -0.067387006 -3.37208884 -1.146944362 -18.50767909 23.91002428 43.56357877 85.10387173 -25.51739421 14.88299572 60.55641474 11.74243159 32.98439921
7.4 -1.481628698 -1.527471488 -0.062834504 3.237848002 -0.062834504 -3.366332629 -1.147721787 -18.61738456 24.12752387 43.28612781 84.95984908 -25.51948225 14.93490809 60.30424131 11.74747434 33.0117176
7.433333333 -1.473627847 -1.532463048 -0.057854944 3.231395092 -0.057854944 -3.360624461 -1.151563116 -18.78354632 24.41213178 42.84553103 84.94284266 -25.63090543 14.95162718 60.0074943 11.7573815 33.03134654
7.466666667 -1.467559452 -1.535947089 -0.052419837 3.227212211 -0.052419837 -3.355006709 -1.158306412 -19.0018096 24.75747635 42.24745043 85.05155262 -25.84587659 14.93319145 59.67473044 11.77146165 33.0442731
7.5 -1.463265245 -1.537989623 -0.046519583 3.225300805 -0.046519583 -3.349510291 -1.167713035 -19.2685034 25.15626568 41.49898464 85.28202137 -26.15711056 14.88102437 59.31429443 11.7890889 33.05159031
7.533333333 -1.460647305 -1.538692493 -0.0401545 3.22561199 -0.0401545 -3.344153646 -1.179490516 -19.58067169 25.60036245 40.60879239 85.62764235 -26.55594382 14.79790324 58.93404356 11.80972982 33.05441171
7.566666667 -1.459662864 -1.538184642 -0.033336883 3.228052058 -0.033336883 -3.338949517 -1.193307669 -19.93601392 26.08091883 39.58703388 86.07930629 -27.03253123 14.68774403 58.54120975 11.8329639 33.05378547
7.6 -1.460329025 -1.536616904 -0.026101116 3.232512585 -0.026101116 -3.333910191 -1.208798154 -20.33275582 26.58859544 38.44509554 86.62569482 -27.57612081 14.55528231 58.14231437 11.85849556 33.05062533
7.633333333 -1.462742118 -1.534155327 -0.018502736 3.238906706 -0.018502736 -3.32904687 -1.225562815 -20.76949122 27.11389868 37.19512303 87.25366423 -28.17541631 14.40576209 57.74310084 11.88615696 33.0456678
7.666666667 -1.467083648 -1.530979299 -0.010598687 3.247164336 -0.010598687 -3.324367786 -1.243179318 -21.24499308 27.64762358 35.84943298 87.94866214 -28.8189615 14.24466283 57.34848793 11.91588987 33.03945456
7.7 -1.473582736 -1.527285476 -0.002423912 3.257188472 -0.002423912 -3.319882075 -1.261218047 -21.75800028 28.18133803 34.41983967 88.69516751 -29.49546623 14.07744414 56.96253435 11.94770183 33.03234
7.733333333 -1.482451597 -1.523286748 0.00601608 3.268822567 0.00601608 -3.315607353 -1.279266564 -22.30706904 28.70783546 32.91692315 89.47715766 -30.19413558 13.90928225 56.5883684 11.98161415 33.02452407
7.766666667 -1.493828799 -1.519201122 0.01473439 3.281851367 0.01473439 -3.311573774 -1.296960657 -22.8905602 29.22148546 31.34935854 90.27860469 -30.90526618 13.74479723 56.22794655 12.0176226 33.01610518
7.8 -1.507748368 -1.515226838 0.023742877 3.296029706 0.023742877 -3.307824077 -1.314003639 -23.50673156 29.71843581 29.72346579 91.08401873 -31.62095469 13.58784559 55.88184907 12.05568456 33.00712627
7.833333333 -1.524150385 -1.511506587 0.033026964 3.311126875 0.033026964 -3.304412776 -1.330163209 -24.15388783 30.19665584 28.04306272 91.87903059 -32.33534685 13.44140928 55.5494812 12.09572772 32.99757648
7.866666667 -1.542926536 -1.508103726 0.042524074 3.326960209 0.042524074 -3.301403436 -1.345256622 -24.83055316 30.65579343 26.30967341 92.65093292 -33.04458502 13.30750781 55.22937028 12.13766295 32.98736583
7.9 -1.563971182 -1.505004407 0.05212359 3.343407412 0.05212359 -3.298862259 -1.359136798 -25.53561187 31.09681479 24.52309026 93.38908606 -33.74675656 13.18717678 54.91935809 12.18139825 32.97631923
7.933333333 -1.587220687 -1.502130803 0.061688091 3.360418627 0.061688091 -3.296851895 -1.371684216 -26.26836802 31.52148413 22.68215572 94.08516156 -34.44140415 13.08056778 54.61703195 12.22685745 32.96420275
7.966666667 -1.612678169 -1.499356107 0.071077263 3.37802768 0.071077263 -3.295428134 -1.382807541 -27.02849752 31.93180817 20.78559273 94.73322715 -35.12863998 12.98708072 54.32023106 12.27400632 32.95076582
8 -1.640426514 -1.49652561 0.080163829 3.396335776 0.080163829 -3.294635074 -1.392454661 -27.81591677 32.32955327 18.8327401 95.32966765 -35.80848062 12.90551567 54.02731361 12.32286616 32.93576449
8.033333333 -1.67062444 -1.493480186 0.088843047 3.415468599 0.088843047 -3.294497688 -1.400630239 -28.6306133 32.71588658 16.82410037 95.87295527 -36.48057845 12.83427234 53.73725429 12.37347682 32.91896079
8.066666667 -1.703481447 -1.490073051 0.097037077 3.435534727 0.097037077 -3.295018376 -1.407410023 -29.47245572 33.09114444 14.76168693 96.36331552 -37.14420458 12.77153987 53.44960203 12.42581141 32.9001309
8.1 -1.739225774 -1.486175561 0.104696716 3.456605777 0.104696716 -3.29618114 -1.412941484 -30.34100336 33.45472105 12.64917583 96.80233931 -37.7983497 12.71542837 53.16428029 12.47969809 32.87908466
8.133333333 -1.77807949 -1.481676932 0.111808281 3.478717802 0.111808281 -3.297958786 -1.417427265 -31.2353393 33.80507568 10.49186774 97.19258191 -38.44189384 12.66404454 52.88133078 12.53480508 32.85567097
8.166666667 -1.820246468 -1.476484855 0.118406443 3.501879286 0.118406443 -3.300315526 -1.421098353 -32.15392262 34.13985457 8.296501914 97.53718816 -39.07380999 12.61552949 52.60076948 12.59069492 32.82976027
8.2 -1.865909601 -1.470529857 0.124583318 3.526069512 0.124583318 -3.303201982 -1.424188314 -33.09444853 34.45610543 6.070986277 97.83956311 -39.69335302 12.56808759 52.32257852 12.64691287 32.80121786
8.233333333 -1.915221581 -1.463772689 0.130485078 3.551225527 0.130485078 -3.306547036 -1.426914191 -34.05371633 34.75053989 3.82407175 98.10308501 -40.30017129 12.52003613 52.04671025 12.70307015 32.76988365
8.266666667 -1.968280278 -1.456211299 0.136293766 3.577237949 0.136293766 -3.310254649 -1.42946218 -35.02751197 35.01979299 1.564978737 98.33086546 -40.89424928 12.46984944 51.77306819 12.75889832 32.735574
8.3 -2.025103121 -1.447887274 0.142199841 3.603965489 0.142199841 -3.314212303 -1.43197885 -36.01055428 35.26063936 -0.696989961 98.52555425 -41.47573493 12.41619051 51.50149982 12.81427221 32.69811413
8.333333333 -2.085618947 -1.438892126 0.148376917 3.631245196 0.148376917 -3.318308665 -1.434568644 -36.99658436 35.47015477 -2.952823173 98.68918246 -42.0448302 12.35800808 51.23169176 12.86920858 32.65737779
8.366666667 -2.149673115 -1.429369529 0.154968482 3.658884485 0.154968482 -3.322448401 -1.437291583 -37.97861199 35.64582659 -5.194152826 98.82305591 -42.60188486 12.29473001 50.96279601 12.92384191 32.61331066
8.4 -2.217043144 -1.419508895 0.162087519 3.686659538 0.162087519 -3.326556143 -1.440160832 -38.94926851 35.78560894 -7.413569622 98.9277137 -43.14762299 12.22644054 50.69302471 12.9783869 32.56593884
8.433333333 -2.287484197 -1.409529233 0.169824447 3.71433527 0.169824447 -3.330572262 -1.443147029 -39.90121686 35.88793503 -9.604866942 99.0029661 -43.6832549 12.15387688 50.41970529 13.03312016 32.51535927
8.466666667 -2.360804098 -1.399660305 0.17825929 3.741681754 0.17825929 -3.334446973 -1.44619049 -40.82758546 35.95170406 -11.76316685 99.04799036 -44.21044261 12.07821873 50.13982587 13.08839473 32.46168757
8.5 -2.436927988 -1.390124774 0.187472183 3.768477174 0.187472183 -3.338137858 -1.449215634 -41.72241217 35.97624856 -13.88495721 99.06141664 -44.73128468 12.00078685 49.85066259 13.14464695 32.40497117
8.533333333 -2.51592882 -1.381122731 0.197554715 3.794516536 0.197554715 -3.341610275 -1.452139565 -42.58105304 35.96132318 -15.96811333 99.04140917 -45.2483275 11.92276778 49.55017626 13.20236898 32.34513729
8.566666667 -2.598042122 -1.372833571 0.208632238 3.819614831 0.208632238 -3.344834576 -1.454869493 -43.40046081 35.90717136 -18.01193013 98.98583905 -45.76443693 11.84503836 49.23716499 13.26207132 32.28199157
8.6 -2.683654003 -1.365432551 0.220884664 3.843589786 0.220884664 -3.347778163 -1.457294441 -44.17927137 35.81466121 -20.017164 98.89258159 -46.28245979 11.76808369 48.91129492 13.32425122 32.21522467
8.633333333 -2.773228769 -1.35908847 0.23453671 3.866256465 0.23453671 -3.350397458 -1.459286429 -44.91770425 35.68543265 -21.98604388 98.75987848 -46.80484946 11.69194828 48.57305883 13.38936864 32.14445115
8.666666667 -2.867209779 -1.353935114 0.249816658 3.88745209 0.249816658 -3.352635377 -1.460718768 -45.61732921 35.52198967 -23.92214365 98.58670572 -47.33347532 11.61623179 48.22357655 13.45783527 32.06929351
8.7 -2.965939511 -1.350042689 0.266914086 3.907065225 0.266914086 -3.354428483 -1.461490087 -46.28074517 35.32768467 -25.83002576 98.37310139 -47.86963451 11.5401724 47.86419719 13.53000081 31.98945433
8.733333333 -3.069589247 -1.347399702 0.28595337 3.925052526 0.28595337 -3.355722479 -1.461542127 -46.91117258 35.10658503 -27.71465619 98.1204035 -48.41407676 11.46276223 47.4961412 13.60611149 31.90477063
8.766666667 -3.17809823 -1.345900799 0.306967952 3.941443788 0.306967952 -3.356486649 -1.460871663 -47.51199439 34.86324544 -29.58069485 97.83135509 -48.96691872 11.38285211 47.1204161 13.6862376 31.8152601
8.8 -3.29113912 -1.345344572 0.329866802 3.956335646 0.329866802 -3.356719994 -1.459533675 -48.08635085 34.6024278 -31.43184237 97.51006037 -49.52758518 11.29931957 46.73785941 13.77018469 31.72112305
8.833333333 -3.408107888 -1.345450795 0.354416055 3.969873822 0.354416055 -3.356448775 -1.457628585 -48.63685597 34.32883692 -33.27038776 97.16181494 -50.09490606 11.21129865 46.34909098 13.85741759 31.62270605
8.866666667 -3.528145574 -1.3458981 0.380258077 3.982223371 0.380258077 -3.355717796 -1.455277573 -49.16545035 34.04693237 -35.09702827 96.79283317 -50.66722795 11.11834921 45.95450388 13.94704419 31.52046288
8.9 -3.650196585 -1.346366098 0.406956441 3.993534886 0.406956441 -3.354579905 -1.452600082 -49.6734155 33.76082906 -36.9109917 96.40988058 -51.24235496 11.02051161 45.55449625 14.03788184 31.41491801
8.933333333 -3.77307606 -1.346567806 0.434037675 4.003913907 0.434037675 -3.353090508 -1.449707295 -50.16154835 33.47426868 -38.7103941 96.0198592 -51.81743675 10.9182701 45.14977282 14.12857301 31.3066415
8.966666667 -3.895523877 -1.346271361 0.461018778 4.013398816 0.461018778 -3.351313071 -1.446711889 -50.6304211 33.19064108 -40.49265821 95.62943538 -52.38907593 10.81243428 44.74147301 14.21771241 31.19623959
9 -4.016255844 -1.345308163 0.487432218 4.021967655 0.487432218 -3.349330783 -1.443736078 -51.08062101 32.9130298 -42.25480626 95.24476408 -52.95363099 10.7039744 44.33122844 14.30398031 31.08434675
9.033333333 -4.134024296 -1.343569659 0.512857164 4.029567516 0.512857164 -3.347249607 -1.440904385 -51.51292244 32.64425174 -43.99353997 94.87129313 -53.50743685 10.5939014 43.92128159 14.38627056 30.97160974
9.066666667 -4.247672873 -1.341008269 0.536951703 4.036125178 0.536951703 -3.34518785 -1.438329689 -51.92839724 32.38686936 -45.70514129 94.51361077 -54.04684527 10.48322749 43.51455975 14.46376753 30.85867953
9.1 -4.356172903 -1.337648932 0.559478162 4.041539749 0.559478162 -3.343260329 -1.43610326 -52.32843294 32.14317002 -47.38523482 94.17534571 -54.56822581 10.37294984 43.11460383 14.53594613 30.746239
9.133333333 -4.458658445 -1.333599154 0.580314191 4.045694926 0.580314191 -3.341563564 -1.434284919 -52.71462463 31.9151226 -49.02843312 93.85916318 -55.06801541 10.26403236 42.72540419 14.60253526 30.63503922
9.166666667 -4.554467116 -1.329043477 0.599443208 4.048491788 0.599443208 -3.340167171 -1.432894667 -53.08858236 31.70433521 -50.62796426 93.56686261 -55.5427752 10.15740894 42.35122457 14.66350138 30.52588723
9.2 -4.643167172 -1.324219444 0.616927249 4.049869929 0.616927249 -3.339116484 -1.431920467 -53.45174001 31.5120402 -52.17545217 93.29952642 -55.98925618 10.05399431 41.99642486 14.71904961 30.41959722
9.233333333 -4.724559298 -1.31938289 0.632874644 4.049808527 0.632874644 -3.338440416 -1.431340377 -53.80522953 31.33911105 -53.6609784 93.05765089 -56.40452212 9.954672974 41.66527199 14.76958398 30.31695187
9.266666667 -4.798654668 -1.314772424 0.647420486 4.048326966 0.647420486 -3.338155766 -1.431137699 -54.14981442 31.18611172 -55.07341644 92.84121644 -56.78610068 9.860259676 41.36176484 14.81560511 30.21869062
9.3 -4.865634106 -1.310580886 0.660730536 4.045486698 0.660730536 -3.338269213 -1.431301019 -54.48582134 31.05339908 -56.40090616 92.64970957 -57.13211494 9.771440703 41.08949253 14.8576049 30.12552414
9.333333333 -4.925798657 -1.306942879 0.673011973 4.041385517 0.673011973 -3.338779047 -1.431816211 -54.8130196 30.94126166 -57.63130918 92.48215203 -57.44137458 9.688712637 40.8515487 14.89601431 30.03816503
9.366666667 -4.979522315 -1.303940041 0.684504756 4.036156642 0.684504756 -3.339673492 -1.43265821 -55.13044282 30.85002109 -58.75252332 92.33718219 -57.71336883 9.612323539 40.65056159 14.93119403 29.95734141
9.4 -5.027212517 -1.301612422 0.695449392 4.029976242 0.695449392 -3.340926183 -1.433789931 -55.43620189 30.78005283 -59.75259446 92.21318889 -57.94817826 9.542200112 40.4888218 14.9634187 29.88374418
9.433333333 -5.06927504 -1.299969221 0.70604525 4.023055803 0.70604525 -3.342496127 -1.435167876 -55.72735621 30.73174422 -60.6196266 92.10846221 -58.14642483 9.47786852 40.36840404 14.99281651 29.81791835
9.466666667 -5.106069301 -1.298998699 0.716415401 4.015613668 0.716415401 -3.344334719 -1.436744041 -55.99987585 30.70541745 -61.34156677 92.02132336 -58.30922673 9.418451512 40.29122805 15.01927295 29.76018937
9.5 -5.13786276 -1.298672274 0.726587227 4.007853506 0.726587227 -3.346393901 -1.438458843 -56.24871301 30.70124336 -61.90599609 91.95023072 -58.43798506 9.362793507 40.25908887 15.04236695 29.71067024
9.533333333 -5.164812559 -1.29894527 0.736486479 3.99995729 0.736486479 -3.348631452 -1.440232752 -56.46800086 30.71917821 -62.30004803 91.89387429 -58.53398617 9.309635794 40.27371933 15.06141141 29.66930394
9.566666667 -5.186966218 -1.299762258 0.745940342 3.992074551 0.745940342 -3.351013244 -1.441961841 -56.65138004 30.75894944 -62.51058154 91.85125628 -58.59808048 9.257765741 40.3367511 15.07558389 29.63590711
9.6 -5.204268702 -1.301064525 0.754695834 3.984314674 0.754695834 -3.353511488 -1.44351281 -56.79243503 30.82011129 -62.52471398 91.82174168 -58.63073686 9.206154513 40.44935823 15.08407431 29.61022666
9.633333333 -5.216586238 -1.302799709 0.762457816 3.97675054 0.762457816 -3.356098813 -1.444719826 -56.88518003 30.90216847 -62.33067477 91.80505856 -58.6323502 9.154080596 40.61178605 15.08619803 29.59200966
9.666666667 -5.223735994 -1.30493775 0.768934554 3.969414843 0.768934554 -3.358740932 -1.445391019 -56.92449446 31.00472605 -61.91881612 91.80125041 -58.60342822 9.101189496 40.82310248 15.08146354 29.58105493
9.7 -5.225509592 -1.307481831 0.77387174 3.962285116 0.77387174 -3.361389697 -1.445324905 -56.90642995 31.12759838 -61.28258978 91.81059914 -58.54462866 9.047484435 41.08115269 15.06961449 29.57721233
9.733333333 -5.221700437 -1.310459686 0.777066978 3.955272306 0.777066978 -3.363975607 -1.44433038 -56.82828577 31.27081893 -60.41905898 91.83353874 -58.45672373 8.993280118 41.38265095 15.05065806 29.58033105
9.766666667 -5.212138337 -1.313900296 0.778372614 3.948214133 0.778372614 -3.366401539 -1.442241615 -56.68834921 31.43453327 -59.32844821 91.87058506 -58.34031849 8.939135978 41.72344999 15.02485747 29.59020806
9.8 -5.196731145 -1.317817968 0.77769479 3.94086254 0.77769479 -3.368543713 -1.438929349 -56.48548877 31.61877504 -58.01325887 91.92226261 -58.19535449 8.885768052 42.09891542 14.99267296 29.60658421
9.833333333 -5.175519785 -1.322220734 0.774993218 3.932866926 0.774993218 -3.370264058 -1.434315231 -56.21896414 31.82315714 -56.47804689 91.98896809 -58.02084852 8.833921099 42.50424295 14.95468414 29.62916899
9.866666667 -5.1487262 -1.32713618 0.770285692 3.923768514 0.770285692 -3.37143255 -1.428381871 -55.88847586 32.04658972 -54.72978873 92.07077818 -57.81516028 8.784227939 42.93460686 14.91153226 29.65766727
9.9 -5.116751456 -1.332635243 0.76365042 3.913006065 0.76365042 -3.371951247 -1.421172196 -55.49424511 32.28713191 -52.77812075 92.16727937 -57.57652052 8.737134151 43.38515302 14.86388073 29.69182015
9.933333333 -5.080123567 -1.338842759 0.755216445 3.899919408 0.755216445 -3.371770198 -1.412789288 -55.03707467 32.54198702 -50.63529883 92.27745486 -57.30341173 8.692885879 43.85093844 14.81237987 29.73144584
9.966666667 -5.039425058 -1.345932141 0.74514787 3.883754085 0.74514787 -3.370893932 -1.403408798 -54.51842113 32.80758364 -48.31596498 92.39959939 -56.99474105 8.651527729 44.32695521 14.75762878 29.77644721
10 -4.995224491 -1.35410569 0.733637419 3.863693727 0.733637419 -3.369379835 -1.393291029 -53.94046288 33.07968941 -45.83677334 92.53125194 -56.64997898 8.612931822 44.80831988 14.70012964 29.8267915
10.03333333 -4.948049417 -1.363567156 0.720912335 3.838940369 0.720912335 -3.36732746 -1.382765704 -53.30616107 33.35355159 -43.21599229 92.66919204 -56.26938258 8.57688168 45.29049596 14.64023984 29.88247445
10.06666667 -4.89842094 -1.374495569 0.707239119 3.808818382 0.707239119 -3.364865393 -1.37219028 -52.61930771 33.62409185 -40.47313381 92.8095348 -55.85426257 8.543156179 45.76934067 14.57813201 29.94346491
10.1 -4.846910892 -1.387028789 0.692916286 3.772845134 0.692916286 -3.362142799 -1.361905552 -51.88448219 33.88616227 -37.62852254 92.94790317 -55.4071119 8.511561174 46.24100808 14.51377664 30.00964596
10.13333333 -4.794163059 -1.401258842 0.678255907 3.730742116 0.678255907 -3.359322995 -1.352202813 -51.10681878 34.13481716 -34.7027096 93.07963957 -54.93141295 8.481912825 46.70193065 14.44696894 30.08079209
10.16666667 -4.740862115 -1.417232876 0.663561901 3.68241655 0.663561901 -3.35657637 -1.343308988 -50.29161416 34.36554197 -31.71575076 93.20001457 -54.43117443 8.45400765 47.14894655 14.37740629 30.15659812
10.2 -4.687682654 -1.434957659 0.649114659 3.627948493 0.649114659 -3.354071499 -1.33538848 -49.44390572 34.57441142 -28.68643515 93.30438974 -53.91035113 8.427596702 47.57948796 14.30479197 30.23673204
10.23333333 -4.635245886 -1.454408215 0.635164167 3.567582219 0.635164167 -3.351963902 -1.328552141 -48.56813284 34.75815612 -25.6315478 93.38830819 -53.37217884 8.402343052 47.99180273 14.22891786 30.32086061
10.26666667 -4.584067132 -1.475531123 0.621923979 3.501712 0.621923979 -3.350386348 -1.322868741 -47.66795117 34.91411167 -22.56528692 93.44750169 -52.81858054 8.377799907 48.38510179 14.14968389 30.40863578
10.3 -4.534481531 -1.498237267 0.609560084 3.430863584 0.609560084 -3.349440101 -1.318377417 -46.74621207 35.04006238 -19.49895278 93.47784224 -52.24980916 8.353484313 48.75955306 14.06706086 30.49968347
10.33333333 -4.486579034 -1.522393397 0.598172096 3.355670273 0.598172096 -3.349182706 -1.315097256 -45.80510769 35.13398989 -16.44094597 93.47527487 -51.66430927 8.329074533 49.11631507 13.98102662 30.59360872
10.36666667 -4.440173463 -1.547812043 0.587769373 3.276863845 0.587769373 -3.34961641 -1.313032587 -44.84648888 35.1937315 -13.39710785 93.43575834 -51.05885432 8.304770041 49.4577234 13.89148272 30.69000881
10.4 -4.394828619 -1.574230874 0.578265193 3.195319217 0.578265193 -3.350684193 -1.312171804 -43.87226643 35.21667692 -10.37140277 93.35528103 -50.42892061 8.281679149 49.78748598 13.79818354 30.78850234
10.43333333 -4.349979462 -1.601297018 0.569506305 3.112120488 0.569506305 -3.352274521 -1.31247522 -42.88475547 35.19968449 -7.366786416 93.22997865 -49.76913657 8.261883008 50.11067562 13.70074077 30.88873588
10.46666667 -4.305086654 -1.628580706 0.561309917 3.028553453 0.561309917 -3.354235099 -1.313861418 -41.88686431 35.1392506 -4.386070141 93.05626515 -49.07379779 8.248139747 50.4334143 13.59870754 30.99034548
10.5 -4.259697729 -1.655615891 0.553475845 2.945998623 0.553475845 -3.356390397 -1.316208503 -40.88206725 35.03185564 -1.432668693 92.83090774 -48.33730658 8.243486522 50.76235262 13.49169704 31.09295354
10.53333333 -4.21344142 -1.681958625 0.545787509 2.8657755 0.545787509 -3.358550798 -1.319363325 -39.87423763 34.87440859 1.488862386 92.55106235 -47.55437038 8.250787605 51.10402708 13.37950724 31.19621084
10.56666667 -4.166057655 -1.707262339 0.53802949 2.788991473 0.53802949 -3.360517833 -1.323140282 -38.86749577 34.66469632 4.37253747 92.21428893 -46.72033401 8.27227878 51.46416112 13.26221769 31.29979609
10.6 -4.117433395 -1.731349367 0.530023839 2.716450033 0.530023839 -3.362097809 -1.32730852 -37.8660659 34.4017384 7.210851868 91.81856878 -45.83195085 8.309294277 51.84708567 13.14023033 31.40340202
10.63333333 -4.067597037 -1.754239294 0.521669225 2.648645995 0.521669225 -3.363112508 -1.331580888 -36.87410019 34.08601306 9.994833691 91.36238392 -44.88812808 8.362156083 52.25530933 13.01429123 31.50676878
10.66666667 -4.016725281 -1.776121866 0.512966797 2.585811256 0.512966797 -3.363397131 -1.335620423 -35.8956004 33.71955135 12.71420613 90.84487325 -43.89023121 8.430148469 52.68919109 12.88552636 31.60969525
10.7 -3.96518024 -1.797298509 0.504026893 2.527966315 0.504026893 -3.362801972 -1.339071894 -34.93453518 33.30587044 15.35765151 90.26601775 -42.84195273 8.511639334 53.14688747 12.75544798 31.71198289
10.73333333 -3.913514099 -1.818114873 0.495057322 2.4749662 0.495057322 -3.361206595 -1.341609204 -33.99505312 32.84974539 17.91316371 89.62685267 -41.74866813 8.604370517 53.6247302 12.62588476 31.81336601
10.76666667 -3.862426853 -1.838894955 0.486331617 2.426537793 0.486331617 -3.358533065 -1.34297864 -33.08163736 32.35689678 20.36845373 88.92974134 -40.61640003 8.705860659 54.11790184 12.49885277 31.91346137
10.8 -3.812707525 -1.859880781 0.478141279 2.382307273 0.478141279 -3.354753191 -1.343026297 -32.19911419 31.83371105 22.71134741 88.17867937 -39.45090864 8.813805439 54.62119713 12.37641105 32.01173952
10.83333333 -3.76515923 -1.881177915 0.470746585 2.341825509 0.470746585 -3.349896948 -1.341711658 -31.35251827 31.28706413 24.93011503 87.37952914 -38.2573558 8.926386906 55.12966288 12.26052244 32.10753546
10.86666667 -3.720523135 -1.902724413 0.464341688 2.304600945 0.464341688 -3.344057785 -1.339107216 -30.54688867 30.7242237 27.01373086 86.54010551 -37.04065642 9.042482535 55.63890102 12.15293036 32.20010098
10.9 -3.679438945 -1.924304136 0.459043346 2.27014506 0.459043346 -3.337386249 -1.33538472 -29.78707093 30.15277004 28.95212122 85.67008934 -35.80632396 9.161681485 56.14500832 12.05507152 32.28867291
10.93333333 -3.642431144 -1.945586859 0.454897485 2.23802157 0.454897485 -3.33007275 -1.330796809 -29.07755846 29.58051539 30.73643817 84.78076877 -34.56130597 9.284086495 56.64430494 11.96802954 32.37253744
10.96666667 -3.609883024 -1.966162334 0.451887497 2.207879014 0.451887497 -3.322321056 -1.325658403 -28.42237035 29.01542472 32.35932285 83.88464587 -33.31438426 9.410031602 57.13304134 11.89251316 32.45110016
11 -3.582000817 -1.985567131 0.449938643 2.179459906 0.449938643 -3.31432028 -1.320328075 -27.82496641 28.46552638 33.81508045 82.99498851 -32.0762778 9.539724528 57.60722075 11.82884631 32.52395663
11.03333333 -3.558792453 -2.00332148 0.44892441 2.152602673 0.44892441 -3.306229405 -1.315188051 -27.28821944 27.93880445 35.09967619 82.12539994 -30.85963842 9.67288064 58.06248928 11.77696782 32.59091532
11.06666667 -3.540070648 -2.018980897 0.448680452 2.127253492 0.448680452 -3.298176675 -1.31061682 -26.81443355 27.44308711 36.21048034 81.28944341 -29.67885147 9.808589816 58.49397412 11.73645477 32.6519533
11.1 -3.525477685 -2.032184632 0.449027266 2.103491302 0.449027266 -3.290266954 -1.306953463 -26.4053653 26.98595168 37.145765 80.50032123 -28.54967263 9.945410067 58.89620294 11.70659131 32.70714444
11.13333333 -3.514522359 -2.042676631 0.449795513 2.081557534 0.449795513 -3.28258773 -1.304464685 -26.06222312 26.57463446 37.90407528 79.77060654 -27.48883493 10.08143782 59.26327278 11.68648531 32.75660635
11.16666667 -3.506630642 -2.050299196 0.45084364 2.061865781 0.45084364 -3.275206437 -1.303328535 -25.78566248 26.21588243 38.48371956 79.11204667 -26.5137242 10.21432089 59.58915213 11.67521387 32.80047413
11.2 -3.50121993 -2.054977144 0.45206654 2.044964804 0.45206654 -3.268164916 -1.303635843 -25.57582906 25.91568603 38.88260865 78.53543403 -25.64200357 10.34134359 59.86805145 11.67195253 32.83887756
11.23333333 -3.497774358 -2.056705398 0.45340558 2.031450483 0.45340558 -3.261479637 -1.305402641 -25.43247353 25.67890643 39.09846606 78.05050714 -24.89082369 10.45957014 60.09494368 11.6760329 32.87191556
11.26666667 -3.49588302 -2.055545187 0.454860597 2.021848176 0.454860597 -3.255145397 -1.308591066 -25.35510706 25.50889212 39.12922973 77.6658402 -24.2755655 10.56600716 60.2661402 11.6869156 32.89964812
11.3 -3.495246847 -2.051625919 0.456492078 2.01651343 0.456492078 -3.249139245 -1.313130424 -25.34316979 25.40719514 38.97346331 77.38868017 -23.80867167 10.65782628 60.37968963 11.70411959 32.92211573
11.33333333 -3.495682697 -2.045149267 0.458410689 2.015593608 0.458410689 -3.243425828 -1.318923987 -25.39619801 25.37344626 38.63070529 77.22470032 -23.49911649 10.73264559 60.43548654 11.72716091 32.93937605
11.36666667 -3.497117098 -2.036399005 0.46075735 2.019043837 0.46075735 -3.23796547 -1.32583694 -25.5139626 25.40538541 38.10172634 77.17768619 -23.35236008 10.78878403 60.43512634 11.7555224 32.95155095
11.4 -3.499560433 -2.025750962 0.463675296 2.026670737 0.463675296 -3.232725514 -1.333677349 -25.69655016 25.49900417 37.388686 77.24923305 -23.37035978 10.8254148 60.38158392 11.78865778 32.95888253
11.43333333 -3.503092327 -2.013657854 0.467280155 2.038200702 0.467280155 -3.227691145 -1.342188978 -25.94438555 25.64875904 36.49523241 77.43854192 -23.55152484 10.84260687 60.27882259 11.82604571 32.96176379
11.46666667 -3.507870424 -2.000596907 0.471638558 2.053360836 0.471638558 -3.222870569 -1.351063261 -26.25820438 25.84782708 35.42658939 77.74235158 -23.89067643 10.84126535 60.13142473 11.86728793 32.96070731
11.5 -3.51413241 -1.987005546 0.47676459 2.071929011 0.47676459 -3.218293701 -1.35996631 -26.63897718 26.08837052 34.18961206 78.15500155 -24.37913498 10.82300372 59.94432453 11.91219609 32.95626478
11.53333333 -3.522180081 -1.973232607 0.48263619 2.093728151 0.48263619 -3.214005076 -1.368577747 -27.08778832 26.36180936 32.79274753 78.66860669 -25.00507268 10.7899846 59.72266046 11.96081485 32.94892807
11.56666667 -3.532365922 -1.95950626 0.489225994 2.118590426 0.489225994 -3.210055651 -1.376635136 -27.60564439 26.65916076 31.2458426 79.27333465 -25.75412857 10.74475911 59.47163404 12.01339152 32.93903876
11.6 -3.545085016 -1.945914643 0.496532707 2.146325932 0.496532707 -3.206498911 -1.383972158 -28.19317376 26.97148301 29.55979254 79.9577723 -26.61012785 10.69013782 59.19635416 12.07032825 32.92674326
11.63333333 -3.560754753 -1.932411318 0.504590891 2.176699143 0.504590891 -3.203386989 -1.39053898 -28.85026323 27.29034999 27.74610306 80.70931855 -27.55581921 10.62911633 58.90175376 12.13211953 32.91200971
11.66666667 -3.579778667 -1.918856303 0.513450744 2.209412756 0.513450744 -3.200764986 -1.396398129 -29.57575975 27.60822397 25.81647106 81.51452818 -28.57366332 10.56483836 58.59256231 12.19926097 32.89467972
11.7 -3.602499322 -1.905075865 0.523145602 2.244117418 0.523145602 -3.198674588 -1.401698918 -30.36731362 27.9186545 23.78245938 82.35940675 -29.646657 10.50053881 58.27319846 12.27212402 32.87453412
11.73333333 -3.629151178 -1.890911511 0.533669184 2.280449821 0.533669184 -3.197170642 -1.406641989 -31.22134664 28.21631346 21.65528331 83.22972165 -30.7590752 10.43945918 57.94749115 12.3508116 32.8513676
11.76666667 -3.659833089 -1.876246408 0.54497319 2.318076532 0.54497319 -3.196334516 -1.411447918 -32.13310965 28.49692418 19.44569827 84.11136397 -31.8968581 10.38472975 57.61839172 12.43504954 32.82504836
11.8 -3.69450198 -1.861012128 0.556975865 2.356724458 0.556975865 -3.19627148 -1.41633814 -33.09680366 28.75714674 17.16398953 84.99072968 -33.04752137 10.33917173 57.28793719 12.52416466 32.79555219
11.83333333 -3.732978777 -1.845178937 0.569563463 2.396189151 0.569563463 -3.197101978 -1.421529465 -34.1057445 28.99445229 14.82005888 85.85507066 -34.19994142 10.30508854 56.95743943 12.61714662 32.76298697
11.86666667 -3.774969042 -1.828741929 0.582592387 2.436318068 0.582592387 -3.198957871 -1.427238393 -35.15255456 29.20698994 12.42357759 86.6927888 -35.34433729 10.2841641 56.62765473 12.71276054 32.7276077
11.9 -3.820098395 -1.811723725 0.595906358 2.476977206 0.595906358 -3.201977953 -1.433684279 -36.22936113 29.39343587 9.98415253 87.4936675 -36.47227773 10.27744731 56.29887881 12.80967099 32.68981015
11.93333333 -3.867959382 -1.794197107 0.609358302 2.518020119 0.609358302 -3.206297089 -1.441085483 -37.32799176 29.55282979 7.511454917 88.24903894 -37.57649495 10.28535194 55.97110127 12.90654642 32.65009947
11.96666667 -3.918165544 -1.776310059 0.622829561 2.559272008 0.622829561 -3.212030711 -1.449651226 -38.44016291 29.68443141 5.01530874 88.95187929 -38.65068383 10.30768069 55.64420142 13.00214665 32.60904906
12 -3.970399428 -1.758294961 0.63625212 2.600527527 0.63625212 -3.219257407 -1.459565793 -39.55764201 29.7876318 2.505727468 89.59682002 -39.68943018 10.34369225 55.31812969 13.0954047 32.56726568
12.03333333 -4.024433447 -1.740452312 0.649625398 2.641558869 0.649625398 -3.228004991 -1.470966376 -40.67236307 29.86194025 -0.007180769 90.18007147 -40.68809791 10.3921731 54.99311246 13.1854783 32.52536002
12.06666667 -4.080111603 -1.723114127 0.6630139 2.682125573 0.6630139 -3.238245826 -1.483933491 -41.7764965 29.90703257 -2.513483324 90.69925554 -41.64265699 10.45149683 54.66981427 13.27173912 32.48392492
12.1 -4.137305692 -1.706607343 0.676530875 2.721972024 0.676530875 -3.249906541 -1.498506926 -42.86251574 29.92282309 -5.003856874 91.15316168 -42.54961791 10.51970455 54.3493591 13.35371244 32.4435122
12.13333333 -4.19586655 -1.691232288 0.690321724 2.760821939 0.690321724 -3.262890625 -1.514711058 -43.92332157 29.90954163 -7.470176547 91.54148821 -43.40612508 10.5946262 54.03320316 13.43101707 32.40459737
12.16666667 -4.255589227 -1.677252774 0.704548497 2.798395147 0.704548497 -3.277098392 -1.53256194 -44.95245786 29.86781347 -9.906200327 91.86463108 -44.2101549 10.67402524 53.72293404 13.50334455 32.36754553
12.2 -4.316208821 -1.664890909 0.719370952 2.834437003 0.719370952 -3.292430959 -1.552048045 -45.94440794 29.79875169 -12.30822888 92.12355492 -44.96075097 10.75573952 53.42007883 13.57047635 32.33258925
12.23333333 -4.377425252 -1.654328295 0.734934945 2.868725254 0.734934945 -3.308780136 -1.57309937 -46.89489344 29.70406298 -14.67558796 92.31977139 -45.65830242 10.83781088 53.12591402 13.63231978 32.29981553
12.26666667 -4.438943162 -1.64571459 0.751384121 2.901055018 0.751384121 -3.326013292 -1.595566585 -47.80107583 29.58611685 -17.0107798 92.45540754 -46.3048059 10.91858405 52.84128988 13.68895716 32.26914408
12.3 -4.500511801 -1.63917787 0.768890737 2.931229704 0.768890737 -3.343961815 -1.619224268 -48.66162277 29.4479325 -19.31923574 92.53330785 -46.90391829 10.99674892 52.5665081 13.74071143 32.24028214
12.33333333 -4.561947435 -1.634825277 0.787685979 2.959067527 0.787685979 -3.362419879 -1.643800708 -49.47665109 29.29308648 -21.60870548 92.55711 -47.46078525 11.07137941 52.3011968 13.78820964 32.2126818
12.36666667 -4.623122024 -1.632728079 0.808074873 2.984415694 0.808074873 -3.381155271 -1.669027985 -50.24755295 29.12554291 -23.8883794 92.53125031 -47.98183164 11.14211112 52.04413781 13.83239744 32.18554069
12.4 -4.683923425 -1.632902488 0.830425883 3.007164363 0.830425883 -3.399931716 -1.694697699 -50.97671857 28.94941873 -26.16789302 92.46089084 -48.47446601 11.20947824 51.79313924 13.87447861 32.15783364
12.43333333 -4.744214696 -1.635295557 0.855120346 3.027258852 0.855120346 -3.418542288 -1.720704203 -51.66720574 28.76874488 -28.45638164 92.3517751 -48.94646277 11.27513883 51.54509431 13.91579415 32.12833726
12.46666667 -4.803811235 -1.639780041 0.882460989 3.044702375 0.882460989 -3.436842497 -1.747061454 -52.32241914 28.5872619 -30.76169864 92.21000306 -49.40516508 11.34174405 51.296243 13.95765715 32.09567163
12.5 -4.86248075 -1.646163415 0.912578559 3.059548603 0.912578559 -3.454764507 -1.773883473 -52.94580483 28.40826455 -33.08962639 92.041771 -49.85690548 11.41252936 51.04253747 14.00118319 32.05839675
12.53333333 -4.919967538 -1.654201958 0.945388616 3.071911521 0.945388616 -3.472304753 -1.801323788 -53.54056516 28.23452275 -35.44299812 91.85314864 -50.30675464 11.49082437 50.78000584 14.04719422 32.01513515
12.56666667 -4.976032004 -1.663610778 0.980612421 3.081996518 0.980612421 -3.489491796 -1.829492743 -54.10954582 28.0682392 -37.82155019 91.64985299 -50.75859774 11.57967268 50.50490921 14.09622665 31.96467785
12.6 -5.030483367 -1.674075233 1.017832484 3.090110376 1.017832484 -3.50635291 -1.858399043 -54.65533561 27.91100615 -40.22285298 91.4370187 -51.21556262 11.68168831 50.21356636 14.14860021 31.90607434
12.63333333 -5.083194914 -1.685263989 1.056546358 3.096629942 1.056546358 -3.522893804 -1.887939644 -55.18032732 27.76381923 -42.64307451 91.21909634 -51.68051608 11.79903892 49.90214316 14.20450098 31.83872444
12.66666667 -5.134113364 -1.69683922 1.096203592 3.101955451 1.096203592 -3.539088891 -1.917912648 -55.68660167 27.62716054 -45.07682546 90.99987573 -52.15620905 11.93335574 49.56679402 14.26404572 31.76245567
12.7 -5.183270581 -1.708468476 1.136232811 3.106475625 1.136232811 -3.554875874 -1.948028192 -56.175721 27.50109054 -47.51658225 90.78252563 -52.64496931 12.08553601 49.20415641 14.32729237 31.67754946
12.73333333 -5.230787447 -1.719843021 1.176071129 3.110549872 1.176071129 -3.5701536 -1.977919796 -56.64849306 27.3853261 -49.95207652 90.56964458 -53.14818945 12.2555365 48.81191364 14.39418538 31.58471306
12.76666667 -5.276852621 -1.730697851 1.215191427 3.114499799 1.215191427 -3.584786566 -2.007161251 -57.10474001 27.27930627 -52.36974762 90.36334432 -53.66588637 12.44225566 48.38923848 14.46445861 31.485025
12.8 -5.321675909 -1.740825174 1.253109642 3.118602805 1.253109642 -3.598618098 -2.035291148 -57.54317067 27.18225605 -54.75244608 90.1653496 -54.19643752 12.64354314 47.93709829 14.53752723 31.37988003
12.83333333 -5.365434289 -1.750078103 1.28937166 3.123086842 1.28937166 -3.61148198 -2.061845456 -57.96147331 27.09327566 -57.07968611 89.97709708 -54.73652793 12.85632527 47.45839755 14.61239332 31.27095085
12.86666667 -5.408222316 -1.758368148 1.323541882 3.128125877 1.323541882 -3.623204599 -2.086388381 -58.35663176 27.01145269 -59.32858811 89.79981039 -55.28129824 13.07681127 46.95793693 14.68759955 31.16017556
12.9 -5.450008932 -1.765664838 1.355211459 3.133831076 1.355211459 -3.633607162 -2.108534003 -58.72533316 26.93595869 -61.47527772 89.63453659 -55.82463773 13.30074122 46.44219738 14.76128394 31.04976144
12.93333333 -5.490605097 -1.772003482 1.384021921 3.140235505 1.384021921 -3.642517149 -2.127961183 -59.06425036 26.86615139 -63.49581869 89.48223721 -56.35957959 13.52364906 45.91903282 14.83135257 30.94216676
12.96666667 -5.529652311 -1.777494603 1.409685733 3.147287687 1.409685733 -3.649783499 -2.144421726 -59.37000258 26.80177198 -65.36549319 89.34408815 -56.87874899 13.74111967 45.3974421 14.89570733 30.84002662
13 -5.566637672 -1.782325312 1.431998926 3.154863481 1.431998926 -3.655288694 -2.157742613 -59.63897987 26.74319214 -67.05736921 89.22182088 -57.37481683 13.9490026 44.88737546 14.9524477 30.74604018
13.03333333 -5.600932059 -1.786755879 1.450862861 3.162772354 1.450862861 -3.658961166 -2.167826824 -59.86744315 26.69153111 -68.54262263 89.11771532 -57.84093209 14.14355396 44.39931822 15.00001757 30.66284172
13.06666667 -5.631851529 -1.791108886 1.466312715 3.170753924 1.466312715 -3.660790275 -2.174650895 -60.05189663 26.64859006 -69.79272757 89.03424505 -58.27108891 14.32153291 43.94363005 15.03729214 30.59284298
13.1 -5.658751562 -1.795725612 1.47850781 3.178504307 1.47850781 -3.660836284 -2.178258223 -60.18946542 26.61666968 -70.78183722 88.97368066 -58.66039433 14.48029259 43.52987319 15.06358442 30.53804117
13.13333333 -5.681138935 -1.800886236 1.487669052 3.185732153 1.487669052 -3.659227435 -2.178755438 -60.27814488 26.5983374 -71.48858501 88.93782699 -59.00522288 14.61785595 43.16630625 15.07859872 30.49982827
13.16666667 -5.69873701 -1.806746691 1.494019884 3.192189329 1.494019884 -3.656144436 -2.176314448 -60.31684666 26.59621127 -71.89723856 88.92792039 -59.30322695 14.73294767 42.85958238 15.08241256 30.47887017
13.2 -5.711467454 -1.81333796 1.497771302 3.197655333 1.497771302 -3.651802718 -2.171174897 -60.30524721 26.61277419 -71.99824635 88.94463967 -59.55323101 14.82497726 42.61462094 15.07548496 30.47509691
13.23333333 -5.71938303 -1.820608587 1.499129993 3.201907071 1.499129993 -3.646442148 -2.163642909 -60.24355445 26.65018409 -71.78834179 88.98815853 -59.7550658 14.89399295 42.43463373 15.05860336 30.48778726
13.26666667 -5.722600089 -1.828471095 1.498302085 3.20470633 1.498302085 -3.640320716 -2.154081671 -60.13229704 26.71007235 -71.27034268 89.0581925 -59.90928028 14.9406078 42.32133855 15.03274794 30.51570899
13.3 -5.721260703 -1.836831102 1.495493542 3.205816268 1.495493542 -3.633705156 -2.142892689 -59.97219056 26.7933742 -70.45271306 89.15403824 -60.01676074 14.96587645 42.27528015 14.99895505 30.55727588
13.33333333 -5.715523451 -1.845588383 1.490918682 3.205029278 1.490918682 -3.626858934 -2.130495705 -59.76408927 26.90026995 -69.34896767 89.27463088 -60.07852884 14.97114958 42.2960127 14.95825235 30.61069692
13.36666667 -5.705560149 -1.85462569 1.484807014 3.202172494 1.484807014 -3.620030176 -2.117312056 -59.50901161 27.03026328 -67.97704367 89.41860857 -60.09579756 14.95795246 42.38210267 14.91163592 30.67410938
13.4 -5.691537686 -1.863813923 1.477389718 3.197088115 1.477389718 -3.613440715 -2.103747949 -59.20822123 27.18232939 -66.35870789 89.58434205 -60.0700571 14.92790383 42.53112472 14.86001533 30.7456979
13.43333333 -5.673575459 -1.873032907 1.468874545 3.189618652 1.468874545 -3.607276545 -2.090175588 -58.86331537 27.35507261 -64.51894742 89.76993007 -60.00311027 14.88269039 42.73966768 14.80412735 30.82381051
13.46666667 -5.651694499 -1.88219164 1.459429359 3.179613774 1.459429359 -3.601680824 -2.076916471 -58.47623618 27.54687069 -62.48521858 89.97319729 -59.89711121 14.82407344 43.00334495 14.74448101 30.9070588
13.5 -5.62577546 -1.891239235 1.449173551 3.166953246 1.449173551 -3.596752368 -2.064234985 -58.04912963 27.75594226 -60.28645631 90.19171902 -59.75462177 14.75389517 43.31684318 14.68136648 30.99437221
13.53333333 -5.595533505 -1.900162521 1.438166488 3.151583031 1.438166488 -3.592548469 -2.052341284 -57.58404968 27.98025057 -57.95184437 90.4228928 -59.57871926 14.67411511 43.67391269 14.61490144 31.08500276
13.56666667 -5.560540048 -1.90897952 1.426391137 3.133562017 1.426391137 -3.589089527 -2.041393496 -57.0826153 28.21722052 -55.50947399 90.66404153 -59.37298758 14.58685588 44.06738063 14.54505338 31.17846615
13.6 -5.520291383 -1.917741186 1.413741171 3.113094478 1.413741171 -3.586366564 -2.031498621 -56.54579385 28.46335381 -52.98513801 90.91247586 -59.14118001 14.49437277 44.48941321 14.47156948 31.27439869
13.63333333 -5.474268715 -1.926527053 1.400031024 3.090506524 1.400031024 -3.584346126 -2.022715686 -55.97390755 28.71393686 -50.4015076 91.16549231 -58.88681315 14.39896375 44.93193204 14.39381686 31.3724022
13.66666667 -5.421985267 -1.935418628 1.385044507 3.066159504 1.385044507 -3.58296882 -2.015057932 -55.36686008 28.9630388 -47.77781474 91.42036138 -58.61298752 14.30289012 45.38699938 14.31064669 31.47196438
13.7 -5.363062971 -1.944470527 1.368610485 3.040351832 1.368610485 -3.582151073 -2.008493707 -54.7245457 29.20384776 -45.13002702 91.67433987 -58.32227282 14.20829621 45.84718646 14.22040989 31.57243373
13.73333333 -5.297320301 -1.953702663 1.350674362 3.013263617 1.350674362 -3.581793659 -2.00295083 -54.04731275 29.429263 -42.47134465 91.92470469 -58.01657063 14.11710987 46.30587436 14.12117455 31.67301857
13.76666667 -5.224831115 -1.963110925 1.331331169 2.984964047 1.331331169 -3.581790162 -1.99832904 -53.33631197 29.63259865 -39.8127791 92.16879977 -57.69706814 14.03095442 46.75743202 14.01108468 31.77283392
13.8 -5.14596158 -1.972684272 1.31080535 2.955477464 1.31080535 -3.582035378 -1.99452229 -52.5936651 29.80822083 -37.16367119 92.40408882 -57.36422566 13.95109547 47.19735098 13.88872974 31.8709931
13.83333333 -5.061392596 -1.982423077 1.289405697 2.924869462 1.289405697 -3.582437275 -1.99144003 -51.82246054 29.95198281 -34.53206655 92.62820667 -57.0178763 13.87844159 47.62227644 13.75343177 31.96670288
13.86666667 -4.972102959 -1.992359998 1.267493619 2.89329779 1.267493619 -3.582930041 -1.989012165 -51.02657157 30.06139962 -31.92484414 92.83900494 -56.65755604 13.8135808 48.02985916 13.60541924 32.05933606
13.9 -4.879284622 -2.002574488 1.245465235 2.861011298 1.245465235 -3.583482726 -1.987184215 -50.21027516 30.13553578 -29.34754561 93.03463576 -56.28278469 13.75680024 48.41855894 13.44587162 32.14849511
13.93333333 -4.784217788 -2.013186688 1.22372851 2.828322347 1.22372851 -3.584098563 -1.98591683 -49.37767593 30.17462041 -26.80395805 93.21374394 -55.89311415 13.70811095 48.78749199 13.27684547 32.2340745
13.96666667 -4.688177875 -2.024323178 1.202663366 2.795585519 1.202663366 -3.584806032 -1.985188183 -48.53207548 30.17946355 -24.29561242 93.37570537 -55.48802895 13.66730443 49.13636984 13.10110633 32.31625481
14 -4.592358337 -2.036047651 1.18256089 2.763191561 1.18256089 -3.585646137 -1.984999384 -47.67550497 30.15078825 -21.82145484 93.52072278 -55.06674688 13.63400254 49.46552285 12.92184501 32.39539453
14.03333333 -4.497758313 -2.048285834 1.163567899 2.731542603 1.163567899 -3.586654021 -1.985379533 -46.80850748 30.08865743 -19.37787495 93.64969634 -54.62802011 13.60768855 49.77587897 12.74228439 32.4719208
14.06666667 -4.40508988 -2.06080818 1.145685553 2.700978917 1.145685553 -3.587840241 -1.986376958 -45.93012732 29.99218844 -16.95906404 93.76392482 -54.16995738 13.58771244 50.06890115 12.56529438 32.54628967
14.1 -4.314746206 -2.073277971 1.128823889 2.671695394 1.128823889 -3.589186672 -1.988041751 -45.03802551 29.8596225 -14.55755986 93.86468565 -53.68985412 13.57327933 50.3465495 12.39314606 32.61898941
14.13333333 -4.22678854 -2.085317801 1.112846378 2.643708493 1.112846378 -3.590654022 -1.990417194 -44.12865843 29.68867071 -12.1648966 93.95271134 -53.18417119 13.56346769 50.61126634 12.2274224 32.69057857
14.16666667 -4.140940714 -2.096570734 1.09756017 2.616887567 1.09756017 -3.592186176 -1.993538119 -43.197565 29.47699876 -9.77237499 94.02759453 -52.64865235 13.55723577 50.86599803 12.0690065 32.76174467
14.2 -4.056631319 -2.106757676 1.082697604 2.591034417 1.082697604 -3.593710764 -1.997416517 -42.23984843 29.22271363 -7.371938635 94.08720971 -52.07855874 13.55338553 51.11415596 11.91808757 32.83333067
14.23333333 -3.973104481 -2.115722817 1.067949707 2.565986292 1.067949707 -3.595143663 -2.002011433 -41.25082896 28.92477003 -4.957053525 94.12728242 -51.46915391 13.55056946 51.35935277 11.77420127 32.90629292
14.26666667 -3.889562557 -2.123452046 1.053028382 2.541693751 1.053028382 -3.596399989 -2.007210777 -40.22674878 28.58327774 -2.523475411 94.14121614 -50.81621805 13.54734323 51.60499677 11.63632969 32.98159881
14.3 -3.805286471 -2.130064493 1.037693013 2.51822584 1.037693013 -3.597408304 -2.012844459 -39.16542538 28.19969407 -0.069803258 94.12022844 -50.11624508 13.54222143 51.85406728 11.50304473 33.06011114
14.33333333 -3.719711542 -2.135790819 1.021740126 2.495713546 1.021740126 -3.598122279 -2.018711936 -38.06679689 27.77686805 2.402263582 94.05380677 -49.36656199 13.53381636 52.10909816 11.37267883 33.14250606
14.36666667 -3.632473058 -2.140947789 1.005005624 2.474287183 1.005005624 -3.598525539 -2.02460059 -36.933292 27.31892365 4.887961201 93.93050213 -48.5656524 13.52106541 52.37207361 11.24352961 33.22922757
14.4 -3.543450406 -2.145910981 0.987391583 2.454041399 0.987391583 -3.598629881 -2.030298326 -35.76998093 26.83102841 7.379680176 93.73901946 -47.71339794 13.50337323 52.64423096 11.1140949 33.32044356
14.43333333 -3.452811975 -2.151082446 0.968886436 2.435028101 0.968886436 -3.598468574 -2.035611038 -34.58452329 26.31913942 9.867239341 93.46940922 -46.81109522 13.48059651 52.92591763 10.98329933 33.41600052
14.46666667 -3.361033317 -2.156848517 0.949566765 2.417272709 0.949566765 -3.598086031 -2.040374877 -33.38690888 25.78979715 12.33817483 93.11411528 -45.86152303 13.4529763 53.21650326 10.85065927 33.51542428
14.5 -3.268868835 -2.163532805 0.929594207 2.400800913 0.929594207 -3.597528156 -2.044452368 -32.18897815 25.24995964 14.7780781 92.66872254 -44.86902557 13.4210683 53.51441934 10.71635281 33.61798079
14.53333333 -3.177283014 -2.171357881 0.909208277 2.385650287 0.909208277 -3.596837023 -2.047720529 -31.00375301 24.70683736 17.17098838 92.13234871 -43.83929493 13.38563261 53.81734294 10.58119712 33.72276176
14.56666667 -3.0873719 -2.180419108 0.888708809 2.37186209 0.888708809 -3.596047921 -2.050064595 -29.84463936 24.16774034 19.49983459 91.50766139 -42.77893574 13.34749299 54.12234174 10.4465695 33.82876474
14.6 -3.000294572 -2.190668413 0.868435712 2.359473674 0.868435712 -3.595187066 -2.051381548 -28.72457487 23.63995635 21.74696861 90.80051195 -41.69516768 13.30742638 54.42589122 10.31429945 33.93495659
14.63333333 -2.917192815 -2.201920715 0.848756099 2.348512438 0.848756099 -3.594269848 -2.051587112 -27.65516946 23.13061204 23.89481426 90.01924466 -40.59568468 13.26607128 54.72386731 10.18652347 34.0403347
14.66666667 -2.839087486 -2.213895661 0.830054413 2.3389786 0.830054413 -3.593299087 -2.050625453 -26.64588179 22.64645 25.92658845 89.17380102 -39.48838167 13.22369844 55.01160764 10.0654985 34.14400227
14.7 -2.766776211 -2.226275517 0.812706413 2.330836729 0.812706413 -3.592267171 -2.048489179 -25.70335656 22.19351917 27.8269897 88.27474664 -38.38088022 13.1798382 55.28405314 9.953391097 34.24523493
14.73333333 -2.700743622 -2.238747051 0.797030201 2.324043975 0.797030201 -3.591162337 -2.045239679 -24.83104233 21.77684939 29.58270778 87.33237663 -37.28001272 13.13315769 55.53593157 9.85205795 34.34352879
14.76666667 -2.641094946 -2.251026865 0.783241059 2.318588589 0.783241059 -3.58997149 -2.041008131 -24.02909972 21.4001933 31.18269957 86.356041 -36.19122072 13.08180698 55.76193827 9.762843446 34.43864698
14.8 -2.58754327 -2.26288617 0.771432224 2.31448752 0.771432224 -3.58867907 -2.035977709 -23.2945985 21.06585389 32.61837598 85.35367414 -35.11812551 13.02394581 55.95693423 9.68643001 34.53062959
14.83333333 -2.539446428 -2.274163123 0.761573839 2.311751686 0.761573839 -3.587267103 -2.030361317 -22.62199097 20.77456622 33.88388358 84.33144062 -34.06280828 12.95817884 56.11614449 9.622771579 34.61974889
14.86666667 -2.495868303 -2.284745099 0.753525906 2.310364093 0.753525906 -3.585717534 -2.024386493 -22.00374404 20.52543179 34.9764831 83.29354054 -33.02630773 12.88380774 56.23531391 9.571140215 34.70646636
14.9 -2.455669811 -2.294538018 0.747070866 2.310270775 0.747070866 -3.584016912 -2.018290789 -21.4310248 20.31594202 35.89690176 82.24222164 -32.00869116 12.80088659 56.31093214 9.530280974 34.79139512
14.93333333 -2.417628162 -2.30344987 0.741957074 2.311358356 0.741957074 -3.58216005 -2.012321966 -20.89440614 20.14213431 36.64954516 81.17790061 -31.00923386 12.71018531 56.34059596 9.498616437 34.87523484
14.96666667 -2.380545958 -2.311391079 0.737932796 2.313426012 0.737932796 -3.580148491 -2.006737387 -20.38452063 19.99891211 37.24244201 80.09927772 -30.02707688 12.61308465 56.3233352 9.474439431 34.95870322
15 -2.343301482 -2.318279577 0.734759453 2.316183713 0.734759453 -3.577987554 -2.001799368 -19.8925757 19.88051099 37.68679755 79.00340076 -29.06206391 12.51132234 56.25968867 9.456058645 35.04249656
15.03333333 -2.304827929 -2.324048053 0.732220718 2.319291014 0.732220718 -3.575684681 -1.997759553 -19.4106739 19.78102863 37.99614148 77.88571443 -28.11556852 12.4066266 56.15148348 9.441904405 35.12729651
15.06666667 -2.264089326 -2.328659404 0.730154272 2.322423322 0.730154272 -3.573245384 -1.99482965 -18.93191512 19.69490882 38.1852242 76.74019554 -27.19108287 12.30039547 56.00138748 9.430640113 35.21380542
15.1 -2.22012734 -2.332124474 0.728494001 2.325341307 0.728494001 -3.570667907 -1.993153537 -18.45033745 19.61726871 38.2689447 75.55965163 -26.29437702 12.19356209 55.81232078 9.421283302 35.30273966
15.13333333 -2.172139576 -2.334506309 0.727276741 2.327932397 0.727276741 -3.567942413 -1.992802954 -17.96077881 19.54400461 38.26152658 74.33616264 -25.43316849 12.0866216 55.58698098 9.413261632 35.39477194
15.16666667 -2.119504973 -2.335908487 0.726599876 2.330192171 0.726599876 -3.565054723 -1.99379545 -17.45868898 19.47171476 38.17592214 73.06159467 -24.61628321 11.97969958 55.32769151 9.406331283 35.49049891
15.2 -2.061763368 -2.336458366 0.726574781 2.332153879 0.726574781 -3.561992627 -1.996107393 -16.93993296 19.39754696 38.02332158 71.72814092 -23.85263974 11.87263969 55.03638115 9.400377202 35.59044515
15.23333333 -1.99860882 -2.336292139 0.727315387 2.333821801 0.727315387 -3.558755452 -1.999668928 -16.40072008 19.31905512 37.81274205 70.32880317 -23.15042273 11.76511024 54.71449261 9.3951849 35.69503864
15.26666667 -1.929912303 -2.33554563 0.728943207 2.335144863 0.728943207 -3.555362 -2.004355041 -15.83777657 19.23406625 37.55083587 68.85771184 -22.51651326 11.6566537 54.36284717 9.390266388 35.80456165
15.3 -1.855751047 -2.334347773 0.731579663 2.336024883 0.731579663 -3.551853522 -2.009988594 -15.24867172 19.14053979 37.2420298 67.31031163 -21.95605609 11.54660721 53.9815195 9.384799443 35.91913625
15.33333333 -1.776423847 -2.332808218 0.735321364 2.336337489 0.735321364 -3.548297791 -2.016357572 -14.63211708 19.03648584 36.88880061 65.68349242 -21.47172307 11.43384139 53.56959263 9.377679635 36.0387299
15.36666667 -1.692427761 -2.331010028 0.740207056 2.335929184 0.740207056 -3.544792109 -2.023234761 -13.98817807 18.91999924 36.49183462 63.97570388 -21.06236893 11.31641765 53.1244338 9.367592811 36.16313497
15.4 -1.604378735 -2.329021129 0.746207692 2.334586769 0.746207692 -3.541457619 -2.030388406 -13.31840533 18.78936693 36.05005782 62.18705123 -20.72135722 11.1914759 52.64069076 9.353028104 36.29193862
15.43333333 -1.51292948 -2.326910182 0.753270387 2.332044191 0.753270387 -3.538428164 -2.037583324 -12.62590116 18.64319988 35.56066359 60.31930765 -20.43536922 11.05554405 52.10995965 9.332266811 36.42451349
15.46666667 -1.418764816 -2.32475074 0.761402381 2.328062347 0.761402381 -3.535836093 -2.04457314 -11.91527526 18.48054297 35.0193739 58.37589709 -20.18490784 10.9052032 51.52150693 9.303471645 36.56002751
15.5 -1.322658859 -2.322614728 0.77074082 2.322518706 0.77074082 -3.533793837 -2.051088827 -11.19233405 18.30092846 34.42099124 56.36207426 -19.94657022 10.7378255 50.86363533 9.264955458 36.69745887
15.53333333 -1.22550839 -2.320558104 0.781549668 2.315433276 0.781549668 -3.532376757 -2.056840978 -10.46350552 18.10440337 33.75996423 54.28528578 -19.69575198 10.55202082 50.12525237 9.21553522 36.83562168
15.56666667 -1.128294416 -2.318608675 0.794138662 2.306928441 0.794138662 -3.53161479 -2.061545901 -9.735262982 17.89152502 33.0307893 52.15533791 -19.40901382 10.34770407 49.29709293 9.154786017 36.97324508
15.6 -1.03199269 -2.316774052 0.808774611 2.297166667 0.808774611 -3.531496954 -2.064957144 -9.01376285 17.66328783 32.2282721 49.98411297 -19.06583564 10.12596185 48.37247715 9.083121283 37.10911908
15.63333333 -0.937490882 -2.31506891 0.825652286 2.286298116 0.825652286 -3.53198261 -2.066882072 -8.304691842 17.42098588 31.34782799 47.78497084 -18.64963287 9.888898937 47.34795165 9.001761092 37.24223452
15.66666667 -0.845546974 -2.313534549 0.844911613 2.27442014 0.844911613 -3.53300877 -2.067198643 -7.613160102 17.16603608 30.38586326 45.57217091 -18.14819184 9.639446795 46.22339229 8.912657175 37.37184962
15.7 -0.756776477 -2.312227244 0.866636303 2.261549328 0.866636303 -3.534496993 -2.065889713 -6.943514971 16.8998629 29.33966822 43.36047777 -17.55319296 9.381049466 45.00146424 8.818376178 37.49748275
15.73333333 -0.67164267 -2.311183876 0.890806855 2.247617577 0.890806855 -3.536363969 -2.063070795 -6.299219172 16.62391748 28.20627902 41.16451211 -16.85929956 9.117267013 43.68720241 8.721891078 37.61887161
15.76666667 -0.590439904 -2.310389315 0.91725783 2.232504719 0.91725783 -3.538526277 -2.058979309 -5.683060176 16.33972032 26.98069301 38.9971582 -16.06435114 8.851052924 42.28707586 8.626264144 37.7359628
15.8 -0.513294646 -2.309760123 0.945691826 2.216105938 0.945691826 -3.540897692 -2.053928724 -5.097703797 16.04880683 25.65494198 36.86749107 -15.17080695 8.583452832 40.80640513 8.534322042 37.84894067
15.83333333 -0.440217917 -2.309149884 0.975733031 2.198394186 0.975733031 -3.543387868 -2.04825458 -4.546276883 15.75257269 24.21947012 34.77965732 -14.18694461 8.312430018 39.24637315 8.448458198 37.95822023
15.86666667 -0.371194846 -2.308370361 1.006978383 2.179435723 1.006978383 -3.545906773 -2.042271371 -4.032608744 15.45203194 22.6665182 32.73325999 -13.12657792 8.032986177 37.6034314 8.370581603 38.06436106
15.9 -0.306265533 -2.307216482 1.03903154 2.159368075 1.03903154 -3.548378635 -2.036240818 -3.56097938 15.14754798 20.99389583 30.72480837 -12.00759792 7.738703801 35.87212126 8.302139164 38.16793427
15.93333333 -0.245557533 -2.305494085 1.071519688 2.138365649 1.071519688 -3.550761447 -2.030348214 -3.135482965 14.83868157 19.20753615 28.7497555 -10.85049215 7.42362162 34.04899674 8.244145745 38.26939926
15.96666667 -0.189238515 -2.303053008 1.104098325 2.116595405 1.104098325 -3.553052498 -2.024695429 -2.759275941 14.5242251 17.32209477 26.80460614 -9.677326336 7.083485508 32.13497632 8.197185381 38.36904756
16 -0.137394194 -2.299818415 1.136455654 2.094165609 1.136455654 -3.55526931 -2.019320378 -2.433980782 14.20236365 15.36008198 24.88855531 -8.510857088 6.716335251 30.13621811 8.161382313 38.46704644
16.03333333 -0.089898457 -2.295812702 1.16832258 2.071087818 1.16832258 -3.557416027 -2.014226625 -2.159371161 13.87089393 13.35032112 23.00442449 -7.373487592 6.322772702 28.06472689 8.136381422 38.56354748
16.06666667 -0.04635672 -2.291162082 1.199485148 2.047282079 1.199485148 -3.559448416 -2.009390701 -1.933318968 13.52746934 11.3260239 21.15895346 -6.286223617 5.90600721 25.93862225 8.121389073 38.65877731
16.1 -0.006138614 -2.286077061 1.229795377 2.022643931 1.229795377 -3.561248471 -2.004746843 -1.751930657 13.1698442 9.322636024 19.36255031 -5.267822226 5.471564362 23.78144593 8.115288976 38.75306221
16.13333333 0.031547112 -2.280806994 1.259174144 1.997147543 1.259174144 -3.56261453 -2.00016997 -1.609815879 12.7960809 7.375712491 17.62856645 -4.334128408 5.026714737 21.62063829 8.116792565 38.8467878
16.16666667 0.067568737 -2.275594287 1.287603394 1.970921287 1.287603394 -3.563247807 -1.995440437 -1.500456978 12.40469606 5.518932763 15.97221794 -3.497664873 4.579844593 19.48571629 8.124562971 38.94030886
16.2 0.102781502 -2.270653267 1.315126841 1.944257059 1.315126841 -3.562720821 -1.990184659 -1.416633839 11.99472892 3.782318336 14.40934701 -2.767520577 4.139849013 17.40640798 8.13728635 39.03383903
16.23333333 0.137943474 -2.266163685 1.34187339 1.917574649 1.34187339 -3.560474929 -1.983857531 -1.350808989 11.56571938 2.190888637 12.95525475 -2.149353864 3.715526919 15.41095418 8.153704363 39.12735832
16.26666667 0.173662156 -2.262255465 1.368072579 1.891369737 1.368072579 -3.555887574 -1.975783456 -1.295387564 11.11764894 0.763888219 11.62378812 -1.645383765 3.315066121 13.52493204 8.172624504 39.22056472
16.3 0.210387498 -2.258992419 1.394032383 1.866134652 1.394032383 -3.548360466 -1.965169962 -1.242891424 10.65093818 -0.485532369 10.42666472 -1.254458378 2.945706556 11.77050469 8.192921572 39.31288106
16.33333333 0.248434635 -2.256371605 1.420104221 1.842262915 1.420104221 -3.537391137 -1.951078373 -1.186178606 10.16652352 -1.550336659 9.372872857 -0.972300274 2.613514252 10.16560543 8.21354608 39.40350066
16.36666667 0.287993917 -2.254326122 1.446667888 1.820010715 1.446667888 -3.5226622 -1.932424959 -1.118763721 9.665971751 -2.429461458 8.468097992 -0.791994867 2.32320187 8.723148569 8.233546386 39.49144278
16.4 0.329111166 -2.252719503 1.47411882 1.799540048 1.47411882 -3.504131209 -1.908029241 -1.035158982 9.151584271 -3.127637621 7.714307214 -0.704761668 2.078044571 7.450759399 8.252096761 39.57560987
16.43333333 0.371664794 -2.251344194 1.502817573 1.780966556 1.502817573 -3.482035634 -1.876688595 -0.931127604 8.62642916 -3.655093826 7.109609378 -0.700843278 1.879901285 6.350951847 8.268512937 39.65484673
16.46666667 0.415363393 -2.249932554 1.533000643 1.764359281 1.533000643 -3.456803965 -1.837292575 -0.803819899 8.094250293 -4.02685253 6.648374743 -0.770135859 1.729299898 5.421337023 8.282243379 39.72798187
16.5 0.45975662 -2.248175254 1.564694388 1.749723997 1.564694388 -3.4289579 -1.788992148 -0.651823834 7.55926636 -4.261556546 6.321540653 -0.902419265 1.625591538 4.654805711 8.292840105 39.79383517
16.53333333 0.504254146 -2.245743734 1.597664382 1.737004365 1.597664382 -3.399049869 -1.731361708 -0.475159002 7.025919071 -4.380156209 6.117049357 -1.087444845 1.567185641 4.039901602 8.299915278 39.85120759
16.56666667 0.54816407 -2.242315502 1.63139787 1.726089882 1.63139787 -3.367599712 -1.664441702 -0.275229124 6.498631949 -4.404758364 6.020382742 -1.315120578 1.551851743 3.561483518 8.303093819 39.89888545
16.6 0.59075365 -2.237602356 1.665112119 1.716808784 1.665112119 -3.335015321 -1.588663789 -0.05475298 5.981623463 -4.357745184 6.015154029 -1.575851632 1.577000182 3.201608688 8.301978977 39.93568238
16.63333333 0.631321917 -2.231381233 1.697796363 1.708917243 1.697796363 -3.30154352 -1.504760098 0.182321295 5.47876792 -4.26113528 6.083713755 -1.86097105 1.63978863 2.940516805 8.296141142 39.96052128
16.66666667 0.669259923 -2.223516627 1.728286811 1.702119893 1.728286811 -3.26727186 -1.413683613 0.430959478 4.993456917 -4.135952108 6.20778673 -2.162999865 1.737054254 2.757670404 8.285150834 39.97251926
16.7 0.704063018 -2.213957024 1.755349616 1.696131544 1.755349616 -3.232144608 -1.316517582 0.685282039 4.528465198 -4.001418835 6.3692135 -2.475541459 1.865229198 2.632841251 8.268687059 39.97100787
16.73333333 0.735293424 -2.202703008 1.777734148 1.69074762 1.777734148 -3.195978645 -1.21440386 0.938874744 4.085864001 -3.874147503 6.55076086 -2.79297398 2.020312193 2.547037291 8.246695236 39.95546439
16.76666667 0.762534998 -2.18976748 1.794174819 1.685879217 1.794174819 -3.158498474 -1.108513716 1.185099955 3.666976876 -3.767534584 6.73681961 -3.110157867 2.197893176 2.483049515 8.219510592 39.92540656
16.8 0.785377338 -2.175148657 1.803364313 1.681538214 1.803364313 -3.119377609 -1.000022391 1.417380599 3.272377558 -3.691395592 6.913875449 -3.422203548 2.393264028 2.425757311 8.187893207 39.88032882
16.83333333 0.803437819 -2.158818742 1.803953052 1.67780097 1.803953052 -3.078264254 -0.89006163 1.629490593 2.901969277 -3.651918065 7.070785535 -3.724396831 2.601609614 2.362466529 8.15298327 39.81973166
16.86666667 0.816409258 -2.14072631 1.794621741 1.674790019 1.794621741 -3.034817917 -0.779692051 1.815876879 2.555145236 -3.651997027 7.198910877 -4.012368518 2.818223326 2.283264933 8.116214264 39.74324826
16.9 0.82411535 -2.120815403 1.774230988 1.672678823 1.774230988 -2.988786098 -0.669926054 1.97197611 2.230989867 -3.691793512 7.292125788 -4.282373865 3.038708561 2.181218817 8.079212176 39.65083188
16.93333333 0.826543643 -2.099059858 1.742005835 1.67169612 1.742005835 -2.94009195 -0.561756723 2.094461666 1.928489348 -3.769321543 7.346733102 -4.531513534 3.259101707 2.052373571 8.043706432 39.54293569
16.96666667 0.823828837 -2.075505259 1.697704688 1.672111649 1.697704688 -2.888885673 -0.456144299 2.181386667 1.646710756 -3.880965747 7.361303734 -4.757824378 3.475878849 1.895567233 8.011482401 39.42060521
17 0.816210729 -2.050310904 1.641723546 1.674196817 1.641723546 -2.835551026 -0.353977978 2.23222647 1.384895105 -4.021863387 7.336433301 -4.960198876 3.685926863 1.712048952 7.984337838 39.2854569
17.03333333 0.80401409 -2.023776341 1.575093605 1.678168935 1.575093605 -2.7806871 -0.256063563 2.247840027 1.142459616 -4.186203006 7.274427144 -5.13820836 3.886551049 1.50499306 7.96396483 39.13959733
17.06666667 0.787662802 -1.996342549 1.499378508 1.684131402 1.499378508 -2.725078774 -0.163155031 2.230367554 0.918960595 -4.367570868 7.178953174 -5.291981535 4.075488876 1.278982832 7.951756496 38.98554388
17.1 0.767700877 -1.968584065 1.416532201 1.692024729 1.416532201 -2.669653899 -0.075989245 2.183070005 0.71404691 -4.559344736 7.054704243 -5.422154966 4.250901965 1.039483931 7.94861283 38.82614372
17.13333333 0.744775196 -1.941196149 1.32878966 1.701627137 1.32878966 -2.615428701 0.00472567 2.110105451 0.527409874 -4.755043427 6.907104586 -5.529817726 4.411367256 0.792394548 7.954836114 38.66443912
17.16666667 0.719567873 -1.914956415 1.238604348 1.712612912 1.238604348 -2.563452488 0.078353644 2.016239496 0.358737518 -4.94860242 6.742041135 -5.616430755 4.555868572 0.543695771 7.970155148 38.5034582
17.2 0.692724442 -1.890661967 1.148571497 1.724613957 1.148571497 -2.51475609 0.144356585 1.906520968 0.207663535 -5.134584027 6.565568336 -5.683736318 4.683779007 0.299122527 7.993823266 38.34599269
17.23333333 0.664826997 -1.869058571 1.061293438 1.737251564 1.061293438 -2.470301366 0.202294573 1.785994645 0.073712123 -5.308315581 6.383617287 -5.733654723 4.794856216 0.063842588 8.024727812 38.19444329
17.26666667 0.636408103 -1.850773369 0.979217522 1.750152576 0.979217522 -2.43093454 0.251824744 1.659497919 -0.043728768 -5.465987447 6.201788028 -5.768200897 4.889252965 -0.157787699 8.061506269 38.05073978
17.3 0.607971109 -1.836270032 0.904498585 1.762961246 0.904498585 -2.397346226 0.292718409 1.531529704 -0.145395285 -5.604777837 6.025229316 -5.789486124 4.967505653 -0.36230996 8.102668291 37.91629733
17.33333333 0.579999441 -1.82583319 0.838915337 1.77535595 0.838915337 -2.370034759 0.324900388 1.406162897 -0.232122401 -5.722956552 5.858548305 -5.799753309 5.03048966 -0.547126813 8.146711221 37.79199661
17.36666667 0.552956475 -1.8195669 0.783840064 1.787081241 0.783840064 -2.349275451 0.348491571 1.286981068 -0.304831431 -5.819836185 5.705705239 -5.801308902 5.079367309 -0.710509641 8.192223262 37.67820077
17.4 0.527284108 -1.817398617 0.740230692 1.797979198 0.740230692 -2.335107298 0.363824875 1.177031784 -0.364534572 -5.89558879 5.569899061 -5.796362955 5.115542041 -0.851697295 8.237956782 37.57483385
17.43333333 0.503398034 -1.819089438 0.708623298 1.807988045 0.708623298 -2.327336485 0.371427886 1.07879367 -0.412329876 -5.951079187 5.453489468 -5.786921154 5.140603854 -0.970956018 8.282855545 37.48153027
17.46666667 0.481665506 -1.824250763 0.689143418 1.817107846 0.689143418 -2.325544125 0.371992955 0.994148537 -0.449363976 -5.987798109 5.357974232 -5.774804424 5.156246633 -1.069519356 8.326056421 37.39779233
17.5 0.462373705 -1.832370386 0.681562984 1.825368426 0.681562984 -2.329105479 0.366349227 0.924358992 -0.476781605 -6.007836778 5.283998195 -5.761730061 5.164166983 -1.149422812 8.366893717 37.3230863
17.53333333 0.445709839 -1.84285114 0.685395124 1.832818852 0.685395124 -2.337236144 0.355427952 0.870067499 -0.495687515 -6.013800315 5.231394678 -5.749344499 5.165976161 -1.213273506 8.404891618 37.25690774
17.56666667 0.431749908 -1.855057374 0.699984003 1.839530157 0.699984003 -2.349052629 0.340212018 0.831329163 -0.507121446 -6.008645527 5.199286328 -5.739186514 5.16314554 -1.26402366 8.439726521 37.19884437
17.6 0.420455387 -1.86835653 0.724551251 1.845601903 0.724551251 -2.3636274 0.321677304 0.807676022 -0.512045218 -5.995472854 5.18622632 -5.732604678 5.156991607 -1.304781414 8.471182345 37.14858978
17.63333333 0.411692289 -1.882147045 0.758195384 1.851159452 0.758195384 -2.380038048 0.300742019 0.7981967 -0.511354633 -5.977291047 5.190319091 -5.730642523 5.148676643 -1.338623563 8.499120769 37.10588305
17.66666667 0.405266244 -1.895872791 0.799866865 1.856329882 0.799866865 -2.397412134 0.278236808 0.801611586 -0.505914224 -5.956808768 5.209298472 -5.733941474 5.139198081 -1.368423148 8.523464441 37.07040776
17.7 0.400957672 -1.909026647 0.848347234 1.861206711 0.848347234 -2.414960023 0.254893794 0.816346921 -0.496581358 -5.936316503 5.240602304 -5.742721776 5.129387418 -1.396761912 8.544190552 37.04172686
17.73333333 0.398550432 -1.921149419 0.902255897 1.865824591 0.902255897 -2.431995774 0.231339545 0.840626125 -0.484193696 -5.917685823 5.281484176 -5.756866265 5.119918275 -1.425923195 8.561341522 37.01930275
17.76666667 0.397842631 -1.931832179 0.960095043 1.870152436 0.960095043 -2.447955425 0.20808103 0.872566998 -0.469531567 -5.902442626 5.329154058 -5.776062324 5.111300963 -1.457888364 8.575056362 37.00254279
17.8 0.398638227 -1.940730678 1.02032385 1.874093545 1.02032385 -2.46241422 0.185487112 0.910257014 -0.453282478 -5.891805034 5.380910305 -5.799892263 5.103884621 -1.494311158 8.585603972 36.99079565
17.83333333 0.400739184 -1.947596181 1.081437881 1.877481676 1.081437881 -2.475097665 0.16377741 0.951806613 -0.436029614 -5.886629399 5.434236092 -5.827815833 5.097869977 -1.536476517 8.593390543 36.98332281
17.86666667 0.403954505 -1.952301712 1.142026601 1.880091748 1.142026601 -2.485880511 0.143033595 0.99540034 -0.418269389 -5.887331697 5.486859202 -5.859113036 5.09331895 -1.585185131 8.598935135 36.97931071
17.9 0.408123288 -1.954835722 1.200798255 1.881681587 1.200798255 -2.494771059 0.123236243 1.039354891 -0.400437414 -5.893888733 5.536797837 -5.892893022 5.090169224 -1.640579881 8.602833404 36.97791466
17.93333333 0.413135385 -1.955271751 1.256587122 1.882033246 1.256587122 -2.501890922 0.104301447 1.082175113 -0.38292178 -5.905932706 5.582410469 -5.928184324 5.088250735 -1.702106081 8.605718892 36.97826836
17.96666667 0.418933893 -1.953743145 1.308362556 1.880959489 1.308362556 -2.507460104 0.086091383 1.122596369 -0.36606959 -5.922867142 5.622437803 -5.964036402 5.087318813 -1.768667515 8.608203183 36.97945478
18 0.425495298 -1.950428761 1.35524501 1.878294677 1.35524501 -2.511780976 0.068415961 1.159605076 -0.350195072 -5.943955497 5.656009663 -5.999585855 5.087111946 -1.838812359 8.610783933 36.98043579
18.03333333 0.43279229 -1.945532971 1.396532244 1.873905685 1.396532244 -2.515215812 0.051054701 1.192428529 -0.335572493 -5.968396714 5.682606912 -6.03410368 5.087371512 -1.910852993 8.613723364 36.97982997
18.06666667 0.440750206 -1.939254059 1.431736249 1.867720233 1.431736249 -2.518164566 0.033793333 1.22049839 -0.322404369 -5.99541403 5.701997012 -6.067051881 5.087786791 -1.982940178 8.616913848 36.97553658
18.1 0.449213824 -1.931754443 1.460614867 1.859749534 1.460614867 -2.521046188 0.016454491 1.243409621 -0.310786676 -6.024343056 5.714169587 -6.098137355 5.087922183 -2.053120284 8.619784125 36.96443578
18.13333333 0.457935229 -1.923143806 1.483181739 1.850096106 1.483181739 -2.524280375 -0.001084613 1.260890478 -0.300691704 -6.054688687 5.719284254 -6.127334259 5.087183558 -2.119402878 8.621289373 36.94233864
18.16666667 0.466580469 -1.913474731 1.499694031 1.83894935 1.499694031 -2.528269304 -0.01888539 1.272783683 -0.291969492 -6.086146308 5.71763019 -6.154871805 5.084827021 -2.179843253 8.619975521 36.90415915
18.2 0.474748322 -1.902746928 1.5106241 1.826572771 1.5106241 -2.533380994 -0.036949034 1.279034359 -0.284362147 -6.118597332 5.709594157 -6.181198684 5.079994905 -2.232626917 8.614088725 36.84421908
18.23333333 0.481995794 -1.890916865 1.516620537 1.81328608 1.516620537 -2.539935412 -0.055223174 1.279681482 -0.277526307 -6.152087405 5.695634562 -6.206933394 5.071766877 -2.276146743 8.601707006 36.75661562
18.26666667 0.487866173 -1.8779103 1.518463266 1.799444805 1.518463266 -2.548193973 -0.073611987 1.274850635 -0.271059867 -6.186794054 5.676259887 -6.232807885 5.059216781 -2.309066539 8.580876422 36.63559892
18.3 0.491916493 -1.863635789 1.517016577 1.785419501 1.517016577 -2.558352727 -0.091988107 1.264746619 -0.264529944 -6.222989171 5.652010303 -6.259610321 5.041468226 -2.33036741 8.549738833 36.47592113
18.33333333 0.493742151 -1.847997752 1.513183252 1.771576127 1.513183252 -2.570539222 -0.11020504 1.249645128 -0.257499741 -6.26100049 5.623441764 -6.288131287 5.017744011 -2.339375392 8.506642387 36.2731312
18.36666667 0.492997237 -1.83090811 1.507862189 1.758258714 1.507862189 -2.584812785 -0.128109087 1.229883144 -0.249552637 -6.30117514 5.591112111 -6.319116487 4.987406207 -2.335770459 8.45022922 36.02380007
18.4 0.489409721 -1.812295858 1.501911287 1.745775062 1.501911287 -2.601167832 -0.145550076 1.205848084 -0.240312394 -6.343847428 5.55556896 -6.353227863 4.949985161 -2.319578294 8.379497726 35.72566962
18.43333333 0.482791223 -1.792114248 1.496116737 1.734385863 1.496116737 -2.619539673 -0.162390419 1.177965936 -0.22945885 -6.389312199 5.517339268 -6.391014158 4.905196872 -2.291147073 8.29383894 35.377725
18.46666667 0.47304147 -1.770345491 1.491169317 1.724297374 1.491169317 -2.639812254 -0.178512235 1.146688794 -0.216738857 -6.437804493 5.476920548 -6.432891159 4.852949066 -2.251112047 8.193048358 34.98019566
18.5 0.460147859 -1.747003051 1.487647851 1.715657528 1.487647851 -2.661827228 -0.193822445 1.112482248 -0.201972549 -6.489485658 5.434773723 -6.479131276 4.793336985 -2.200351051 8.077315739 34.53449341
18.53333333 0.444180783 -1.722131758 1.486009605 1.708555227 1.486009605 -2.685393792 -0.208255861 1.075813119 -0.18505527 -6.544435676 5.391317631 -6.529861652 4.726630352 -2.139934042 7.947196302 34.0430987
18.56666667 0.425285469 -1.695806058 1.48658709 1.70302241 1.48658709 -2.710298748 -0.221776415 1.037137967 -0.165955673 -6.602651171 5.346925153 -6.58506967 4.653253262 -2.071069731 7.803567206 33.50940708
18.6 0.403671215 -1.668126744 1.489590537 1.69903842 1.489590537 -2.736316331 -0.23437675 0.996892779 -0.1447106 -6.664048308 5.301920921 -6.644614551 4.573758878 -1.995052032 7.647573379 32.9375485
18.63333333 0.379598834 -1.639216572 1.495115142 1.696536178 1.495115142 -2.763217397 -0.246076419 0.955484124 -0.121417451 -6.728469726 5.256580518 -6.708243615 4.488800794 -1.913208733 7.480566709 32.3321915
18.66666667 0.353367163 -1.60921514 1.503152115 1.695409605 1.503152115 -2.79077767 -0.256918995 0.913281998 -0.09622472 -6.795694522 5.211131049 -6.775611787 4.399102839 -1.826854365 7.304042337 31.69834333
18.7 0.325299359 -1.57827339 1.513602525 1.695521818 1.513602525 -2.818784816 -0.266968383 0.870614471 -0.069321409 -6.865450366 5.165752925 -6.846302986 4.305428932 -1.73724876 7.119575387 31.04115585
18.73333333 0.295729639 -1.546548062 1.526292972 1.696713621 1.526292972 -2.847044204 -0.276304618 0.827764171 -0.040925936 -6.937426817 5.120582688 -6.919852151 4.20855434 -1.645562371 6.928760983 30.36574526
18.76666667 0.264991008 -1.514196376 1.540992167 1.698811878 1.540992167 -2.875383277 -0.285019433 0.784966559 -0.011275114 -7.01128904 5.075716676 -6.995766819 4.109239463 -1.552848951 6.733159819 29.6770319
18.8 0.233404373 -1.481371173 1.557427599 1.701637423 1.557427599 -2.90365455 -0.293211813 0.742409861 0.019386327 -7.08669121 5.031215326 -7.073547348 4.008206986 -1.460025803 6.534250986 28.97960482
18.83333333 0.20126936 -1.448216677 1.575301601 1.705012234 1.575301601 -2.931737279 -0.30098376 0.700236499 0.05081529 -7.163288994 4.987107903 -7.152705073 3.906122971 -1.367861465 6.333393202 28.27761375
18.86666667 0.168856992 -1.414865011 1.594306207 1.708765657 1.594306207 -2.959537913 -0.308436411 0.658545795 0.082778634 -7.240750685 4.943397465 -7.232777877 3.803582203 -1.27697037 6.131795024 27.57468967
18.9 0.136404312 -1.381433509 1.614136388 1.712739561 1.614136388 -2.986989475 -0.31566665 0.61739771 0.115060096 -7.318766634 4.900065874 -7.313342854 3.701097877 -1.187813811 5.930494184 26.87389382
18.93333333 0.104110919 -1.348022874 1.63450133 1.716792336 1.63450133 -3.014050037 -0.322764286 0.57681736 0.147465693 -7.397056789 4.857078686 -7.394025902 3.599095519 -1.100706363 5.730345739 26.17769366
18.96666667 0.072137329 -1.314716128 1.655133589 1.720801737 1.655133589 -3.040700469 -0.329809849 0.536800058 0.179827581 -7.475376252 4.81438978 -7.474508263 3.497910838 -1.015826799 5.532018401 25.48796328
19 0.040604968 -1.281578328 1.675796035 1.724666609 1.675796035 -3.066941653 -0.336873009 0.49731664 0.212006427 -7.553518873 4.771945619 -7.554530122 3.397791127 -0.933232471 5.335998168 24.80600533
19.03333333 0.009597614 -1.248656953 1.696286627 1.728307574 1.696286627 -3.092791335 -0.344011611 0.458318836 0.243892382 -7.631318966 4.729689037 -7.633891522 3.298899671 -0.85287616 5.142598143 24.13259071
19.06666667 -0.020835978 -1.215982868 1.716441124 1.731666796 1.716441124 -3.118280802 -0.35127128 0.419744509 0.275404817 -7.708651327 4.687562512 -7.712450913 3.201322637 -0.774624392 4.951973381 23.46801219
19.1 -0.050678515 -1.183571751 1.736133927 1.734706955 1.736133927 -3.143451523 -0.358685534 0.381522579 0.306490982 -7.785429761 4.645510869 -7.790121695 3.105077821 -0.69827632 4.76413949 22.81214814
19.13333333 -0.079939939 -1.151425883 1.755277279 1.737409584 1.755277279 -3.168351895 -0.366276337 0.343577494 0.337123805 -7.861604374 4.603483426 -7.866867182 3.01012469 -0.623582377 4.578993791 22.16453243
19.16666667 -0.108652788 -1.11953616 1.773819082 1.73977292 1.773819082 -3.193034215 -0.374055014 0.305833171 0.367299022 -7.937157897 4.561435577 -7.942694376 2.916375145 -0.550262005 4.396337853 21.52442714
19.2 -0.136867375 -1.087884252 1.791739634 1.741809417 1.791739634 -3.217551942 -0.382023437 0.26821631 0.397031846 -8.01210131 4.519329846 -8.017646985 2.823704505 -0.478019913 4.215900357 20.89089477
19.23333333 -0.164647002 -1.056444779 1.809047551 1.743543083 1.809047551 -3.241957337 -0.390175399 0.23065908 0.426353379 -8.086469032 4.477136469 -8.09179804 2.731962252 -0.406560442 4.037359359 20.2628673
19.26666667 -0.192063387 -1.025187435 1.825775173 1.745006746 1.825775173 -3.266299502 -0.398498102 0.193101143 0.455306927 -8.160313928 4.434833533 -8.165242469 2.640982153 -0.335599765 3.860363178 19.63920994
19.3 -0.219192446 -0.994078986 1.8419737 1.746239387 1.8419737 -3.290622845 -0.406973677 0.155491055 0.483944389 -8.233702338 4.392406774 -8.238089916 2.550591476 -0.264875752 3.684549293 19.01877781
19.33333333 -0.246110559 -0.963085073 1.857708293 1.747283626 1.857708293 -3.314965966 -0.41558068 0.117787089 0.51232285 -8.306709327 4.349849056 -8.310458055 2.460619056 -0.194155461 3.509560819 18.40046438
19.36666667 -0.272891366 -0.932171789 1.873053349 1.748183439 1.873053349 -3.339360943 -0.424295505 0.07995751 0.540501468 -8.37941431 4.307159643 -8.382466593 2.370902075 -0.123240318 3.33506025 17.78324107
19.4 -0.299603171 -0.901306996 1.8880881 1.748982162 1.8880881 -3.363832998 -0.433093666 0.041980416 0.56853876 -8.451897158 4.264343297 -8.454232084 2.281291472 -0.051969112 3.160740348 17.16618762
19.43333333 -0.326306951 -0.870461376 1.902892676 1.749720825 1.902892676 -3.38840048 -0.44195093 0.003843178 0.596490308 -8.524234877 4.221409287 -8.525863659 2.191655987 0.019780971 2.986332164 16.54851356
19.46666667 -0.353054955 -0.839609201 1.917544718 1.750436818 1.917544718 -3.41307514 -0.450844262 -0.034458409 0.624406938 -8.596498901 4.178370349 -8.597459686 2.101884864 0.092095037 2.811610303 15.9295711
19.5 -0.379889877 -0.80872885 1.932116588 1.751162916 1.932116588 -3.43786263 -0.459752585 -0.072921199 0.652333354 -8.668753017 4.135241663 -8.669105372 2.01188932 0.165022612 2.63639563 15.30886038
19.53333333 -0.406844536 -0.777803074 1.94667322 1.751926631 1.94667322 -3.462763171 -0.468657346 -0.111535906 0.680307236 -8.741051913 4.092039872 -8.740871255 1.921602899 0.238580884 2.460555687 14.68602781
19.56666667 -0.433942002 -0.746819049 1.961270573 1.75274987 1.961270573 -3.487772352 -0.477542891 -0.150288395 0.708358742 -8.813440304 4.04878219 -8.812812514 1.830980864 0.312758802 2.28400316 14.06085881
19.6 -0.461196107 -0.715768238 1.975954696 1.753648878 1.975954696 -3.512881993 -0.486396675 -0.189160968 0.736510407 -8.885952604 4.005485617 -8.884969005 1.739998796 0.387521693 2.106692732 13.43326588
19.63333333 -0.488612251 -0.684646104 1.990761318 1.754634415 1.990761318 -3.538081031 -0.495209309 -0.228133618 0.76477735 -8.958613057 3.962166271 -8.957365915 1.648650577 0.462816173 1.928616701 12.80327339
19.66666667 -0.516188429 -0.653451697 2.005715926 1.755712132 2.005715926 -3.5633564 -0.50397447 -0.267185183 0.793167761 -9.03143626 3.918838867 -9.03001491 1.556945927 0.538575079 1.749799721 12.17099992
19.7 -0.543916411 -0.62218716 2.020834241 1.756883097 2.020834241 -3.588693854 -0.512688706 -0.306294381 0.821683595 -9.104428007 3.875516316 -9.102915669 1.464907662 0.614722237 1.570293004 11.5366396
19.73333333 -0.571783 -0.590857188 2.036123025 1.758144429 2.036123025 -3.614078722 -0.521351151 -0.345440691 0.850321414 -9.177586354 3.832209468 -9.176057664 1.372568832 0.691176889 1.390168311 10.90044295
19.76666667 -0.599771297 -0.559468449 2.051581129 1.759489996 2.051581129 -3.639496564 -0.529963177 -0.384605083 0.879073325 -9.250902852 3.788926966 -9.249422108 1.279969855 0.767857652 1.209511992 10.26269837
19.8 -0.627861942 -0.52802903 2.067200705 1.760911151 2.067200705 -3.664933725 -0.538528003 -0.423770568 0.907927958 -9.32436385 3.745675224 -9.322983931 1.187155794 0.844685917 1.028419319 9.623714853
19.83333333 -0.656034259 -0.496547891 2.082968513 1.762397448 2.082968513 -3.690377773 -0.547050297 -0.462922595 0.936871446 -9.397951825 3.702458485 -9.396713732 1.09417383 0.921588632 0.846989292 8.983806315
19.86666667 -0.684267297 -0.465034373 2.098867254 1.763937334 2.098867254 -3.715817825 -0.555535767 -0.502049278 0.96588835 -9.471646662 3.659278968 -9.470579613 1.001071036 0.998500452 0.66532007 8.343278159
19.9 -0.712540713 -0.433497764 2.114876872 1.765518782 2.114876872 -3.741244757 -0.563990778 -0.541141495 0.994962524 -9.545426861 3.616137077 -9.544548843 0.907892477 1.075365255 0.483505102 7.702416093
19.93333333 -0.740835519 -0.401946925 2.130975769 1.767129849 2.130975769 -3.766651317 -0.572421997 -0.580192847 1.024077873 -9.619270613 3.573031643 -9.618589307 0.814679677 1.152137061 0.301630026 7.061477434
19.96666667 -0.769134644 -0.370389996 2.14714191 1.768759148 2.14714191 -3.792032144 -0.580836074 -0.619199521 1.053218997 -9.693156733 3.529960207 -9.692670725 0.721469453 1.228780406 0.119770342 6.420684836
20 -0.797424723 -0.338835898 2.163352433 1.77039454 2.163352433 -3.817382302 -0.589239695 -0.658160771 1.082371525 -9.76706209 3.486921645 -9.766762269 0.628297625 1.305256098 -0.061986715 5.780280483
20.03333333 -0.825698165 -0.307305039 2.179579415 1.772017755 2.179579415 -3.842689787 -0.597638675 -0.697077242 1.11151873 -9.84094143 3.443929495 -9.840812489 0.535237329 1.381462653 -0.243444743 5.140785008
20.06666667 -0.853947399 -0.27585358 2.195783178 1.773597646 2.195783178 -3.867920795 -0.606028702 -0.735938624 1.14063022 -9.914678795 3.401042497 -9.914700766 0.442504861 1.457149591 -0.424140779 4.503460064
20.1 -0.882147812 -0.244595825 2.211905916 1.775085043 2.211905916 -3.893010129 -0.614373248 -0.774702555 1.169649039 -9.988036591 3.35839982 -9.988186341 0.350573709 1.531867493 -0.603234714 3.870708496
20.13333333 -0.910236278 -0.213704912 2.227864572 1.776412895 2.227864572 -3.917863074 -0.622588986 -0.813275487 1.198484153 -10.06061116 3.3162382 -10.06086379 0.260186991 1.604979691 -0.779505056 3.246205104
20.16666667 -0.938094362 -0.183395177 2.243543203 1.777512155 2.243543203 -3.942349626 -0.630561813 -0.8514965 1.227001359 -10.13175744 3.274885771 -10.13208756 0.172266429 1.675737348 -0.951419883 2.634775781
20.2 -0.965547598 -0.153901645 2.258790523 1.778335212 2.258790523 -3.966289414 -0.638170251 -0.889130633 1.25501248 -10.20054978 3.234740584 -10.2009326 0.087785357 1.743407134 -1.117242966 2.042097211
20.23333333 -0.992381305 -0.125464414 2.273427918 1.778865026 2.273427918 -3.989453941 -0.645288338 -0.925878268 1.282275493 -10.26588809 3.196242783 -10.26630035 0.007653488 1.807362273 -1.275157594 1.474291595
20.26666667 -1.018353866 -0.098319255 2.287262541 1.77911965 2.287262541 -4.011581246 -0.651794494 -0.961384555 1.308509049 -10.32667907 3.159852027 -10.32709974 -0.067337665 1.867084247 -1.423396218 0.93751456
20.3 -1.043196599 -0.072691934 2.300092486 1.77917259 2.300092486 -4.032376379 -0.65760504 -0.995245828 1.333416745 -10.3819747 3.126028631 -10.3823855 -0.136507432 1.922149843 -1.560356143 0.437588412
20.33333333 -1.066612806 -0.048788883 2.311703285 1.779178283 2.311703285 -4.051503284 -0.662698067 -1.027034608 1.356716771 -10.43106111 3.095205584 -10.43144687 -0.199283913 1.972246207 -1.684680866 -0.020333305
20.36666667 -1.088291191 -0.02677998 2.321871259 1.779377126 2.321871259 -4.068590573 -0.667103889 -1.056342348 1.378168364 -10.47350307 3.067753146 -10.47385187 -0.255232363 2.017181266 -1.795304916 -0.432067042
20.4 -1.107932927 -0.006780753 2.3303871 1.780070498 2.3303871 -4.083258099 -0.670883137 -1.082816154 1.397586264 -10.50912127 3.043949204 -10.50942443 -0.304059043 2.056905496 -1.891480059 -0.794616158
20.43333333 -1.125281283 0.011155218 2.337092131 1.781577732 2.337092131 -4.095157445 -0.674119304 -1.106181964 1.414844382 -10.53792048 3.02396389 -10.53817246 -0.345565695 2.091565059 -1.972803591 -1.106278998
20.46666667 -1.140148213 0.02703302 2.341904572 1.784191938 2.341904572 -4.10401198 -0.676926812 -1.126261964 1.429874976 -10.56002774 3.007857154 -10.56022587 -0.379608654 2.121530262 -2.039251172 -1.366674724
20.5 -1.152435376 0.0409126 2.344824773 1.788149554 2.344824773 -4.109646311 -0.679459689 -1.142986826 1.442665458 -10.57566918 2.995580573 -10.57581339 -0.40610445 2.14735557 -2.091189574 -1.57670671
20.53333333 -1.162142899 0.052912186 2.34592057 1.793625974 2.34592057 -4.11200705 -0.681909437 -1.156397609 1.453254292 -10.58517622 2.986979951 -10.58526861 -0.425077703 2.169675986 -2.129339778 -1.738460209
20.56666667 -1.169367751 0.063217763 2.345290691 1.800757416 2.345290691 -4.111175003 -0.684496552 -1.166637769 1.461728342 -10.58900693 2.981804992 -10.58905141 -0.436736508 2.189060428 -2.154693613 -1.855047162
20.6 -1.174302946 0.07209672 2.343012424 1.809676738 2.343012424 -4.107373855 -0.687479161 -1.173938991 1.46822372 -10.58776018 2.979732523 -10.587762 -0.441530921 2.205893294 -2.168420807 -1.93042562
20.63333333 -1.177245162 0.079900821 2.339096753 1.820541023 2.339096753 -4.100982259 -0.691186899 -1.178603478 1.472933642 -10.58216278 2.980403233 -10.58212816 -0.440142314 2.220337274 -2.171796903 -1.969206235
20.66666667 -1.178605399 0.087037333 2.333460896 1.833550315 2.333460896 -4.092523491 -0.696042587 -1.180981737 1.47612102 -10.57303732 2.983459769 -10.57297303 -0.433422526 2.232339531 -2.16615682 -1.976443345
20.7 -1.178903022 0.093930207 2.325873249 1.849014657 2.325873249 -4.082611743 -0.702581671 -1.181442124 1.478122029 -10.56127028 2.988570466 -10.5611833 -0.422342929 2.241657855 -2.152862983 -1.957412163
20.73333333 -1.178745813 0.101010261 2.315811823 1.867522831 2.315811823 -4.071890736 -0.711625924 -1.180335368 1.479326366 -10.54777858 2.995435117 -10.54767577 -0.407965234 2.247918167 -2.133264761 -1.917389836
20.76666667 -1.178832747 0.108727889 2.30225988 1.890188444 2.30225988 -4.061010008 -0.724724665 -1.17795888 1.480132242 -10.53345718 3.003778517 -10.53334504 -0.39140581 2.250687739 -2.108631461 -1.861452679
20.8 -1.179990333 0.117553821 2.283507525 1.918904881 2.283507525 -4.050663815 -0.744700834 -1.17452251 1.480892516 -10.51911157 3.013338433 -10.51899601 -0.373780534 2.249556485 -2.080078835 -1.794281602
20.83333333 -1.183196708 0.127921032 2.256988727 1.956538643 2.256988727 -4.041720231 -0.776055123 -1.170124854 1.481875855 -10.505404 3.023852166 -10.50529021 -0.356138064 2.244227102 -2.048536645 -1.719976589
20.86666667 -1.189534553 0.140079192 2.219197155 2.006999106 2.219197155 -4.035427013 -0.825143047 -1.164748092 1.483260433 -10.492856 3.035046556 -10.49274833 -0.339397635 2.234635121 -2.014780309 -1.641903891
20.9 -1.20006092 0.153925136 2.165753117 2.075150145 2.165753117 -4.033610614 -0.900105946 -1.158265525 1.48516658 -10.48193823 3.046638295 -10.48184012 -0.324316514 2.221141459 -1.979507809 -1.562609157
20.93333333 -1.215655138 0.168917685 2.091642906 2.166534509 2.091642906 -4.038778689 -1.010518946 -1.15045264 1.487707974 -10.47318497 3.058342283 -10.47309899 -0.311499641 2.204666523 -1.943424428 -1.48382366
20.96666667 -1.236933322 0.184119548 1.99158029 2.286913245 1.99158029 -4.054035886 -1.166708132 -1.141007931 1.491017206 -10.46721484 3.069875895 -10.46714269 -0.301430139 2.186561672 -1.907285053 -1.406570557
21 -1.264263365 0.198340789 1.860386214 2.441738271 1.860386214 -4.082745245 -1.3787328 -1.129594321 1.495218789 -10.46464905 3.080959892 -10.46459161 -0.29448414 2.16831948 -1.871852003 -1.331347443
21.03333333 -1.297837382 0.210325038 1.693288726 2.635724672 1.693288726 -4.128029976 -1.655242773 -1.11588126 1.500372426 -10.46598267 3.091334852 -10.46594009 -0.290907203 2.151364734 -1.837774056 -1.25831825
21.06666667 -1.337731652 0.218907423 1.486124234 2.87263046 1.486124234 -4.192322561 -2.002512034 -1.099559293 1.506432333 -10.47141524 3.100794488 -10.47138706 -0.290767462 2.13696667 -1.805436288 -1.18743932
21.1 -1.383920219 0.223098199 1.235276753 3.155298346 1.235684771 -4.277068889 -2.423754301 -1.080344403 1.513242847 -10.48071824 3.109211091 -10.48070347 -0.293931779 2.126192518 -1.77484881 -1.118514076
21.13333333 -1.436255648 0.222078185 0.937273255 3.48593989 0.940432134 -4.382588415 -2.918723371 -1.058001877 1.520567284 -10.49327612 3.116534409 -10.49327339 -0.300092549 2.119853881 -1.745626286 -1.051226619
21.16666667 -1.49443358 0.215120426 0.588962079 3.866559388 0.600751703 -4.50808242 -3.483641327 -1.032375208 1.528136959 -10.50826268 3.12276185 -10.50827032 -0.308829378 2.118440839 -1.71706501 -0.985173975
21.2 -1.557963461 0.201489565 0.189136158 4.299397844 0.217790333 -4.651771931 -4.11147177 -1.003395255 1.535697678 -10.52479091 3.127898653 -10.52480708 -0.319681289 2.122061536 -1.68828499 -0.919893694
21.23333333 -1.626190514 0.180376686 -0.259448617 4.787296129 -0.208230297 -4.811120874 -4.792499799 -0.971078333 1.54303681 -10.54197455 3.131938309 -10.54199734 -0.332221529 2.130424317 -1.658384352 -0.854901521
21.26666667 -1.698380593 0.150897555 -0.749182075 5.333897532 -0.678769841 -4.983092022 -5.515115302 -0.935522398 1.549990029 -10.55894484 3.1348695 -10.55897236 -0.346107589 2.142904965 -1.626572663 -0.789733603
21.3 -1.773836639 0.112149611 -1.267988111 5.943647453 -1.196680471 -5.164387852 -6.266640771 -0.89689418 1.556440323 -10.57487001 3.136694511 -10.57490044 -0.361074834 2.158672452 -1.592280385 -0.723968772
21.33333333 -1.852022375 0.063299647 -1.800445336 6.621601672 -1.76541023 -5.351655315 -7.034096671 -0.855422097 1.562321116 -10.58898837 3.137443942 -10.58902006 -0.376905865 2.176769057 -1.555240256 -0.657240671
21.36666667 -1.932675848 0.003669379 -2.329236079 7.373089527 -2.388025183 -5.541662259 -7.804890443 -0.811415688 1.567621174 -10.6006331 3.137177251 -10.60066457 -0.39339417 2.19612783 -1.515530265 -0.589261928
21.4 -2.015891591 -0.067194562 -2.836719219 8.203285394 -3.066177512 -5.731437564 -8.567417817 -0.765296165 1.572381009 -10.60922274 3.135970132 -10.60925275 -0.410250022 2.215619697 -1.473562807 -0.51985055
21.43333333 -2.102154839 -0.149465432 -3.306484518 9.116742429 -3.799124677 -5.918374883 -9.311558516 -0.71761033 1.576672546 -10.61424945 3.133895944 -10.614277 -0.426978654 2.234159064 -1.430009899 -0.448938501
21.46666667 -2.192321433 -0.24301129 -3.724648872 10.11693494 -4.583045386 -6.100343425 -10.02908956 -0.6690172 1.580569799 -10.6153181 3.131010593 -10.61534244 -0.442854089 2.250814797 -1.385686673 -0.376571511
21.5 -2.287551508 -0.347409509 -4.080712154 11.20584971 -5.410838528 -6.275804939 -10.71398741 -0.620254512 1.584137383 -10.6122017 3.127348889 -10.61222232 -0.457015395 2.264877104 -1.341433862 -0.302925164
21.53333333 -2.389210226 -0.461983929 -4.368012634 12.3836624 -6.272348496 -6.4438701 -11.36253677 -0.572099645 1.587448281 -10.60485779 3.122928427 -10.6048744 -0.468618219 2.27586642 -1.298035219 -0.22833478
21.56666667 -2.498735092 -0.585866351 -4.583880508 13.6485188 -7.154820937 -6.604259512 -11.97326798 -0.525318939 1.590603971 -10.59341511 3.117763596 -10.59342763 -0.476995149 2.283497029 -1.256189302 -0.153304503
21.6 -2.617473095 -0.718084899 -4.729586393 14.99643612 -8.043344004 -6.757200204 -12.54681212 -0.480597428 1.593730255 -10.57815122 3.111893829 -10.57815974 -0.481767311 2.287627722 -1.216515546 -0.078477795
21.63333333 -2.746532621 -0.857648696 -4.810148698 16.42134689 -8.921220189 -6.903321779 -13.08572087 -0.438485708 1.596959255 -10.55946972 3.105401117 -10.55947449 -0.482854139 2.288238864 -1.179559661 -0.004600966
21.66666667 -2.886702892 -1.003621713 -4.833931661 17.91528936 -9.770402365 -7.043590175 -13.59427887 -0.399397916 1.600414856 -10.53788649 3.09840065 -10.53788787 -0.480420514 2.285441139 -1.145785673 0.067490825
21.7 -3.038438583 -1.155211796 -4.81198123 19.46871865 -10.57205367 -7.179269709 -14.07827967 -0.363632127 1.604196271 -10.51400848 3.091026626 -10.51400691 -0.474819997 2.279488678 -1.115540414 0.136891592
21.73333333 -3.201851828 -1.311846993 -4.757145682 21.07077821 -11.30733374 -7.31187083 -14.544615 -0.331375691 1.608359144 -10.48849054 3.083431028 -10.48848652 -0.466538668 2.270777805 -1.088989958 0.202684211
21.76666667 -3.376681371 -1.473186183 -4.683101783 22.70944847 -11.95834349 -7.443063937 -15.00071004 -0.302700441 1.612913376 -10.46199558 3.075789876 -10.46198964 -0.456144504 2.259827131 -1.066075494 0.264030489
21.8 -3.562319927 -1.639138285 -4.603533737 24.37206748 -12.50873497 -7.574659459 -15.45424059 -0.277563575 1.617840993 -10.43517203 3.068301504 -10.43516468 -0.444253392 2.247234794 -1.04653154 0.320251878
21.83333333 -3.757952128 -1.809954868 -4.531547338 26.04649196 -12.94400586 -7.708677835 -15.91316809 -0.255817004 1.623113045 -10.40863683 3.061168902 -10.4086286 -0.431499351 2.233636703 -1.029951504 0.37087942
21.86666667 -3.962702605 -1.98627323 -4.479101251 27.72217399 -13.25216433 -7.847336684 -16.38551163 -0.237218748 1.62869121 -10.38296026 3.054579296 -10.38295159 -0.41849572 2.219694596 -1.015845123 0.415678613
21.9 -4.175729419 -2.169031509 -4.456406799 29.39064809 -13.42481684 -7.992913846 -16.8787446 -0.221439628 1.634516007 -10.35864083 3.04869107 -10.35863214 -0.405787572 2.206085061 -1.003653382 0.454664821
21.93333333 -4.396311613 -2.359332319 -4.471472202 31.04567215 -13.45802063 -8.147567812 -17.39921036 -0.20807664 1.640497406 -10.33607552 3.043619983 -10.33606717 -0.393807629 2.193460099 -0.992749801 0.488104003
21.96666667 -4.623956634 -2.558328702 -4.529848251 32.68319823 -13.35240648 -8.313111702 -17.95178958 -0.196685623 1.646524088 -10.3155599 3.039426087 -10.31555217 -0.382857496 2.182400144 -0.982474214 0.516475117
22 -4.858505037 -2.767163366 -4.634532168 34.30116652 -13.11265218 -8.490787434 -18.53980305 -0.186818571 1.652488214 -10.29731598 3.036112793 -10.2973091 -0.373123135 2.173377957 -0.97219513 0.540401251
22.03333333 -5.100204769 -2.986961499 -4.786005985 35.8991817 -12.74675091 -8.681122045 -19.16499578 -0.178048253 1.658309817 -10.28151479 3.033633725 -10.28150891 -0.364708541 2.166728652 -0.961369605 0.560579788
22.06666667 -5.349741293 -3.218852469 -4.982383491 37.47814107 -12.26521501 -8.883856448 -19.82759367 -0.169979427 1.663951493 -10.26828808 3.031899306 -10.2682833 -0.357664376 2.162636303 -0.949588422 0.577724236
22.1 -5.6082287 -3.463993054 -5.219636742 39.03983943 -11.68010418 -9.097922026 -20.52651971 -0.162252455 1.669424784 -10.25773811 3.030787919 -10.25773445 -0.352000442 2.1611475 -0.93660346 0.59252141
22.13333333 -5.877163983 -3.72357097 -5.491912941 40.58657916 -11.0040794 -9.321473188 -21.25961192 -0.154547592 1.674786003 -10.24993965 3.030159423 -10.24993709 -0.347684165 2.162189867 -0.922337392 0.605609667
22.16666667 -6.158328176 -3.998779911 -5.791948808 42.12082151 -10.2497434 -9.551978831 -22.0236993 -0.146582978 1.680117714 -10.24492647 3.029864259 -10.24492496 -0.344638039 2.165578814 -0.906886707 0.617582889
22.2 -6.453633255 -4.290766183 -6.111522466 43.64488478 -9.429113846 -9.786349563 -22.81470529 -0.13808903 1.685506868 -10.24266754 3.029757597 -10.24266698 -0.34275082 2.171021242 -0.890520331 0.629012273
22.23333333 -6.76496007 -4.600554295 -6.441877653 45.16068834 -8.553042202 -10.02108477 -23.62791439 -0.128774755 1.691031439 -10.24305931 3.029723255 -10.24305959 -0.341907212 2.178137628 -0.873656037 0.640456421
22.26666667 -7.094035125 -4.928968285 -6.77410028 46.66956189 -7.6307703 -10.25245329 -24.45826825 -0.118322197 1.696753978 -10.24594788 3.029691333 -10.24594886 -0.342015213 2.186509706 -0.856798139 0.65244259
22.3 -7.442335428 -5.276559814 -7.099438778 48.17214517 -6.669817936 -10.47669022 -25.30056314 -0.106407801 1.702719296 -10.25114662 3.029640178 -10.25114816 -0.342990905 2.195722021 -0.84044579 0.665440851
22.33333333 -7.810983998 -5.643539868 -7.409577209 49.668376 -5.676116231 -10.69017237 -26.14960222 -0.092725817 1.708955363 -10.25843322 3.029588827 -10.25843517 -0.344712954 2.205374615 -0.825010973 0.679851661
22.36666667 -8.200648175 -6.029702178 -7.696898674 51.15753272 -4.65427594 -10.88958532 -27.0003874 -0.07701631 1.715471615 -10.26755259 3.029583026 -10.26755481 -0.347009429 2.215088082 -0.810782637 0.695991039
22.4 -8.6114825 -6.434326188 -7.954764239 52.63829613 -3.607980571 -11.07210771 -27.84836496 -0.05910288 1.722252708 -10.27823038 3.029678021 -10.27823275 -0.349693006 2.224523989 -0.797936409 0.714062553
22.43333333 -9.043126422 -6.856071506 -8.177795344 54.10882084 -2.54046489 -11.23560229 -28.68972512 -0.038921925 1.729249918 -10.29018606 3.029924418 -10.29018846 -0.352613721 2.233405789 -0.78656768 0.734138925
22.46666667 -9.494741004 -7.292909001 -8.362118022 55.56682028 -1.454938344 -11.37877047 -29.52172582 -0.016534456 1.736365072 -10.30314365 3.030361571 -10.30314597 -0.355693915 2.24152185 -0.776726662 0.756163918
22.5 -9.965063911 -7.742127016 -8.505534191 57.00965906 -0.354812102 -11.50122356 -30.3429209 0.007879721 1.743435039 -10.31683027 3.031023109 -10.31683243 -0.358928138 2.24873304 -0.768434957 0.779964933
22.53333333 -10.45246931 -8.200417711 -8.607604953 58.43442824 0.756276186 -11.60346834 -31.15319453 0.034047993 1.750240137 -10.33094833 3.031945457 -10.33095027 -0.362370313 2.254982696 -0.761681748 0.805287477
22.56666667 -10.95503533 -8.664040439 -8.66961742 59.83799213 1.874612571 -11.68684185 -31.95367372 0.061642479 1.756535018 -10.34514478 3.033164802 -10.34514645 -0.366118502 2.260267572 -0.756423673 0.83185291
22.6 -11.47061549 -9.129059459 -8.694407878 61.21701891 2.996800242 -11.75344462 -32.74664903 0.090326307 1.762082614 -10.35902431 3.03471144 -10.35902569 -0.370286633 2.264590117 -0.752598982 0.859408598
22.63333333 -11.99691361 -9.591632968 -8.686040791 62.56801095 4.120303488 -11.80612157 -33.53547963 0.11980348 1.766682511 -10.37219426 3.036608731 -10.37219533 -0.374980011 2.267939902 -0.750135495 0.887758697
22.66666667 -12.53159472 -10.04831313 -8.649363103 63.88735524 5.243778811 -11.84841335 -34.3243315 0.149844254 1.770189883 -10.38428875 3.038867176 -10.38428951 -0.380282738 2.270287983 -0.748933437 0.916780866
22.7 -13.07242982 -10.4963004 -8.589509422 65.17141644 6.367035589 -11.88430367 -35.11772159 0.18028469 1.772528585 -10.394971 3.04147674 -10.39497147 -0.386238781 2.271568489 -0.748838814 0.946437673
22.73333333 -13.61741019 -10.93359121 -8.511498275 66.41666981 7.490885384 -11.9177861 -35.92006158 0.211017623 1.773707766 -10.40395615 3.044399077 -10.40395635 -0.392834145 2.27165448 -0.749647155 0.976790141
22.76666667 -14.1648126 -11.35900138 -8.420035139 67.61984144 8.617154372 -11.95244068 -36.7353686 0.241947741 1.773835142 -10.41106784 3.047545632 -10.41106781 -0.400004066 2.27034105 -0.751142131 1.007975367
22.8 -14.71324612 -11.77208991 -8.319533716 68.77801631 9.748838157 -11.99110555 -37.5670813 0.272898172 1.773112332 -10.41629246 3.050742748 -10.41629223 -0.407655951 2.267354272 -0.753121908 1.040123005
22.83333333 -15.26166821 -12.17300988 -8.214267215 69.8886808 10.89020458 -12.03564599 -38.41786219 0.303524898 1.771811222 -10.41980387 3.053702544 -10.41980347 -0.415690672 2.262397691 -0.755379801 1.073268716
22.86666667 -15.80933539 -12.56231592 -8.108546956 70.94968283 12.04675949 -12.08682082 -39.28939716 0.333281473 1.770238863 -10.42196324 3.056020852 -10.42196272 -0.424024605 2.255255679 -0.75766655 1.107314864
22.9 -16.35569483 -12.94076884 -8.006863565 71.95912662 13.22504613 -12.14424314 -40.18222095 0.361422089 1.768701531 -10.42329666 3.057224224 -10.42329606 -0.432609976 2.245927874 -0.759682646 1.142016209
22.93333333 -16.90023803 -13.30917069 -7.913931599 72.91526162 14.43214967 -12.20647057 -41.09553803 0.387036082 1.767478409 -10.42445359 3.056858159 -10.42445295 -0.441444181 2.234671348 -0.761103246 1.17696205
22.96666667 -17.44231509 -13.66824024 -7.834603276 73.81643373 15.67491249 -12.27123519 -42.02709027 0.409136053 1.766799925 -10.42614437 3.054568089 -10.42614371 -0.450560431 2.221928265 -0.761595496 1.211571674
23 -17.98092327 -14.01854436 -7.773678136 74.66115534 16.95914063 -12.33575507 -42.97323281 0.426830503 1.766819068 -10.42903269 3.050154139 -10.42903205 -0.460002129 2.208252194 -0.760800951 1.245153842
23.03333333 -18.51454521 -14.36050186 -7.735624548 75.44832319 18.28904209 -12.39708543 -43.92928 0.439563615 1.767591046 -10.43358222 3.043624974 -10.43358161 -0.46979116 2.194268597 -0.758294051 1.277052224
23.06666667 -19.04111484 -14.69440251 -7.724173663 76.17748226 19.66677904 -12.4524542 -44.88990665 0.447296326 1.76908956 -10.4399324 3.035230743 -10.43993185 -0.479896128 2.180633684 -0.753552254 1.30681138
23.1 -19.55811461 -15.02036986 -7.741808424 76.84895425 21.09194944 -12.49947956 -45.84933209 0.450508581 1.771252836 -10.44788903 3.025424308 -10.44788855 -0.490215506 2.167973133 -0.745973777 1.334273071
23.13333333 -20.06277752 -15.33831672 -7.789279183 77.46380409 22.56120912 -12.53623355 -46.80132974 0.450057521 1.774025779 -10.45702557 3.014770587 -10.45702517 -0.500588887 2.156816434 -0.734951212 1.359572215
23.16666667 -20.55236431 -15.64798812 -7.865241061 78.0237514 24.06834181 -12.56118862 -47.73927674 0.446997863 1.777376945 -10.46682402 3.003858605 -10.46682371 -0.510821331 2.14756199 -0.719975016 1.383050414
23.2 -21.02446363 -15.94911202 -7.966016219 78.53108523 25.60475287 -12.57309285 -48.65627654 0.442419984 1.781289226 -10.4767892 2.993233401 -10.47678897 -0.520697701 2.140466648 -0.700728213 1.405123601
23.23333333 -21.4772804 -16.24162004 -8.085457536 78.98856455 27.16018341 -12.57082425 -49.54527351 0.437329413 1.785738552 -10.48650403 2.983352668 -10.48650389 -0.529986804 2.135645211 -0.677128302 1.42615203
23.26666667 -21.90989364 -16.52588232 -8.214913138 79.39928633 28.72349262 -12.55325663 -50.39918094 0.432582436 1.790678652 -10.49562565 2.974565347 -10.49562558 -0.538451902 2.133086125 -0.64929039 1.446370647
23.3 -22.32244575 -16.80291744 -8.343367756 79.76654814 30.28339477 -12.51913522 -51.21111396 0.428860532 1.796039142 -10.5038576 2.967093159 -10.5038576 -0.54587592 2.132663899 -0.617468166 1.465895866
23.33333333 -22.7162268 -17.07456393 -8.45785523 80.0937523 31.82901712 -12.46691837 -51.97472847 0.426660132 1.80173686 -10.51095596 2.961015873 -10.51095601 -0.552093944 2.134146202 -0.582067903 1.484761359
23.36666667 -23.09363967 -17.34358201 -8.544119501 80.38436161 33.35020016 -12.39461806 -52.68457542 0.426304464 1.80769208 -10.51677394 2.956275478 -10.51677404 -0.557018008 2.137211072 -0.543728103 1.502953624
23.4 -23.45808272 -17.61362883 -8.587393516 80.64186297 34.83758409 -12.29983762 -53.33637045 0.427967369 1.813833516 -10.52128131 2.952697967 -10.52128145 -0.560639937 2.141463969 -0.503359841 1.520436903
23.43333333 -23.81381143 -17.88908906 -8.573160597 80.86969321 36.28257987 -12.18007781 -53.927112 0.43166979 1.820088452 -10.52452609 2.95002704 -10.52452625 -0.563010956 2.146470728 -0.462084628 1.537139555
23.46666667 -24.16573494 -18.17478478 -8.487803506 81.07113073 37.67730865 -12.03311023 -54.4550631 0.437297424 1.826373197 -10.52656518 2.947966401 -10.52656536 -0.56421725 2.151819089 -0.421081993 1.552959141
23.5 -24.51904857 -18.47558311 -8.319095879 81.2491929 39.01456585 -11.8572573 -54.91962441 0.444748587 1.832597161 -10.52739037 2.946219033 -10.52739055 -0.564366943 2.157164358 -0.3813802 1.567897692
23.53333333 -24.87877804 -18.79597801 -8.056591787 81.4065748 40.28782699 -11.65157772 -55.32111015 0.454131892 1.838677351 -10.52689775 2.944513338 -10.52689792 -0.563584408 2.162227664 -0.343701017 1.582241377
23.56666667 -25.24943451 -19.13975448 -7.69199834 81.54562957 41.49127731 -11.41597699 -55.66051808 0.465799592 1.844556075 -10.52496223 2.942614142 -10.5249624 -0.562012358 2.166769749 -0.30848803 1.596569037
23.6 -25.6348671 -19.50972101 -7.219441685 81.6683751 42.61985135 -11.15120588 -55.93934494 0.480199288 1.850211413 -10.52155709 2.940317473 -10.52155725 -0.559820755 2.170585307 -0.276035468 1.611578346
23.63333333 -26.03827072 -19.90745685 -6.635456148 81.77651472 43.66929364 -10.8586986 -56.15939279 0.497689151 1.855643344 -10.51678817 2.937438682 -10.5167883 -0.557202718 2.17353089 -0.246538643 1.627873841
23.66666667 -26.46226892 -20.3331171 -5.938705666 81.87144764 44.63626448 -10.54032926 -56.32260005 0.518394581 1.860839956 -10.51084006 2.933812748 -10.51084017 -0.554351967 2.175559055 -0.220065197 1.645787264
23.7 -26.90900714 -20.78534395 -5.129563565 81.95425813 45.51851255 -10.19818576 -56.43095796 0.542116412 1.86574845 -10.50391465 2.929308267 -10.50391474 -0.551443649 2.176732764 -0.19652663 1.665253285
23.73333333 -27.38025782 -21.26128412 -4.20962593 82.02570221 46.3150882 -9.83431667 -56.48643072 0.568281901 1.870258064 -10.49618171 2.923843636 -10.49618178 -0.548626907 2.177206437 -0.175658784 1.685756227
23.76666667 -27.87754515 -21.75672907 -3.181234716 82.08620521 47.02651429 -9.450441382 -56.49080701 0.595917404 1.874186544 -10.48774752 2.917398996 -10.48774757 -0.5460145 2.177188312 -0.157034956 1.706330579
23.8 -28.40222962 -22.26638469 -2.047117271 82.1358722 47.65486349 -9.047725021 -56.44552935 0.623652005 1.87727867 -10.47867737 2.91001689 -10.47867739 -0.543674532 2.176911906 -0.140159066 1.725609838
23.83333333 -28.9555069 -22.7842047 -0.810167852 82.17451594 48.20375621 -8.626697927 -56.35162146 0.649780973 1.879231648 -10.469056 2.901787102 -10.46905601 -0.541644252 2.176612438 -0.124588055 1.74193294
23.86666667 -29.53834247 -23.30370794 0.526650525 82.20171337 48.67833343 -8.187320027 -56.20980783 0.672388945 1.879735301 -10.45902886 2.892824462 -10.45902884 -0.539954384 2.17650504 -0.109998723 1.75349694
23.9 -30.15137808 -23.81825786 1.960275159 82.21690196 49.08521582 -7.729106606 -56.02073052 0.689502405 1.878505419 -10.44881572 2.883252354 -10.44881569 -0.538638063 2.176779923 -0.096206912 1.75852147
23.93333333 -30.79483139 -24.32130601 3.487421797 82.21951306 49.43232034 -7.251280713 -55.78511324 0.699235921 1.875307593 -10.43871605 2.87318942 -10.43871602 -0.53772486 2.177607335 -0.083172311 1.755389631
23.96666667 -31.46838403 -24.80659201 5.104435391 82.20913504 49.72848236 -6.7529721 -55.50384182 0.699917953 1.869978376 -10.42910223 2.862730071 -10.42910219 -0.537236855 2.179140527 -0.070988473 1.742760504
24 -32.17106245 -25.2682955 6.807127606 82.18569086 49.9830205 -6.233407919 -55.17794251 0.690198329 1.862446413 -10.42038966 2.851930274 -10.42038962 -0.537190393 2.181528832 -0.059859372 1.719655478
24.03333333 -32.90114762 -25.70114785 8.590641104 82.14958248 50.20530793 -5.692093824 -54.80850814 0.669139156 1.852745099 -10.41298308 2.840816679 -10.41298303 -0.537594817 2.184945372 -0.050064713 1.685516236
24.06666667 -33.65613986 -26.10051979 10.4494092 82.10176184 50.40435985 -5.129027667 -54.39668936 0.636280341 1.841003559 -10.40721461 2.829410106 -10.40721456 -0.538446809 2.189622386 -0.041915604 1.640239083
24.1 -34.43278185 -26.46249266 12.37720655 82.04373288 50.58850008 -4.544880763 -53.94373109 0.591653553 1.827421419 -10.40329745 2.817745361 -10.4032974 -0.539722465 2.1958906 -0.035710673 1.584165802
24.13333333 -35.22712778 -26.78389765 14.36724673 81.97750071 50.76511304 -3.941063633 -53.45091064 0.535737578 1.812245738 -10.40129907 2.805886459 -10.40129902 -0.541366317 2.204202349 -0.031699022 1.518016983
24.16666667 -36.03464621 -27.06229536 16.41232165 81.90547024 50.94049393 -3.319577726 -52.91918452 0.469370738 1.795755093 -10.40112811 2.793938756 -10.40112807 -0.543275377 2.215117874 -0.030056214 1.442789541
24.2 -36.85036783 -27.29588455 18.5050046 81.83026494 51.11982056 -2.682616121 -52.34855441 0.393615505 1.778250017 -10.40255741 2.782055161 -10.40255738 -0.545292747 2.229266148 -0.030875275 1.359627124
24.23333333 -37.66907473 -27.48336235 20.63791239 81.75442188 51.30723121 -2.032197202 -51.73767627 0.309586803 1.760056714 -10.40530894 2.770442234 -10.40530891 -0.547245388 2.247312846 -0.034156682 1.269684076
24.26666667 -38.48548415 -27.62378905 22.80395299 81.68003079 51.50602591 -1.370132312 -51.08413401 0.218308452 1.741542227 -10.40916605 2.75936648 -10.40916603 -0.549010246 2.269943441 -0.039793304 1.174047624
24.3 -39.29441076 -27.71653581 24.99648473 81.60849667 51.7188979 -0.698177666 -50.38505339 0.120631916 1.723118458 -10.4140461 2.749140012 -10.41404609 -0.550542691 2.297809035 -0.047578573 1.07372207
24.33333333 -40.09092174 -27.7613582 27.20937645 81.5404977 51.9479834 -0.01811768 -49.63765694 0.017197097 1.705218784 -10.42001849 2.740083352 -10.42001848 -0.551851555 2.331423723 -0.057252979 0.969608797
24.36666667 -40.87044919 -27.75854333 29.43698123 81.47605593 52.19471884 0.668182937 -48.83979531 -0.091560952 1.688258888 -10.42729668 2.732492081 -10.42729668 -0.552966088 2.371086005 -0.068558092 0.86248129
24.4 -41.62882084 -27.70904872 31.67403894 81.41465033 52.45969859 1.358687434 -47.99048942 -0.205353138 1.672600172 -10.43621308 2.726609382 -10.43621308 -0.553928981 2.416847651 -0.081265828 0.752985447
24.43333333 -42.36220998 -27.61458789 33.91550604 81.35535946 52.74262881 2.051097923 -47.09043541 -0.323959266 1.658527448 -10.44717432 2.722593875 -10.44717433 -0.554803532 2.468522571 -0.095196226 0.64163785
24.46666667 -43.06702628 -27.47764089 36.15627879 81.29702075 53.04231043 2.742746767 -46.14254316 -0.447171705 1.646245431 -10.4606166 2.720493199 -10.46061661 -0.555679606 2.525744162 -0.110249705 0.528795199
24.5 -43.73978686 -27.30139327 38.39078098 81.23839112 53.35659816 3.430426698 -45.15240828 -0.574771918 1.63588448 -10.47697881 2.720233418 -10.47697882 -0.556692681 2.588047529 -0.126435844 0.414609763
24.53333333 -44.3770214 -27.08963431 40.61250035 81.17830139 53.68234958 4.110271549 -44.12837083 -0.706510388 1.627500144 -10.49667739 2.721629786 -10.4966774 -0.558057512 2.654954489 -0.143854316 0.299008914
24.56666667 -44.97527275 -26.84665179 42.81368456 81.11578698 54.01540607 4.777802057 -43.08108444 -0.842060857 1.621058003 -10.52004595 2.724418098 -10.52004597 -0.56007828 2.726055161 -0.162627371 0.181730277
24.6 -45.53121132 -26.57714782 44.98534197 81.05018229 54.35069955 5.428080893 -42.02287359 -0.980964929 1.616410404 -10.54724114 2.728289866 -10.54724116 -0.563112678 2.801073064 -0.182832443 0.062414264
24.63333333 -46.0418301 -26.28617606 47.1175578 80.98117492 54.68252758 6.055903186 -40.96710251 -1.122586844 1.613286884 -10.57816927 2.732922378 -10.57816929 -0.567524824 2.8798918 -0.20445862 -0.059265738
24.66666667 -46.50467667 -25.97908047 49.20005567 80.90880737 55.00489717 6.656019281 -39.92759239 -1.266069048 1.611316741 -10.61246736 2.738008775 -10.61246737 -0.573657245 2.962528441 -0.227373384 -0.183452575
24.7 -46.91806696 -25.66141508 51.22284927 80.83343558 55.31184733 7.223369953 -38.91803011 -1.410289968 1.610079241 -10.64951926 2.743279607 -10.64951927 -0.581806748 3.049061038 -0.251308185 -0.309948272
24.73333333 -47.28123664 -25.33883548 53.17681669 80.75568181 55.59773871 7.753293703 -37.95135777 -1.553857324 1.609165364 -10.6884944 2.748507757 -10.68849441 -0.592194583 3.13953185 -0.275887257 -0.438101302
24.76666667 -47.59442169 -25.01695532 55.05411431 80.67640303 55.85750148 8.241696677 -37.03923232 -1.695162254 1.60824225 -10.72842121 2.753509542 -10.72842122 -0.604946495 3.233858327 -0.300689962 -0.566804249
24.8 -47.85888325 -24.7011786 56.84843935 80.59666938 56.08683534 8.685201277 -36.19161593 -1.832486788 1.607096016 -10.76827892 2.758146936 -10.76827893 -0.620090028 3.331776718 -0.325303847 -0.694602003
24.83333333 -48.07689089 -24.39653344 58.55520112 80.5177367 56.28236287 9.081269412 -35.41648238 -1.964127665 1.605623379 -10.80706581 2.762321823 -10.80706581 -0.637561377 3.432820338 -0.349332169 -0.819843677
24.86666667 -48.25163762 -24.10751903 60.17161414 80.44100435 56.44171961 9.428272211 -34.71962632 -2.088495026 1.603791217 -10.84384044 2.765965653 -10.84384044 -0.657220953 3.536314576 -0.372372583 -0.940822592
24.9 -48.38706633 -23.8379722 61.69666936 80.36796079 56.56357396 9.725501795 -34.10457679 -2.204181536 1.601606433 -10.87777114 2.769038016 -10.87777114 -0.678877034 3.641379057 -0.394025126 -1.055897602
24.93333333 -48.48765458 -23.59096947 63.13098384 80.30011861 56.64763015 9.973152084 -33.57259256 -2.310023493 1.599101845 -10.90819488 2.771532987 -10.90819488 -0.70230314 3.74695259 -0.413950771 -1.163600879
24.96666667 -48.5582057 -23.36877262 64.47659589 80.23892931 56.69463096 10.17228548 -33.12273026 -2.405155124 1.596321555 -10.93465343 2.77347921 -10.93465343 -0.727241728 3.851843549 -0.431942656 -1.262726752
25 -48.60364407 -23.17282046 65.7367691 80.18567066 56.70625635 10.32476989 -32.75208425 -2.489040976 1.59330192 -10.95689885 2.774929365 -10.95689885 -0.753400993 3.954789904 -0.447966578 -1.35240297
25.03333333 -48.62879466 -23.00376871 66.9157893 80.14132557 56.68488228 10.43317316 -32.45628601 -2.561484076 1.590059709 -10.97487992 2.775945877 -10.97487992 -0.780449048 4.054527327 -0.462159674 -1.432134051
25.06666667 -48.63813202 -22.86155443 68.01867054 80.10649465 56.63333966 10.50065417 -32.23009017 -2.62259916 1.586606909 -10.98872032 2.776593536 -10.98872032 -0.80801446 4.14985498 -0.474797087 -1.501779241
25.1 -48.63551901 -22.74544884 69.05072924 80.08136947 56.55477583 10.53089543 -32.06777761 -2.672732249 1.582996314 -10.99869043 2.776942091 -10.99869043 -0.835703039 4.23967221 -0.486238445 -1.561455892
25.13333333 -48.62402076 -22.65411136 70.01706833 80.06575229 56.45256308 10.52805511 -31.96337509 -2.712365287 1.579360493 -11.00517154 2.777068981 -11.00517153 -0.863116299 4.323001362 -0.496877164 -1.611430412
25.16666667 -48.60587143 -22.58567759 70.9220275 80.0590945 56.33019113 10.49668852 -31.91082836 -2.742078863 1.575910799 -11.00862395 2.777056693 -11.00862394 -0.889856087 4.399028885 -0.507113453 -1.652073466
25.2 -48.5825739 -22.53785624 71.76864343 80.06055277 56.19117708 10.44163272 -31.90411001 -2.762581384 1.57292121 -11.00956569 2.776986425 -11.00956569 -0.915524537 4.467151295 -0.517333149 -1.683885031
25.23333333 -48.55504956 -22.50801069 72.55820401 80.06907569 56.03904314 10.36787708 -31.93722156 -2.77474838 1.570714281 -11.0085521 2.776928131 -11.0085521 -0.939731658 4.526996587 -0.527865123 -1.707530178
25.26666667 -48.52377373 -22.49325729 73.28999674 80.08350845 55.87733347 10.28042008 -32.00420044 -2.779627227 1.569624788 -11.00615065 2.776930622 -11.00615065 -0.962111608 4.578407521 -0.538934536 -1.723841835
25.3 -48.48888217 -22.49060571 73.96128308 80.10268136 55.70958958 10.18410783 -32.09923265 -2.778401918 1.569942868 -11.00292255 2.777018248 -11.00292255 -0.982351665 4.621398697 -0.550649458 -1.733791847
25.33333333 -48.45027017 -22.49713619 74.56746279 80.12547032 55.53927208 10.08347695 -32.21682233 -2.772330375 1.571860844 -10.99941857 2.777189367 -10.99941857 -1.000236728 4.656109107 -0.563032144 -1.738434977
25.36666667 -48.40769583 -22.51018909 75.10237486 80.15085218 55.36969461 9.982630631 -32.35191371 -2.762670237 1.575443585 -10.99616112 2.777408515 -10.99616111 -1.015672736 4.682756986 -0.576080493 -1.738828195
25.4 -48.36086901 -22.52751408 75.55870145 80.17797344 55.20399594 9.885152239 -32.49993243 -2.750599248 1.58063802 -10.99360673 2.777603384 -10.99360673 -1.028661895 4.701620918 -0.589825414 -1.735946459
25.43333333 -48.30950931 -22.54733325 75.92845865 80.20622193 55.04511344 9.79403373 -32.65679791 -2.737141759 1.58730195 -10.99212882 2.777675342 -10.99212882 -1.039271827 4.713069226 -0.604346343 -1.730621292
25.46666667 -48.25337498 -22.56831445 76.20351281 80.23528833 54.89573328 9.711607476 -32.8189437 -2.723134889 1.595219869 -10.99201778 2.777511319 -10.99201778 -1.047625831 4.717604273 -0.619747179 -1.723520075
25.5 -48.19224462 -22.58947992 76.37598129 80.26521527 54.75822489 9.639497092 -32.98331139 -2.709237899 1.604109805 -10.99347498 2.776991412 -10.99347498 -1.053892683 4.715882223 -0.636130082 -1.715164035
25.53333333 -48.12581126 -22.61007838 76.43836969 80.29642823 54.63455509 9.578597306 -33.14730607 -2.695951972 1.613638206 -10.996612 2.775997413 -10.996612 -1.058265128 4.708701699 -0.653593634 -1.705960632
25.56666667 -48.05350863 -22.62944057 76.38343271 80.32973637 54.5261778 9.529096522 -33.30874582 -2.683638444 1.623442422 -11.00145986 2.77442535 -11.00145986 -1.060929115 4.696966617 -0.67224488 -1.696231161
25.6 -47.97436071 -22.64683174 76.20392526 80.36629867 54.43397538 9.49056299 -33.465807 -2.672532982 1.633152196 -11.00796769 2.772202096 -11.00796769 -1.062034971 4.681649123 -0.692184003 -1.686225946
25.63333333 -47.88693033 -22.66132963 75.89246825 80.4075708 54.3583016 9.462068092 -33.61699935 -2.662747357 1.64240815 -11.01597887 2.769296432 -11.01597887 -1.061697033 4.663773888 -0.713442766 -1.676126085
25.66666667 -47.78938979 -22.67176757 75.44167863 80.45525783 54.29904317 9.442298173 -33.76123632 -2.654272351 1.650883028 -11.02520771 2.765716938 -11.02520771 -1.060026278 4.64440053 -0.735905949 -1.66604567
25.7 -47.67969736 -22.67675591 74.84459973 80.5112725 54.25565612 9.429650802 -33.89795918 -2.646999581 1.658305925 -11.03525185 2.761501934 -11.03525185 -1.05716409 4.624569863 -0.759254429 -1.656043458
25.73333333 -47.55583976 -22.67477277 74.09537161 80.57766762 54.22722688 9.42232659 -34.02721987 -2.640756369 1.664478477 -11.04564972 2.756707891 -11.04564973 -1.053291676 4.605210789 -0.782957311 -1.64613079
25.76666667 -47.4160889 -22.66431914 73.1900087 80.65652793 54.2125724 9.418418246 -34.14967597 -2.635334745 1.669278436 -11.05595287 2.751409954 -11.05595287 -1.048625067 4.587056381 -0.80633068 -1.636266537
25.8 -47.25920806 -22.64411232 72.1270764 80.74984754 54.21034837 9.41600847 -34.26647574 -2.630505024 1.672656386 -11.06576865 2.745723409 -11.06576865 -1.043415848 4.570630778 -0.828656041 -1.626356721
25.83333333 -47.08456367 -22.61326031 70.90807585 80.8594251 54.21912248 9.413280887 -34.37905898 -2.626030504 1.674625191 -11.0747775 2.739821535 -11.0747775 -1.037943328 4.556276268 -0.849313542 -1.616287215
25.86666667 -46.89215714 -22.5713745 69.53755398 80.98677701 54.23739192 9.408616946 -34.48897194 -2.621695542 1.675241057 -11.08274914 2.733930285 -11.08274914 -1.032474108 4.544134974 -0.867861295 -1.605984285
25.9 -46.68260231 -22.51860986 68.02304777 81.13305503 54.2635901 9.400645678 -34.59776012 -2.617321074 1.674589699 -11.08954207 2.728317844 -11.08954207 -1.027204072 4.534134432 -0.884028265 -1.595444186
25.93333333 -46.45705306 -22.45564177 66.37485075 81.29896867 54.29612578 9.388258378 -34.70689491 -2.612749193 1.672791773 -11.09508454 2.723289694 -11.09508454 -1.022216615 4.526088694 -0.897662571 -1.584692554
25.96666667 -46.21708993 -22.38359748 64.60561206 81.48471476 54.33342428 9.370628298 -34.81769014 -2.607815304 1.670021183 -11.09935859 2.71917324 -11.09935859 -1.017484879 4.519800257 -0.908691314 -1.5737094
26 -45.96457525 -22.30395397 62.72987663 81.68991695 54.37393837 9.347238699 -34.93122778 -2.60231978 1.666521829 -11.10238795 2.716291681 -11.10238795 -1.012917914 4.515003892 -0.917099228 -1.562365065
26.03333333 -45.70148748 -22.21842354 60.76363769 81.91359546 54.41614939 9.317895904 -35.0483047 -2.595994704 1.662618256 -11.10422674 2.714956748 -11.10422674 -1.008413448 4.511283209 -0.922907469 -1.550383484
26.06666667 -45.42975969 -22.12885756 58.72391369 82.15418359 54.45858199 9.28271539 -35.16940828 -2.588479288 1.658714649 -11.10495143 2.71548527 -11.10495143 -1.003889024 4.50811642 -0.9261488 -1.537344511
26.1 -45.151137 -22.03716355 56.62831915 82.40958224 54.49983181 9.242074721 -35.29474305 -2.579331774 1.655273064 -11.10466143 2.718199198 -11.10466143 -0.999288643 4.504979642 -0.926853834 -1.52272984
26.13333333 -44.8670396 -21.9452047 54.49457324 82.67723338 54.53858043 9.19652703 -35.42430567 -2.568074676 1.652777278 -11.10349086 2.723395715 -11.10349086 -0.994573141 4.501403607 -0.925066406 -1.505995508
26.16666667 -44.57843367 -21.85467196 52.33993907 82.95419874 54.57355907 9.146674858 -35.55798804 -2.554242324 1.651697973 -11.10162244 2.731320706 -11.10162244 -0.989715043 4.496976726 -0.920888354 -1.486642305
26.2 -44.28576686 -21.76694707 50.18065902 83.23723514 54.60348398 9.093008877 -35.69572158 -2.537425831 1.652461632 -11.0992917 2.742156344 -11.0992917 -0.984705873 4.491332186 -0.914527259 -1.464276223
26.23333333 -43.98900956 -21.68298524 48.03144537 83.52287234 54.62703567 9.03573253 -35.83767375 -2.517326496 1.655421383 -11.09678273 2.756006275 -11.09678273 -0.979561166 4.484145342 -0.906312739 -1.438663975
26.26666667 -43.68776092 -21.60323149 45.90504207 83.807524 54.6428845 8.97463406 -35.98442578 -2.493800039 1.660834821 -11.09442758 2.772882116 -11.09442758 -0.974320123 4.47512612 -0.896670398 -1.409766197
26.3 -43.38135636 -21.52756729 43.81186036 84.08765126 54.64970332 8.909061521 -36.13704827 -2.466875936 1.668850517 -11.09261002 2.792702177 -11.09261002 -0.969044365 4.463999665 -0.886084081 -1.377736515
26.33333333 -43.06896121 -21.45527699 41.7596831 84.35994548 54.64615779 8.837978132 -36.29707371 -2.436765894 1.679504153 -11.09175608 2.815297135 -11.09175608 -0.963811582 4.450505769 -0.875082857 -1.342907294
26.36666667 -42.74966266 -21.38503481 39.75346365 84.62147747 54.63087643 8.76001319 -36.46642596 -2.40386422 1.692727097 -11.09229982 2.840422041 -11.09229982 -0.958705733 4.434420741 -0.864246229 -1.305770551
26.4 -42.42256144 -21.31494066 37.79532634 84.86978907 54.60232905 8.673431238 -36.64739029 -2.368722989 1.708362322 -11.09463309 2.867779147 -11.09463309 -0.95380894 4.415585943 -0.854194385 -1.266934421
26.43333333 -42.08684771 -21.24264328 35.88485677 85.10292756 54.55866079 8.57602368 -36.84267439 -2.331999013 1.726178541 -11.0990609 2.897039037 -11.0990609 -0.949201705 4.393938882 -0.84555035 -1.227052045
26.46666667 -41.74180679 -21.16553675 34.01943744 85.3194151 54.49771326 8.464924068 -37.05563193 -2.29438553 1.745883536 -11.10577655 2.927851318 -11.10577655 -0.944976113 4.369530212 -0.838892563 -1.186744022
26.5 -41.38667848 -21.08092038 32.19401969 85.51812563 54.41721379 8.336248661 -37.29077372 -2.256554462 1.767148423 -11.11486042 2.959860714 -11.11486042 -0.941246467 4.342509449 -0.834731471 -1.146532666
26.53333333 -41.02044789 -20.98604149 30.40033099 85.69807489 54.31486607 8.184722257 -37.55429551 -2.219139889 1.789647588 -11.12629982 2.992733235 -11.12629982 -0.938137708 4.313087395 -0.833519782 -1.106801155
26.56666667 -40.64182903 -20.87812878 28.6266456 85.85821512 54.18838948 8.003813287 -37.853887 -2.182758686 1.813091962 -11.14001807 3.02617323 -11.14001807 -0.935759502 4.281506131 -0.8356613 -1.06778915
26.6 -40.24953174 -20.75455819 26.85881323 85.99734552 54.03572109 7.786541004 -38.19757167 -2.148035306 1.837224728 -11.15590202 3.059923889 -11.15590202 -0.934189046 4.2480333 -0.841499896 -1.029624172
26.63333333 -39.84260263 -20.61308489 25.08182443 86.11416114 53.85528913 7.526533151 -38.59215918 -2.115611357 1.861790351 -11.17382689 3.093760889 -11.17382689 -0.933471484 4.2129632 -0.851305148 -0.992368871
26.66666667 -39.42064817 -20.45198931 23.281099 86.2073765 53.6461869 7.218952556 -39.04195688 -2.086126169 1.886520631 -11.19367289 3.127490562 -11.19367289 -0.93362909 4.176612469 -0.865246217 -0.956050329
26.7 -38.98391816 -20.270118 21.44344408 86.27585659 53.40826365 6.861166755 -39.54801297 -2.060154512 1.911148289 -11.21532031 3.160956115 -11.21532031 -0.934667669 4.139317355 -0.883337635 -0.920652669
26.73333333 -38.53330237 -20.06688919 19.55786596 86.31871549 53.14218246 6.453088886 -40.10791541 -2.038121267 1.935423406 -11.23862368 3.194038582 -11.23862368 -0.936579599 4.101442209 -0.905370559 -0.886099811
26.76666667 -38.0702893 -19.84229988 17.61630889 86.33535132 52.84938101 5.997147843 -40.71604069 -2.020239246 1.959126321 -11.26338535 3.226642762 -11.26338535 -0.939348601 4.063388683 -0.930860339 -0.852254014
26.8 -37.59690039 -19.59691876 15.61429051 86.32541907 52.5318499 5.49792494 -41.3640884 -2.006493627 1.982084952 -11.28934843 3.258680509 -11.28934843 -0.942967227 4.025570762 -0.959049401 -0.81891228
26.83333333 -37.11561139 -19.33181996 13.55130134 86.28878617 52.19181962 4.961590027 -42.04175738 -1.996667552 2.004185355 -11.31621269 3.29005586 -11.31621269 -0.947483941 3.988354365 -0.988987892 -0.785800643
26.86666667 -36.62929114 -19.04843153 11.43081855 86.22551249 51.83156947 4.395326889 -42.73748056 -1.990404757 2.025361805 -11.34364964 3.320640352 -11.34364964 -0.953073595 3.951974917 -1.019667679 -0.752600028
26.9 -36.14115661 -18.74833966 9.259903822 86.13587181 51.45341729 3.806874481 -43.4391544 -1.98730087 2.045566685 -11.3712946 3.350252569 -11.3712946 -0.960083208 3.916441258 -1.05014827 -0.719008703
26.93333333 -35.65471386 -18.43312786 7.04849498 86.02040394 51.05974829 3.204196085 -44.13480679 -1.986992694 2.06472845 -11.39874108 3.378671788 -11.39874108 -0.968995034 3.88151477 -1.079624484 -0.684813656
26.96666667 -35.17366864 -18.10431466 4.808552965 85.87995335 50.65292129 2.595246819 -44.81318635 -1.989213032 2.08271717 -11.4255703 3.405678778 -11.4255703 -0.980315216 3.846815265 -1.107443975 -0.649947024
27 -34.70179605 -17.76342497 2.553222738 85.71565171 50.23492456 1.987817355 -45.46429124 -1.993797379 2.099341722 -11.45140158 3.431093434 -11.45140158 -0.994462315 3.811951079 -1.133122261 -0.614510468
27.03333333 -34.24276275 -17.41217664 0.296169454 85.52882887 49.80670933 1.389429399 -46.07994164 -2.000643681 2.114391007 -11.47593702 3.45479966 -11.47593702 -1.011706116 3.776593311 -1.156370797 -0.578755466
27.06666667 -33.79992501 -17.05270536 -1.948766904 85.32085759 49.36728515 0.807232964 -46.65453396 -2.009642577 2.127703497 -11.49899017 3.476763916 -11.49899017 -1.032156709 3.74050347 -1.177106284 -0.543036177
27.1 -33.37612263 -16.68773151 -4.167598508 85.09298088 48.91294057 0.247853164 -47.18580796 -2.020610524 2.139224056 -11.5204844 3.497041784 -11.5204844 -1.055772938 3.703534052 -1.195419477 -0.507762633
27.13333333 -32.97346238 -16.32057071 -6.346145288 84.84619441 48.43718258 -0.28278148 -47.6751169 -2.033246669 2.149018148 -11.54041023 3.515759719 -11.54041023 -1.082366177 3.665623857 -1.211516159 -0.473356563
27.16666667 -32.59312684 -15.95495612 -8.47022375 84.58118771 47.93163003 -0.77956174 -48.12702204 -2.047106821 2.157240729 -11.55875761 3.533081676 -11.55875761 -1.111611602 3.626805239 -1.225659798 -0.440206484
27.2 -32.23530007 -15.59475002 -10.52619007 84.29830364 47.38749011 -1.238281413 -48.54854872 -2.061607556 2.164073297 -11.57546383 3.549188173 -11.57546383 -1.143070015 3.587227107 -1.238152406 -0.408638637
27.23333333 -31.89924995 -15.24364464 -12.50178006 83.99753269 46.79710414 -1.655710828 -48.94827079 -2.076104211 2.169662356 -11.59042547 3.564271806 -11.59042547 -1.176205189 3.547184827 -1.249363428 -0.37892152
27.26666667 -31.58348434 -14.90492726 -14.38701845 83.67855258 46.15512665 -2.02963674 -49.33521847 -2.090010477 2.17409929 -11.60357612 3.578525486 -11.60357612 -1.210400851 3.507131404 -1.259754919 -0.351276951
27.3 -31.28588998 -14.58135848 -16.17487437 83.34075147 45.45913935 -2.358847009 -49.7178396 -2.102848261 2.177453918 -11.6149604 3.592120365 -11.6149604 -1.24498752 3.46764234 -1.269837784 -0.325851068
27.33333333 -31.00387251 -14.27515257 -17.86147441 82.98322435 44.7097394 -2.643065052 -50.10319546 -2.114197518 2.179838687 -11.62473505 3.605192366 -11.62473505 -1.27928136 3.429334154 -1.280062013 -0.302662558
27.36666667 -30.73454432 -13.988006 -19.44589146 82.60484151 43.91013818 -2.882822066 -50.4963987 -2.123627448 2.181459918 -11.63309473 3.617834422 -11.63309473 -1.312630284 3.392774934 -1.290716249 -0.281580572
27.4 -30.47495153 -13.72111275 -20.92965115 82.20445481 43.06554534 -3.079270818 -50.90035086 -2.130673346 2.182632766 -11.64018715 3.630089129 -11.64018715 -1.344456809 3.358432458 -1.301901502 -0.262341216
27.43333333 -30.22230538 -13.47514022 -22.31612414 81.78120102 42.18277616 -3.234013798 -51.31580096 -2.134854547 2.183777277 -11.64607651 3.641956574 -11.64607651 -1.374286128 3.326679816 -1.313561742 -0.244580739
27.46666667 -29.97419176 -13.25023419 -23.60989957 81.33483509 41.27010603 -3.349018939 -51.74161161 -2.135728436 2.185388242 -11.65074146 3.65341389 -11.65074146 -1.401741799 3.297847774 -1.325517535 -0.227880367
27.5 -29.72874316 -13.04612193 -24.81617154 80.86604431 40.33717093 -3.426595682 -52.17511136 -2.13297783 2.187956475 -11.65409117 3.664425209 -11.65409117 -1.426516364 3.272281525 -1.337482767 -0.211819867
27.53333333 -29.48474189 -12.8622629 -25.94019411 80.37670065 39.39486301 -3.469357843 -52.61248216 -2.12647183 2.1918857 -11.65604294 3.674939012 -11.65604294 -1.448369062 3.250341253 -1.349086466 -0.195999842
27.56666667 -29.24163961 -12.69797972 -26.98684379 79.87002608 38.45515521 -3.480164912 -53.04912238 -2.116253367 2.197457245 -11.6566417 3.684883968 -11.6566417 -1.467167631 3.232325536 -1.359929109 -0.180018967
27.6 -28.99953122 -12.55257214 -27.96027808 79.35064923 37.53081101 -3.462063825 -53.47994002 -2.10248897 2.204832649 -11.65609948 3.694167489 -11.65609948 -1.482917464 3.218386182 -1.36965872 -0.163460448
27.63333333 -28.75910524 -12.42543158 -28.86371774 78.82451644 36.63500761 -3.418249821 -53.89959284 -2.085423076 2.214064652 -11.65471445 3.702682749 -11.65471445 -1.495741355 3.208508146 -1.378042529 -0.145913109
27.66666667 -28.52155527 -12.31615261 -29.69935211 78.29864846 35.78086946 -3.352035481 -54.30265265 -2.065344725 2.225105148 -11.65276263 3.71033542 -11.65276263 -1.505842818 3.202551671 -1.385022962 -0.127000355
27.7 -28.28840633 -12.22462228 -30.46831178 77.78078833 34.98107622 -3.266775366 -54.68364829 -2.042541824 2.237811156 -11.65044436 3.717073561 -11.65044436 -1.513486206 3.200312663 -1.390747557 -0.106365846
27.73333333 -28.06119131 -12.15106726 -31.17074239 77.27899904 34.24782963 -3.165774474 -55.03700709 -2.017194707 2.251951961 -11.64789931 3.72289292 -11.64789931 -1.518991299 3.201534806 -1.395587474 -0.083563161
27.76666667 -27.84107989 -12.09602098 -31.80596334 76.80126197 33.59311053 -3.052258816 -55.35702749 -1.98925547 2.267220496 -11.64524667 3.727821019 -11.64524667 -1.522732303 3.20587754 -1.400097391 -0.057933033
27.8 -27.62870659 -12.06017837 -32.37258244 76.35512139 33.02878457 -2.929388825 -55.63806764 -1.958438233 2.283248874 -11.64258535 3.731889419 -11.64258535 -1.525146246 3.212927307 -1.404836945 -0.02862747
27.83333333 -27.42427858 -12.04417598 -32.86858426 75.94738921 32.56625668 -2.800233274 -55.87494173 -1.924333611 2.299628726 -11.63995266 3.735100076 -11.63995266 -1.526767086 3.222240173 -1.41013382 0.005218392
27.86666667 -27.22782537 -12.04839525 -33.29148443 75.58390315 32.21575646 -2.667668394 -56.06334092 -1.886548057 2.315936469 -11.63729078 3.737407825 -11.63729078 -1.528250875 3.233338838 -1.415959682 0.044290868
27.9 -27.03940484 -12.07287331 -33.63848929 75.26934253 31.98553241 -2.534247459 -56.20016694 -1.84476664 2.331755638 -11.63444391 3.738740998 -11.63444391 -1.530330649 3.245688426 -1.421976009 0.08899316
27.93333333 -26.85919433 -12.11732592 -33.90655594 75.00711611 31.88118203 -2.402105506 -56.28375712 -1.798715091 2.346693247 -11.63117846 3.739050634 -11.63117846 -1.533726465 3.258714312 -1.427668538 0.139460722
27.96666667 -26.68755087 -12.18123665 -34.09233795 74.79933798 31.90516194 -2.272915354 -56.31398075 -1.748109272 2.360390443 -11.62721038 3.738350612 -11.62721038 -1.53907093 3.271857326 -1.432465814 0.195604494
28 -26.52512392 -12.26399207 -34.19205574 74.6468968 32.05646585 -2.147874313 -56.29219038 -1.692678223 2.372524307 -11.62223095 3.736731372 -11.62223095 -1.546856196 3.284639295 -1.435802641 0.25707769
28.03333333 -26.37299458 -12.36504962 -34.20136709 74.54960481 32.33052401 -2.027717026 -56.22106487 -1.63224517 2.382806374 -11.61593442 3.73436033 -11.61593442 -1.55739991 3.296720695 -1.437146978 0.323178064
28.06666667 -26.23274658 -12.48409776 -34.11533862 74.50640209 32.7193667 -1.91275868 -56.10439505 -1.566783622 2.390977058 -11.60805332 3.731474571 -11.60805332 -1.570841949 3.307918139 -1.436024952 0.392808054
28.1 -26.10640569 -12.62116961 -33.92858741 74.51559408 33.21205604 -1.80293967 -55.94682275 -1.496402024 2.396788723 -11.59839754 3.728358561 -11.59839754 -1.587155549 3.318164593 -1.432064827 0.464580499
28.13333333 -25.99630952 -12.77669526 -33.63562708 74.57509807 33.79535614 -1.697844568 -55.75352946 -1.42133259 2.399998796 -11.58689276 3.725310059 -11.58689276 -1.606142329 3.327448483 -1.425067895 0.536990101
28.16666667 -25.90500581 -12.95149818 -33.23141279 74.68265005 34.45457258 -1.59671255 -55.52987896 -1.341989211 2.400394972 -11.57362604 3.722613483 -11.57362604 -1.627420662 3.335795956 -1.415082911 0.608532241
28.2 -25.83516249 -13.14673088 -32.71198982 74.8359117 35.17444478 -1.498479229 -55.28107758 -1.258998246 2.39783539 -11.55887777 3.720533318 -11.55887777 -1.650432846 3.343302282 -1.402416998 0.677801465
28.23333333 -25.78945129 -13.3637332 -32.07508515 75.0324654 35.93989274 -1.401870033 -55.01197321 -1.173122458 2.392278337 -11.54308563 3.719310916 -11.54308563 -1.674477076 3.350146807 -1.387553248 0.74363698
28.26666667 -25.77045829 -13.60382739 -31.32051279 75.26976097 36.73646201 -1.305519741 -54.7270233 -1.085160089 2.383791754 -11.52674189 3.719142382 -11.52674189 -1.698770729 3.3565588 -1.371032779 0.805250661
28.3 -25.78066092 -13.86809479 -30.45034019 75.54507686 37.55051998 -1.208069123 -54.43034053 -0.995896853 2.37254492 -11.51029233 3.720151882 -11.51029233 -1.72253456 3.362776134 -1.353367339 0.862253322
28.33333333 -25.82243977 -14.15716827 -29.4688017 75.85548756 38.36940575 -1.108214894 -54.12573698 -0.906095364 2.358796927 -11.49406791 3.722385413 -11.49406791 -1.745058992 3.369039481 -1.334972772 0.914600007
28.36666667 -25.89811724 -14.47107336 -28.38196589 76.1978 39.18167499 -1.004728065 -53.81675611 -0.816529175 2.342881443 -11.47823471 3.725818021 -11.47823471 -1.765731627 3.375613605 -1.316080584 0.962481974
28.4 -26.01001899 -14.8091712 -27.19721018 76.5684609 39.97739289 -0.896460939 -53.5066795 -0.728074856 2.325153439 -11.46277558 3.730363383 -11.46277558 -1.784045101 3.382793386 -1.29665053 1.006170266
28.43333333 -26.16046921 -15.17020868 -25.92260333 76.9634752 40.74833948 -0.782338726 -53.19845686 -0.641788918 2.305911072 -11.44753238 3.735892087 -11.44753238 -1.799604599 3.390870467 -1.276361601 1.045881761
28.46666667 -26.35162792 -15.55242066 -24.56635504 77.37839692 41.48809586 -0.661334263 -52.89453938 -0.558911603 2.285369131 -11.43229274 3.742252855 -11.43229274 -1.812117991 3.400079472 -1.254724775 1.081734207
28.5 -26.58518726 -15.95364689 -23.13653068 77.80843766 42.19205569 -0.532474671 -52.59665293 -0.480830234 2.263698804 -11.4168866 3.749289491 -11.4168866 -1.821366385 3.410558962 -1.231278702 1.113754893
28.53333333 -26.86201468 -16.37140794 -21.64110731 78.2486574 42.85734684 -0.39490667 -52.30555767 -0.409003456 2.241094151 -11.40127561 3.7568791 -11.40127561 -1.827190087 3.422368784 -1.205755683 1.141897164
28.56666667 -27.18185086 -16.80288403 -20.08816966 78.69414001 43.48261635 -0.247957698 -52.0208879 -0.344809409 2.217839335 -11.3855917 3.764990716 -11.3855917 -1.829496833 3.435551815 -1.178124838 1.166093511
28.6 -27.5431781 -17.24487033 -18.48591985 79.1400863 44.06769325 -0.091168874 -51.74120163 -0.289371304 2.194338348 -11.37007956 3.773700212 -11.37007956 -1.828274058 3.450161625 -1.148530599 1.186348029
28.63333333 -27.94328709 -17.69383883 -16.84238959 79.58184269 44.6132676 0.075660163 -51.46424128 -0.243445491 2.171080546 -11.35498533 3.783129444 -11.35498533 -1.82360011 3.466249055 -1.117202437 1.202799553
28.66666667 -28.3784599 -18.14612621 -15.16499564 80.01493414 45.12072379 0.252429147 -51.18727718 -0.207381047 2.148562893 -11.34047552 3.793360419 -11.34047552 -1.815653467 3.483859083 -1.084377916 1.21572893
28.7 -28.84421388 -18.59815996 -13.46007108 80.43513892 45.59207363 0.438736599 -50.90744226 -0.181126372 2.127212986 -11.32660976 3.804391803 -11.32660976 -1.804711798 3.503042838 -1.050236619 1.225540888
28.73333333 -29.33561437 -19.04663606 -11.73244466 80.8385929 46.0298564 0.633913884 -50.62202137 -0.164276867 2.10734673 -11.31334605 3.816143428 -11.31334605 -1.791135345 3.523861816 -1.014839607 1.232726434
28.76666667 -29.84765574 -19.48861387 -9.98521326 81.2219071 46.43698942 0.837063302 -50.32864759 -0.15618836 2.089170789 -11.30058693 3.828459898 -11.30058693 -1.775348649 3.546361637 -0.978106665 1.237780705
28.8 -30.37566701 -19.92152896 -8.219838134 81.58229385 46.81662244 1.047102507 -50.02535921 -0.156164631 2.072827089 -11.28829648 3.841084805 -11.28829648 -1.757840065 3.570516753 -0.939866826 1.241075595
28.83333333 -30.91566583 -20.34316961 -6.436493754 81.91768285 47.17199508 1.262843959 -49.71054822 -0.163649142 2.058455373 -11.27664289 3.853619438 -11.27664289 -1.739172793 3.596167045 -0.899962422 1.242742173
28.86666667 -31.4645942 -20.75168075 -4.634464707 82.22677805 47.50628324 1.483099784 -49.38293428 -0.178321908 2.046229938 -11.26605711 3.865502994 -11.26605711 -1.719975802 3.622974059 -0.858350899 1.242628514
28.9 -32.0204164 -21.14559549 -2.812451563 82.50900951 47.82247854 1.706772477 -49.04165705 -0.20006576 2.03635232 -11.25716555 3.876048532 -11.25716555 -1.700904472 3.650432641 -0.815164137 1.240342036
28.93333333 -32.58211285 -21.52385086 -0.968762458 82.76438343 48.12332972 1.932921001 -48.68640829 -0.228848475 2.029014736 -11.25065134 3.884525047 -11.25065134 -1.682596367 3.677946868 -0.770725072 1.235334076
28.96666667 -33.14959681 -21.88576827 0.898548401 82.99328561 48.4113331 2.160829909 -48.3174627 -0.264593881 2.024349664 -11.24710531 3.890245086 -11.24710531 -1.665630373 3.704946386 -0.725553531 1.226993762
29 -33.72353345 -22.23099774 2.79150484 83.19630659 48.68874361 2.390090267 -47.93557725 -0.307083523 2.022381108 -11.24690803 3.892637914 -11.24690803 -1.650484588 3.730989607 -0.680376766 1.214744427
29.03333333 -34.30505394 -22.55943389 4.71195959 83.37413128 48.95754076 2.620642796 -47.54184373 -0.355904066 2.02300059 -11.25017912 3.891305704 -11.25017912 -1.637505358 3.755797364 -0.636118252 1.198130756
29.06666667 -34.89541329 -22.87111299 6.66128765 83.52749388 49.21930817 2.852723541 -47.13755927 -0.410451443 2.025979804 -11.25679337 3.886051792 -11.25679337 -1.626889485 3.779220987 -0.593835024 1.176869655
29.1 -35.49565573 -23.16609771 8.640046646 83.65716884 49.47508367 3.08672101 -46.72412253 -0.469982726 2.031007028 -11.26642823 3.876874502 -11.26642823 -1.618671471 3.801200516 -0.554606189 1.150846462
29.13333333 -36.10632606 -23.44437925 10.64764309 83.76397607 49.72527493 3.323018981 -46.3029763 -0.533687892 2.037723043 -11.27862023 3.863937201 -11.27862023 -1.612724761 3.821744201 -0.519413043 1.120069588
29.16666667 -36.72723791 -23.70583435 12.68205325 83.84879872 49.96968646 3.561884888 -45.87559457 -0.600750797 2.04574177 -11.29282769 3.84753576 -11.29282769 -1.60879262 3.840909107 -0.489056799 1.084618527
29.2 -37.35731052 -23.95023917 14.73964761 83.91261186 50.20762192 3.803421078 -45.44345739 -0.670373825 2.054656921 -11.30847512 3.828083323 -11.30847512 -1.606538254 3.858774259 -0.464116544 1.044614603
29.23333333 -37.99451034 -24.17732071 16.8151728 83.95650917 50.43799743 4.047568143 -45.0080023 -0.741775154 2.064045681 -11.32495221 3.806109402 -11.32495221 -1.605580806 3.875430968 -0.444918704 1.000223888
29.26666667 -38.63590948 -24.38681904 18.90190957 83.98170942 50.65947326 4.294115597 -44.57059162 -0.814185974 2.07348294 -11.34159617 3.782250471 -11.34159617 -1.60550855 3.890992632 -0.4315111 0.951688175
29.3 -39.27783197 -24.57853015 20.99197628 83.98953231 50.8706329 4.542685463 -44.13248093 -0.886856206 2.082570249 -11.35770423 3.757215662 -11.35770423 -1.605894179 3.905592442 -0.423665346 0.899370126
29.33333333 -39.91606958 -24.75233378 23.07674503 83.98134938 51.07016366 4.792720054 -43.69474718 -0.959070492 2.090965174 -11.3725782 3.731727756 -11.3725782 -1.60632582 3.91935828 -0.420920184 0.843789401
29.36666667 -40.54613517 -24.90822424 25.14733169 83.95852621 51.25698754 5.043514962 -43.25820085 -1.030169328 2.098398958 -11.38558137 3.706459193 -11.38558137 -1.60644147 3.932397153 -0.422643552 0.785635863
29.4 -41.16350691 -25.04633457 27.19510804 83.92237466 51.43035226 5.294282522 -42.8233282 -1.099572338 2.104687157 -11.39618993 3.681989231 -11.39618993 -1.605955528 3.944808301 -0.428087387 0.725753132
29.43333333 -41.7638573 -25.16695093 29.21220474 83.87412429 51.58989388 5.544210862 -42.39025836 -1.16681142 2.109734523 -11.40402066 3.658786339 -11.40402066 -1.604676255 3.956704254 -0.436434584 0.66508412
29.46666667 -42.3432568 -25.27053355 31.19196903 83.81490093 51.73566481 5.792506395 -41.95873999 -1.23155449 2.113528308 -11.40883791 3.637205546 -11.40883791 -1.602511412 3.968215723 -0.446849568 0.604597663
29.5 -42.89831114 -25.35773847 33.12930801 83.7456995 51.86814212 6.038430937 -41.52812313 -1.293594229 2.116124591 -11.41057155 3.617497342 -11.41057155 -1.599461237 3.979490116 -0.458530887 0.545231208
29.53333333 -43.42621201 -25.42942145 35.02085994 83.66735955 51.98819602 6.28134073 -41.09738003 -1.35282314 2.117635426 -11.40936161 3.599820683 -11.40936161 -1.595608737 3.990720453 -0.470754345 0.487854378
29.56666667 -43.92469652 -25.48662908 36.86497863 83.58056661 52.09696014 6.520702352 -40.66523772 -1.409221241 2.118212629 -11.40558632 3.584248688 -11.40558632 -1.591105684 4.002167731 -0.482908898 0.433243392
29.6 -44.39192145 -25.53059758 38.66155345 83.48590001 52.19562126 6.756067755 -40.23039749 -1.462842373 2.118028332 -11.39980682 3.570774734 -11.39980682 -1.586134059 4.014075313 -0.49452929 0.382059429
29.63333333 -44.82630427 -25.56276817 40.41172421 83.3839122 52.28520166 6.987023658 -39.7917699 -1.513782247 2.117262542 -11.39265045 3.559331374 -11.39265045 -1.580859966 4.026520463 -0.505307254 0.334821168
29.66666667 -45.22640074 -25.58479971 42.11756908 83.27519506 52.36638425 7.213132544 -39.34870943 -1.562135382 2.116094838 -11.38472091 3.549808519 -11.38472091 -1.575429217 4.039367416 -0.515060432 0.291877459
29.7 -45.59085293 -25.59853861 43.78180409 83.16041732 52.43945212 7.4338933 -38.90117943 -1.607959036 2.114688163 -11.37654082 3.542047391 -11.37654082 -1.570001022 4.052340319 -0.523671421 0.253391614
29.73333333 -45.91840861 -25.60591813 45.40747974 83.04034383 52.50440639 7.648750261 -38.44976828 -1.651254476 2.1131662 -11.36848176 3.535817784 -11.36848176 -1.564770615 4.065109247 -0.531034457 0.21933402
29.76666667 -46.20801267 -25.60880254 46.99767079 82.91584584 52.5612056 7.857134049 -37.99556455 -1.691962165 2.111600447 -11.36071185 3.530810212 -11.36071185 -1.559963895 4.077345963 -0.537034201 0.189484018
29.8 -46.45897682 -25.60883 48.55520468 82.78790546 52.60995388 8.058467569 -37.5399705 -1.729980127 2.110017651 -11.35320632 3.526649827 -11.35320632 -1.555819086 4.088754498 -0.541559613 0.16344466
29.83333333 -46.67120116 -25.60731205 50.08248623 82.6575919 52.65089738 8.252035141 -37.08466916 -1.765212746 2.108417876 -11.34580111 3.522918091 -11.34580111 -1.552559867 4.099075015 -0.544541416 0.140673266
29.86666667 -46.84536964 -25.6052219 51.581408 82.52599661 52.68432916 8.436656665 -36.63186411 -1.797622076 2.106788298 -11.33826609 3.519182083 -11.33826609 -1.550365388 4.108080921 -0.545995111 0.120535984
29.9 -46.98306613 -25.60326902 53.05337144 82.39417469 52.71062492 8.610332418 -36.18447675 -1.827259385 2.105112933 -11.33039355 3.51503282 -11.33039355 -1.549347847 4.115583079 -0.546054022 0.102379082
29.93333333 -47.0868272 -25.60202943 54.49954981 82.26313963 52.73037377 8.770200191 -35.74597192 -1.854278553 2.103389015 -11.32207365 3.510121958 -11.32207365 -1.549528568 4.121425201 -0.544972887 0.085598503
29.96666667 -47.1601211 -25.60207284 55.92118595 82.13389765 52.74441725 8.9129044 -35.31999441 -1.878928508 2.101648626 -11.31333324 3.504183605 -11.31333324 -1.55082206 4.125467645 -0.543082769 0.069699729
30 -47.20721282 -25.60403186 57.31947436 82.00749648 52.75381376 9.035102617 -34.91009538 -1.901524844 2.099971458 -11.30433727 3.497037793 -11.30433727 -1.553058211 4.127579484 -0.540713091 0.054361582
30.03333333 -47.23296531 -25.60861162 58.69511732 81.88507344 52.759833 9.133863007 -34.51949147 -1.92241208 2.09848093 -11.29535609 3.488592255 -11.29535609 -1.556019913 4.127648131 -0.538136516 0.039522593
30.06666667 -47.24265031 -25.61656966 60.04798969 81.76787574 52.7639601 9.206941973 -34.15080718 -1.941916665 2.097323228 -11.28671311 3.478853794 -11.28671311 -1.559455095 4.125598767 -0.535573636 0.025475471
30.1 -47.24176352 -25.62867294 61.3770276 81.65723975 52.76786393 9.252984366 -33.80593763 -1.960298354 2.096636566 -11.27873173 3.467933068 -11.27873173 -1.56307642 4.12141982 -0.533254009 0.012918
30.13333333 -47.23584971 -25.64562811 62.68024291 81.55454858 52.77334035 9.271646327 -33.48607185 -1.977742589 2.09652627 -11.27169289 3.456031275 -11.27169289 -1.566581624 4.1151848 -0.531512886 0.002886617
30.16666667 -47.23035127 -25.66800318 63.95481824 81.46118764 52.78220372 9.263634789 -33.19180838 -1.994391439 2.097050001 -11.26581243 3.443418301 -11.26581243 -1.569693124 4.107047154 -0.530869294 -0.003440314
30.2 -47.23042031 -25.69616079 65.19724517 81.37849077 52.79608436 9.230655683 -32.92333282 -2.010350657 2.098203998 -11.26123246 3.430409684 -11.26123246 -1.572187081 4.097210965 -0.532017802 -0.004961623
30.23333333 -47.24066691 -25.73020174 66.40340806 81.30766434 52.81620379 9.175281299 -32.68060034 -2.025673865 2.099915078 -11.25801639 3.417343864 -11.25801639 -1.573904377 4.0859198 -0.535723637 -0.000803981
30.26666667 -47.26491281 -25.76991731 67.56853231 81.24969358 52.84324059 9.100759872 -32.46349115 -2.040371814 2.102051378 -11.25616271 3.404559927 -11.25616271 -1.574760936 4.073464697 -0.542673532 0.009581673
30.3 -47.30599766 -25.81476011 68.68699477 81.2052535 52.87728897 9.010769031 -32.27199171 -2.054432758 2.104444119 -11.25564757 3.392374622 -11.25564757 -1.574747307 4.060162673 -0.55334334 0.026366562
30.33333333 -47.36564082 -25.86382812 69.75202595 81.17466362 52.91785247 8.909134202 -32.10637287 -2.067825183 2.106904297 -11.25646079 3.381064039 -11.25646079 -1.573901095 4.04631369 -0.56791338 0.049345226
30.36666667 -47.44437422 -25.91583814 70.75532895 81.15790793 52.96388771 8.799561401 -31.96729024 -2.080501408 2.109230593 -11.25859966 3.370856843 -11.25859966 -1.572277744 4.032170054 -0.586234869 0.07796665
30.4 -47.54152537 -25.96906907 71.6866308 81.15470338 53.01395925 8.685412989 -31.85579861 -2.092419011 2.111212295 -11.26203802 3.361935388 -11.26203802 -1.56994339 4.01791832 -0.60785087 0.111370016
30.43333333 -47.65522861 -26.02127457 72.53322274 81.16459213 53.06647376 8.569539256 -31.77328172 -2.103597004 2.112632677 -11.26670708 3.354433953 -11.26670708 -1.566975656 4.003672591 -0.632074741 0.148398808
30.46666667 -47.78251134 -26.0695993 73.27966561 81.18703511 53.11986919 8.4541676 -31.72134737 -2.114217891 2.113277555 -11.27249105 3.348429164 -11.27249105 -1.563459486 3.989469639 -0.658092393 0.187568362
30.5 -47.91946347 -26.11057058 73.90787388 81.22147938 53.17271054 8.340847168 -31.70175403 -2.124713713 2.112946839 -11.27922733 3.343929927 -11.27922733 -1.559482755 3.975260825 -0.685044798 0.227046478
30.53333333 -48.06143565 -26.14023692 74.39766608 81.26738479 53.22373527 8.23045733 -31.71636441 -2.13576736 2.111460529 -11.28672703 3.340881285 -11.28672703 -1.555135467 3.960920538 -0.712089648 0.264723368
30.56666667 -48.20325409 -26.1544617 74.72772198 81.3242198 53.27187645 8.123254283 -31.7671079 -2.148240641 2.108659178 -11.29482086 3.339186429 -11.29482086 -1.550514049 3.946268434 -0.738448937 0.298349518
30.6 -48.33945538 -26.1493077 74.87678882 81.39145231 53.31630767 8.018915111 -31.85591 -2.163064744 2.104416796 -11.30338756 3.338733478 -11.30338756 -1.5457238 3.931082765 -0.763440578 0.325695064
30.63333333 -48.46451081 -26.12143432 74.8249543 81.46854395 53.35652605 7.916589082 -31.98453522 -2.181109814 2.098685445 -11.31234787 3.339424377 -11.31234787 -1.54087332 3.915106705 -0.786518808 0.344719057
30.66666667 -48.57301466 -26.06844469 74.55487234 81.55493647 53.39236955 7.814974387 -32.15434017 -2.203040914 2.091560478 -11.32165031 3.341219902 -11.32165031 -1.536078122 3.898066729 -0.807325622 0.353739712
30.7 -48.65984771 -25.98912305 74.05287375 81.65003988 53.42389784 7.712432226 -32.3659434 -2.229179203 2.083321584 -11.33123799 3.344188148 -11.33123799 -1.531472647 3.879721276 -0.825699356 0.351588159
30.73333333 -48.72034456 -25.88353513 73.30985279 81.75323287 53.45122943 7.607159145 -32.61890026 -2.259420105 2.074416141 -11.3409948 3.348507651 -11.3409948 -1.527201084 3.859912143 -0.841623785 0.337719707
30.76666667 -48.75045529 -25.75299552 72.32179427 81.86385407 53.47445363 7.497387675 -32.91155298 -2.293238245 2.065397712 -11.35073073 3.354402866 -11.35073073 -1.523393949 3.838573457 -0.855163007 0.312264897
30.8 -48.74686024 -25.59990916 71.08987276 81.98118328 53.49363387 7.38156032 -33.24105591 -2.329754307 2.056853007 -11.36022424 3.36206204 -11.36022424 -1.520156813 3.81573112 -0.866415653 0.276005705
30.83333333 -48.70701378 -25.4275097 69.62014761 82.10444503 53.50884112 7.25846039 -33.60344582 -2.3678352 2.049334623 -11.36926384 3.371602307 -11.36926384 -1.517560236 3.791534832 -0.875490339 0.230262511
30.86666667 -48.62911462 -25.23952019 67.92291861 82.23283419 53.52014938 7.127288378 -33.9937678 -2.406211414 2.04330673 -11.37765047 3.383076467 -11.37765047 -1.515620386 3.76629116 -0.882492278 0.176724297
30.9 -48.51202881 -25.03975558 66.01183698 82.36553603 53.52757616 6.987677892 -34.40632411 -2.443603485 2.039117539 -11.38518734 3.396462907 -11.38518734 -1.514301735 3.740437102 -0.887519986 0.11728099
30.93333333 -48.3552117 -24.83172099 63.90293434 82.50173504 53.53101255 6.839675463 -34.83498889 -2.478849687 2.03700355 -11.39169516 3.41162472 -11.39169516 -1.513560722 3.714445142 -0.890674569 0.053886087
30.96666667 -48.158652 -24.61828839 61.61377782 82.64060783 53.53019847 6.683705411 -35.27349873 -2.511007612 2.037107841 -11.39704367 3.428287247 -11.39704367 -1.513387276 3.688735231 -0.892063076 -0.011544612
31 -47.92285209 -24.40151118 59.16290991 82.7812688 53.52473925 6.520518482 -35.71569606 -2.539415263 2.039495005 -11.40116599 3.446060436 -11.40116599 -1.513806326 3.663649408 -0.891772346 -0.0772059
31.03333333 -47.64886756 -24.1825888 56.56960963 82.92264131 53.51411407 6.351130585 -36.15570833 -2.563728138 2.044161958 -11.40405788 3.464480521 -11.40405788 -1.51485983 3.639463139 -0.889822509 -0.141462535
31.06666667 -47.33838755 -23.96195921 53.85389456 83.06328044 53.49765733 6.176773512 -36.58804484 -2.583931613 2.051046692 -11.40578313 3.483046436 -11.40578313 -1.516590481 3.616394239 -0.886150372 -0.202886702
31.1 -46.99378945 -23.73948839 51.03661564 83.20122139 53.47454353 5.998855215 -37.00767221 -2.600307991 2.060035825 -11.4064772 3.501252152 -11.4064772 -1.519026709 3.59459294 -0.880669367 -0.260260389
31.13333333 -46.61811488 -23.51470951 48.13947396 83.33392491 53.44384906 5.818911439 -37.41013565 -2.613361001 2.070977336 -11.40633797 3.518630255 -11.40633797 -1.522175614 3.574122323 -0.87338807 -0.312560788
31.16666667 -46.2149633 -23.28704484 45.18483835 83.45835788 53.40471224 5.638552837 -37.7916983 -2.623729385 2.083702615 -11.40561533 3.534811464 -11.40561533 -1.526026191 3.554960649 -0.864511242 -0.358954956
31.2 -45.78833982 -23.05596036 42.1953526 83.57120804 53.35647688 5.459413246 -38.14945477 -2.632122275 2.098049771 -11.40460864 3.54956933 -11.40460864 -1.530562353 3.537036969 -0.854461531 -0.3988061
31.23333333 -45.34249299 -22.82103715 39.19336389 83.66919733 53.29873849 5.283096268 -38.48140523 -2.639290147 2.113872737 -11.40366854 3.562814871 -11.40366854 -1.535787841 3.520257408 -0.843824161 -0.431683463
31.26666667 -44.88176051 -22.58197038 36.20019669 83.74943174 53.23135003 5.111117711 -38.78648323 -2.646022423 2.131031771 -11.40319775 3.574562338 -11.40319775 -1.541742001 3.504484597 -0.833255198 -0.457375627
31.3 -44.41043384 -22.33853281 33.23536198 83.80970373 53.15441892 4.944832975 -39.06454813 -2.653136857 2.149377575 -11.40364341 3.584921907 -11.40364341 -1.548480686 3.489492711 -0.82338516 -0.475893344
31.33333333 -43.93264423 -22.09054603 30.31585607 83.84867498 53.06823953 4.785343682 -39.31634301 -2.66142768 2.168738847 -11.40547169 3.594128978 -11.40547169 -1.556033329 3.474933762 -0.814737957 -0.48743651
31.36666667 -43.45226937 -21.83788824 27.45567114 83.86589548 52.97313078 4.633393474 -39.5434237 -2.671587105 2.188913445 -11.40912669 3.602569509 -11.40912669 -1.564370409 3.460336348 -0.807686341 -0.492332029
31.4 -42.97286397 -21.58053522 24.66553037 83.86162431 52.86924842 4.489270207 -39.74807803 -2.684142326 2.209664953 -11.41499285 3.610767743 -11.41499285 -1.573399583 3.445147638 -0.802467969 -0.490974037
31.43333333 -42.49760425 -21.31860376 21.95277552 83.83646433 52.75643093 4.352746592 -39.93318517 -2.699422021 2.23073057 -11.42337268 3.619333144 -11.42337268 -1.582979705 3.428806614 -0.799273129 -0.483779397
31.46666667 -42.0292244 -21.05237675 19.32137393 83.79092199 52.6340472 4.223095287 -40.10198935 -2.717543784 2.251843132 -11.43447355 3.628887827 -11.43447355 -1.592933688 3.410817711 -0.798373698 -0.471160622
31.5 -41.56994204 -20.78229849 16.77207852 83.72504522 52.50084391 4.099163719 -40.25789764 -2.738422285 2.272761571 -11.44839821 3.640003317 -11.44839821 -1.603058424 3.390797845 -0.80022123 -0.453532277
31.53333333 -41.1214021 -20.50892674 14.30276726 83.63822362 52.35483486 3.979437703 -40.40438576 -2.761795872 2.293295428 -11.46513844 3.65315787 -11.46513844 -1.61313845 3.368498495 -0.805449995 -0.431354419
31.56666667 -40.68467115 -20.23285452 11.90897618 83.52914049 52.19323144 3.862056148 -40.54498604 -2.787254559 2.31331064 -11.48457238 3.668707419 -11.48457238 -1.622947337 3.343802156 -0.81477661 -0.405178311
31.6 -40.26027634 -19.95463998 9.584623234 83.39585473 52.01242214 3.744829984 -40.68328069 -2.814262221 2.33272077 -11.50648032 3.686865525 -11.50648032 -1.632213597 3.316639082 -0.828842599 -0.375654242
31.63333333 -39.84826596 -19.67477514 7.322845796 83.23600773 51.80809868 3.625346805 -40.82285215 -2.842193172 2.351478027 -11.5305926 3.707695896 -11.5305926 -1.640578496 3.286800505 -0.848068721 -0.343507732
31.66666667 -39.44829571 -19.3936811 5.116822212 83.04710573 51.57560647 3.50117176 -40.96729849 -2.870394196 2.369565029 -11.55664561 3.731121771 -11.55664561 -1.647600484 3.253791581 -0.872563836 -0.309518464
31.7 -39.05976165 -19.11168459 2.96046787 82.82681936 51.31046931 3.37009324 -41.12033206 -2.898260823 2.38697963 -11.58440854 3.75694916 -11.58440854 -1.652803733 3.216885336 -0.902082993 -0.274513424
31.73333333 -38.68198016 -18.82896214 0.84896021 82.57326992 51.00896521 3.230384279 -41.28572127 -2.925313752 2.40371719 -11.61368255 3.784893176 -11.61368255 -1.655729612 3.175291272 -0.936016748 -0.239365578
31.76666667 -38.31437375 -18.54550422 -1.220874097 82.28523981 50.66856468 3.081057383 -41.46700838 -2.951246315 2.419763825 -11.64430192 3.814603746 -11.64430192 -1.655977873 3.128274282 -0.97341538 -0.204978028
31.8 -37.9566048 -18.26115777 -3.250275865 81.9622696 50.28809189 2.922042382 -41.66711761 -2.975927186 2.435109905 -11.67614867 3.845701391 -11.67614867 -1.653246812 3.075243564 -1.0130655 -0.17224803
31.83333333 -37.60861867 -17.97573474 -5.238393494 81.60468557 49.86765904 2.754230783 -41.88790635 -2.99937671 2.449777812 -11.70916042 3.877822915 -11.70916042 -1.647373813 3.015869062 -1.053615547 -0.142031468
31.86666667 -37.27059628 -17.68912934 -7.182257298 81.2135754 49.40851312 2.579398066 -42.12985172 -3.021726193 2.463842495 -11.74330832 3.910647608 -11.74330832 -1.638360151 2.950184076 -1.093718245 -0.115103033
31.9 -36.94287865 -17.40141335 -9.076901725 80.7906893 48.91288106 2.400025737 -42.39202589 -3.043169546 2.477429056 -11.77855099 3.943879595 -11.77855099 -1.626370136 2.878616356 -1.132162555 -0.092096729
31.93333333 -36.62592978 -17.11290715 -10.91567509 80.33830018 48.38382219 2.219054854 -42.67222055 -3.063925233 2.490692001 -11.81479338 3.97720873 -11.81479338 -1.611715528 2.801950165 -1.167972336 -0.073451489
31.96666667 -36.3203165 -16.82421922 -12.69072161 79.85910192 47.82514223 2.039637458 -42.9671402 -3.08420493 2.503789261 -11.85186808 4.010294376 -11.85186808 -1.594835624 2.721269709 -1.200439346 -0.059396974
32 -36.02664954 -16.53625796 -14.39355806 79.35620933 47.2414645 1.864919063 -43.27272126 -3.104183565 2.516856438 -11.88952516 4.042781366 -11.88952516 -1.57627871 2.637906158 -1.22908495 -0.04998341
32.03333333 -35.74548441 -16.25023911 -16.01566761 78.83326404 46.63836373 1.697840022 -43.58452249 -3.123972515 2.529984384 -11.92741913 4.074321879 -11.92741913 -1.556680219 2.553375494 -1.253587198 -0.045124203
32.06666667 -35.47721983 -15.96769795 -17.54904986 78.29458091 46.0223179 1.540952851 -43.89809451 -3.143592945 2.543208107 -11.96510689 4.104583185 -11.96510689 -1.536719438 2.469296716 -1.273715749 -0.044611789
32.1 -35.22203402 -15.69048704 -18.98670329 77.74524964 45.40042698 1.396291224 -44.2092734 -3.162957004 2.556511777 -12.00206588 4.133248814 -12.00206588 -1.517061265 2.38729291 -1.289298944 -0.048101324
32.13333333 -34.97986435 -15.42074636 -20.32305726 77.19112589 44.78004226 1.265318329 -44.51437318 -3.181858688 2.569852215 -12.03772649 4.160026708 -12.03772649 -1.498308952 2.308881323 -1.300242161 -0.055079609
32.16666667 -34.75039155 -15.16086185 -21.55433961 76.63867758 44.16840679 1.148919157 -44.8103328 -3.19995432 2.583201975 -12.07152192 4.184662321 -12.07152192 -1.480971482 2.235356511 -1.306607591 -0.064822305
32.2 -34.533031 -14.91341317 -22.67878697 76.09471255 43.57242611 1.047420846 -45.09484552 -3.216733208 2.59659167 -12.10295091 4.206956122 -12.10295091 -1.465446145 2.167718717 -1.308689675 -0.076358925
32.23333333 -34.32697851 -14.68108652 -23.69659036 75.56606685 42.99863892 0.960658935 -45.36641949 -3.231519336 2.610117206 -12.13160972 4.226778388 -12.13160972 -1.452018965 2.106678792 -1.306984412 -0.088493251
32.26666667 -34.13130476 -14.46654518 -24.60956669 75.05931915 42.45322717 0.888056418 -45.6243421 -3.243527071 2.623912874 -12.15715977 4.244058007 -12.15715977 -1.440864761 2.05267134 -1.302055833 -0.099887193
32.3 -33.94505257 -14.27226786 -25.42067157 74.58055502 41.94194059 0.828696567 -45.86854702 -3.251940154 2.638125316 -12.17927746 4.25875429 -12.17927746 -1.43203987 2.005857615 -1.294390242 -0.10916729
32.33333333 -33.76732892 -14.10039959 -26.13350215 74.13518687 41.46998778 0.781415402 -46.09942222 -3.25599105 2.652894874 -12.19765836 4.270848085 -12.19765836 -1.425482827 1.966163472 -1.284322386 -0.115027213
32.36666667 -33.59740516 -13.95267736 -26.75186572 73.72783205 41.04195138 0.744905409 -46.31763686 -3.255049127 2.668323878 -12.21207762 4.280353386 -12.21207762 -1.421029863 1.933329167 -1.272062102 -0.1163247
32.4 -33.43482121 -13.83044553 -27.27941414 73.36225265 40.66176111 0.717811746 -46.52399684 -3.248705324 2.684434986 -12.22246256 4.287328236 -12.22246256 -1.418439548 1.906944619 -1.257779594 -0.112169097
32.43333333 -33.27948701 -13.73475023 -27.71931524 73.0413471 40.33273561 0.698823663 -46.71930792 -3.236825925 2.701133665 -12.22894611 4.291884917 -12.22894611 -1.417418399 1.886493213 -1.24169678 -0.101987467
32.46666667 -33.13175764 -13.66647984 -28.07390674 72.76716737 40.05767262 0.686759539 -46.90428121 -3.21954602 2.71818713 -12.23188225 4.294198765 -12.23188225 -1.417648898 1.871407774 -1.22414261 -0.085534008
32.5 -32.99243338 -13.62649393 -28.34428473 72.54095111 39.83894521 0.680637796 -47.07948136 -3.19717847 2.735241146 -12.23180351 4.29449642 -12.23180351 -1.418820598 1.861117541 -1.20554898 -0.062812591
32.53333333 -32.86267876 -13.61572327 -28.5298658 72.3631847 39.67856678 0.679728541 -47.24527591 -3.170072016 2.75187696 -12.22933256 4.293023117 -12.22933256 -1.420647788 1.855073188 -1.186426391 -0.033950802
32.56666667 -32.74392446 -13.63523258 -28.62804323 72.23371153 39.57824974 0.683587201 -47.40180655 -3.138497485 2.767677367 -12.22509519 4.290014659 -12.22509519 -1.422869012 1.852751077 -1.167343618 0.000901544
32.6 -32.63781946 -13.68621543 -28.63403599 72.15186386 39.53942874 0.692057895 -47.54900793 -3.102611662 2.782267814 -12.2196572 4.285690716 -12.2196572 -1.425244718 1.853649743 -1.148871617 0.041612336
32.63333333 -32.54622532 -13.76992385 -28.5409716 72.11657832 39.56316477 0.705241469 -47.68663891 -3.062481875 2.795330329 -12.21348339 4.280262786 -12.21348339 -1.427554289 1.857291758 -1.131497151 0.08806363
32.66666667 -32.47120915 -13.88755039 -28.34021647 72.12648462 39.64997735 0.723460644 -47.81431101 -3.018135436 2.806619028 -12.20692979 4.273936115 -12.20692979 -1.429588372 1.863227013 -1.115562892 0.140133369
32.7 -32.41504085 -14.04005361 -28.02193584 72.17997804 39.79970051 0.747235226 -47.93152895 -2.969628498 2.815995774 -12.20026979 4.266896855 -12.20026979 -1.431155663 1.871028078 -1.10124196 0.197658712
32.73333333 -32.38019122 -14.22793918 -27.57583223 72.27528129 40.01136902 0.777241893 -48.03773707 -2.917125878 2.82346759 -12.19372511 4.259298294 -12.19372511 -1.432108978 1.880268569 -1.088536345 0.260381355
32.76666667 -32.3692995 -14.45107343 -26.99196322 72.41048717 40.28311168 0.814255224 -48.13236121 -2.860967406 2.829193746 -12.18748314 4.251262763 -12.18748314 -1.432359544 1.890483445 -1.077321511 0.327882828
32.8 -32.38510312 -14.7086047 -26.26148876 72.58356217 40.61206072 0.859100963 -48.21484931 -2.801699535 2.833457515 -12.18171195 4.242905908 -12.18171195 -1.431865895 1.901149723 -1.067428403 0.399515554
32.83333333 -32.43033089 -14.99898734 -25.37724418 72.79230248 40.99430989 0.91262822 -48.28471873 -2.740063217 2.836618471 -12.17657655 4.234369844 -12.17657655 -1.430619242 1.911720469 -1.058706672 0.474366097
32.86666667 -32.50757017 -15.320046 -24.33413534 73.03424808 41.42495233 0.975675197 -48.34158919 -2.676946027 2.839054234 -12.17223549 4.225838537 -12.17223549 -1.428634829 1.921699763 -1.051036011 0.551294336
32.9 -32.61914142 -15.66902927 -23.12940435 73.30656723 41.89819007 1.049017183 -48.38517074 -2.613313859 2.841100444 -12.16880528 4.217530321 -12.16880528 -1.425937039 1.930734241 -1.044307422 0.62903468
32.93333333 -32.76700733 -16.04263498 -21.76283866 73.60594046 42.40742958 1.133293347 -48.41522608 -2.55014869 2.843004644 -12.16631481 4.209685045 -12.16631481 -1.422545773 1.938680435 -1.038419946 0.706290515
32.96666667 -32.95270865 -16.43701671 -20.23697827 73.92847409 42.94532129 1.228920597 -48.43155329 -2.488412295 2.844901384 -12.16467893 4.202550514 -12.16467893 -1.418486401 1.945606818 -1.033307529 0.78178929
33 -33.17729977 -16.84779072 -18.55731749 74.26964776 43.5038482 1.336021901 -48.43402367 -2.429029905 2.846803154 -12.16368913 4.19635426 -12.16368913 -1.41381666 1.951742466 -1.028971426 0.854320416
33.03333333 -33.44127494 -17.27004817 -16.73246801 74.62429716 44.07451951 1.454363061 -48.42266208 -2.372878678 2.848607562 -12.16301367 4.191268052 -12.16301367 -1.408642804 1.957433652 -1.025488423 0.922762797
33.06666667 -33.74448349 -17.69838407 -14.77423446 74.98666626 44.64858041 1.583281178 -48.39771093 -2.320766286 2.850127264 -12.16221996 4.18739677 -12.16221996 -1.403117903 1.963139427 -1.02298043 0.986094205
33.1 -34.08603491 -18.12697375 -12.69752526 75.35056141 45.21719814 1.721645842 -48.35965352 -2.273400817 2.851132984 -12.16081462 4.184792988 -12.16081462 -1.397436355 1.969438183 -1.021554365 1.043380049
33.13333333 -34.46421567 -18.54970794 -10.52002076 75.70958363 45.77168524 1.867906578 -48.30920286 -2.231359808 2.851387007 -12.15827695 4.183465191 -12.15827695 -1.391829251 1.977031212 -1.021237126 1.09375159
33.16666667 -34.87647612 -18.96038625 -8.26137457 76.05736644 46.30378496 2.020226098 -48.24724147 -2.195062075 2.850652574 -12.15408082 4.183356267 -12.15408082 -1.386554023 1.986742281 -1.021937259 1.136393496
33.2 -35.31954867 -19.35298247 -5.941670278 76.38774922 46.80597237 2.176664025 -48.17469907 -2.164758323 2.848682684 -12.14771026 4.184299682 -12.14771026 -1.381879493 1.999498507 -1.023453805 1.170535788
33.23333333 -35.78962355 -19.7219846 -3.579601494 76.69489131 47.27173337 2.335360275 -48.09240736 -2.140545867 2.84520965 -12.13867498 4.185993885 -12.13867498 -1.378068962 2.016269469 -1.025518386 1.195455037
33.26666667 -36.28244307 -20.06276824 -1.191321463 76.97338647 47.69582502 2.494662191 -48.00101477 -2.122395624 2.839958595 -12.12654334 4.188029563 -12.12654334 -1.375356288 2.037943585 -1.027838979 1.210516636
33.3 -36.79333531 -20.37193251 1.209942706 77.21839102 48.07453877 2.653187884 -47.90099163 -2.11018459 2.832687699 -12.11101155 4.18995942 -12.11101155 -1.373922391 2.06517199 -1.030130355 1.21525088
33.33333333 -37.31728882 -20.64753698 3.613988659 77.42574496 48.40598689 2.809875787 -47.79267578 -2.103725503 2.823237252 -12.09199074 4.191375024 -12.09199074 -1.373888576 2.098239863 -1.032138244 1.209422678
33.36666667 -37.84909478 -20.88920297 6.013591129 77.59208828 48.69034647 2.964063561 -47.67628842 -2.102783874 2.811564404 -12.06965405 4.191961379 -12.06965405 -1.375317776 2.137012722 -1.033666247 1.193070886
33.4 -38.38353553 -21.09808295 8.404285478 77.71498497 48.92987126 3.115575171 -47.55189079 -2.107078844 2.797749736 -12.04441465 4.191515579 -12.04441465 -1.378210375 2.180968785 -1.034604323 1.166512621
33.43333333 -38.91558292 -21.27672497 10.78401603 77.79304919 49.12854524 3.264742154 -47.41934183 -2.116266793 2.781978352 -12.01686517 4.189937636 -12.01686517 -1.38250524 2.229281578 -1.03494987 1.13031991
33.46666667 -39.44057185 -21.42883916 13.15266491 77.82604326 49.29147181 3.412322502 -47.27833063 -2.129915921 2.764510901 -11.98770822 4.187216217 -11.98770822 -1.388090618 2.280921569 -1.03480845 1.085289481
33.5 -39.9543408 -21.55896917 15.51148314 77.81491396 49.42421182 3.559366856 -47.12844194 -2.147491001 2.745661084 -11.95768534 4.18342126 -11.95768534 -1.394816981 2.334751107 -1.034366184 1.032431066
33.53333333 -40.45334057 -21.67210717 17.86247552 77.76175854 49.53222781 3.707091772 -46.96916287 -2.168357512 2.725786874 -11.9275155 4.178695426 -11.9275155 -1.402505915 2.389584593 -1.033843252 0.972977786
33.56666667 -40.93470979 -21.77331295 20.2078096 77.66974035 49.62048657 3.856770526 -46.79982321 -2.191803997 2.70528517 -11.89785415 4.173233654 -11.89785415 -1.410952013 2.444219256 -1.033444732 0.908398221
33.6 -41.39632278 -21.86738808 22.54932819 77.54298227 49.69323205 4.009634633 -46.61952132 -2.217088028 2.684570312 -11.86928097 4.16725352 -11.86928097 -1.419924806 2.497470023 -1.033309313 0.840387754
33.63333333 -41.8368062 -21.95862939 24.88821428 77.38644367 49.75392147 4.166784416 -46.42708274 -2.243499966 2.664037325 -11.84231386 4.160973261 -11.84231386 -1.429175313 2.548226058 -1.033451384 0.770828654
33.66666667 -42.25551298 -22.05066494 27.22481798 77.20577221 49.80526732 4.329112298 -46.22106848 -2.270418298 2.64403025 -11.81742069 4.154604321 -11.81742069 -1.438441864 2.595504868 -1.033697195 0.701725232
33.7 -42.65246016 -22.14636815 29.55863306 77.00712009 49.84931742 4.497245925 -45.99982666 -2.297339461 2.624821639 -11.79500997 4.14834156 -11.79500997 -1.44745369 2.638484098 -1.03361679 0.635132342
33.73333333 -43.02823846 -22.24783699 31.88836661 76.79691129 49.88753769 4.671504217 -45.7616094 -2.323884237 2.606601306 -11.77541719 4.142346484 -11.77541719 -1.455936358 2.676520798 -1.0324665 0.573092197
33.76666667 -43.38389118 -22.35641282 34.21201855 76.58156504 49.92088457 4.851858662 -45.50476584 -2.349787695 2.589483486 -11.75889392 4.136741906 -11.75889392 -1.463624052 2.709159077 -1.029171621 0.517575313
33.8 -43.7207604 -22.47272845 36.52691683 76.36721947 49.94987699 5.037920701 -45.22795141 -2.374874065 2.573531392 -11.74558634 4.131616523 -11.74558634 -1.470279713 2.736122818 -1.022381548 0.470414267
33.83333333 -44.04029558 -22.59678669 38.82968311 76.1594881 49.97467908 5.228966616 -44.93032893 -2.399015346 2.558781428 -11.7355158 4.12702653 -11.7355158 -1.475715268 2.757316338 -1.010618588 0.433228371
33.86666667 -44.34385152 -22.72805005 41.11615194 75.96325138 49.99516902 5.423980866 -44.61179405 -2.422085183 2.545256464 -11.72858186 4.123004798 -11.72858186 -1.479795971 2.772865872 -0.992497458 0.407334015
33.9 -44.63254314 -22.86552287 43.38133461 75.78249915 50.01099045 5.62171116 -44.27317926 -2.443932453 2.532969127 -11.72456886 4.119578625 -11.72456886 -1.482428015 2.783168917 -0.966943335 0.393637816
33.93333333 -44.90718547 -23.00783722 45.61949166 75.62024961 50.02163499 5.82072868 -43.91635315 -2.464381377 2.521920468 -11.72313797 4.116775418 -11.72313797 -1.483553437 2.78886751 -0.933341958 0.392539536
33.96666667 -45.16827752 -23.15335836 47.82429256 75.47855023 50.02659717 6.019479124 -43.54420075 -2.483234907 2.512104205 -11.72382914 4.11461763 -11.72382914 -1.483159587 2.790756685 -0.89160142 0.403891088
34 -45.41599768 -23.30030422 49.98902439 75.35855854 50.02563651 6.216341108 -43.16051351 -2.50026873 2.503521092 -11.72609459 4.113122268 -11.72609459 -1.481283155 2.789712821 -0.84214336 0.427029661
34.03333333 -45.65023057 -23.44686651 52.10683338 75.26069719 50.01916122 6.40970335 -42.76983769 -2.51523446 2.496193128 -11.7293605 4.112302043 -11.7293605 -1.477996363 2.786660992 -0.785856827 0.460854011
34.06666667 -45.87064074 -23.59132162 54.17096551 75.18486142 50.00859604 6.5980266 -42.37734036 -2.527890483 2.490164825 -11.73310395 4.112158338 -11.73310395 -1.473385083 2.7825528 -0.724041183 0.503903472
34.1 -46.07676358 -23.73210703 56.17495924 75.13064022 49.99647071 6.779875813 -41.98867671 -2.53805914 2.485488303 -11.73692175 4.112662644 -11.73692175 -1.467542481 2.778335827 -0.658345114 0.554427933
34.13333333 -46.26807645 -23.86783876 58.11275067 75.09749779 49.98611838 6.95396362 -41.60976075 -2.545691361 2.482199572 -11.74057055 4.113735904 -11.74057055 -1.460579911 2.774902444 -0.590695085 0.610453238
34.16666667 -46.44406739 -23.99725668 59.97867576 75.08486266 49.98114103 7.1192196 -41.24640702 -2.550921819 2.480299316 -11.74395989 4.115253982 -11.74395989 -1.452620629 2.773028095 -0.523171999 0.669836761
34.2 -46.60435501 -24.11911911 61.76740227 75.09211918 49.98486167 7.274839113 -40.9039381 -2.554123566 2.479739762 -11.74708998 4.117079882 -11.74708998 -1.44377807 2.773324377 -0.457799927 0.730296696
34.23333333 -46.74881725 -24.23215438 63.47379356 75.11855485 49.99987368 7.420279095 -40.5868654 -2.555945539 2.480399126 -11.7499914 4.119081123 -11.7499914 -1.43416907 2.776214995 -0.396345377 0.789438158
34.26666667 -46.8776007 -24.3351331 65.09268135 75.16330697 50.02770451 7.55520924 -40.29867837 -2.55725299 2.482045094 -11.75272179 4.121133727 -11.75272179 -1.423950992 2.781949041 -0.340246527 0.844852322
34.3 -46.99100804 -24.42697002 66.61862083 75.22531183 50.06860289 7.679446073 -40.04172494 -2.558945639 2.484334919 -11.75538195 4.123148784 -11.75538195 -1.413329623 2.790653245 -0.290640243 0.89430971
34.33333333 -47.08941138 -24.50676422 68.04574941 75.30326148 50.12151339 7.79290457 -39.8171807 -2.561751368 2.486885279 -11.75810484 4.125092971 -11.75810484 -1.402546497 2.802372167 -0.24842271 0.935970668
34.36666667 -47.17328258 -24.57378115 69.36781317 75.39560127 50.18430185 7.895575898 -39.6251321 -2.566100985 2.489380185 -11.76102055 4.126952909 -11.76102055 -1.391865116 2.81708624 -0.214320568 0.968543171
34.4 -47.24328388 -24.62743797 70.57836042 75.50060394 50.25415827 7.987512087 -39.46476879 -2.572112712 2.491648897 -11.7642388 4.128675307 -11.7642388 -1.381554396 2.834745237 -0.188957557 0.991368832
34.43333333 -47.30031731 -24.66735062 71.67106495 75.61650789 50.32799985 8.068811094 -39.33463087 -2.57965326 2.493674242 -11.76788363 4.130155678 -11.76788363 -1.371883249 2.855295183 -0.172913617 1.004422855
34.46666667 -47.34549244 -24.69341894 72.6401207 75.74164939 50.40277667 8.13961112 -39.23284593 -2.588414229 2.495550094 -11.77213301 4.131283343 -11.77213301 -1.363117015 2.878670139 -0.166751313 1.008231372
34.5 -47.38004997 -24.70588716 73.48064012 75.87452485 50.47569304 8.20009531 -39.15730985 -2.597977367 2.497422331 -11.77720333 4.131984278 -11.77720333 -1.355495713 2.904772036 -0.170970818 1.003736899
34.53333333 -47.40528943 -24.70535405 74.18898578 76.01378997 50.54435421 8.250505022 -39.10577108 -2.607880871 2.499440442 -11.78330474 4.132222608 -11.78330474 -1.349212164 2.933452777 -0.185897913 0.99214104
34.56666667 -47.42249811 -24.69273495 74.76297144 76.15824735 50.60682798 8.291165096 -39.07581796 -2.617668699 2.501741876 -11.79060255 4.131983799 -11.79060255 -1.34441057 2.964486589 -0.211552485 0.974761709
34.6 -47.43287648 -24.66920061 75.20189954 76.30684916 50.66165817 8.322508962 -39.06486747 -2.626898053 2.504456907 -11.79916884 4.131275541 -11.79916884 -1.341192531 2.997541543 -0.247549806 0.952934942
34.63333333 -47.43747245 -24.63612849 75.50641632 76.45872204 50.70787552 8.345079302 -39.07023017 -2.635128361 2.50770346 -11.80892623 4.130144124 -11.80892623 -1.339608991 3.032179416 -0.293065426 0.927955885
34.66666667 -47.43711097 -24.59507017 75.67815918 76.61322429 50.74498444 8.359503506 -39.08921335 -2.641929184 2.511566222 -11.81963008 4.128684789 -11.81963008 -1.339647518 3.067880584 -0.346866476 0.901039704
34.7 -47.43229926 -24.54770945 75.71919303 76.77001576 50.77290058 8.366456972 -39.11922315 -2.646912976 2.516071008 -11.83090605 4.127035251 -11.83090605 -1.341234483 3.104072801 -0.407395266 0.873290494
34.73333333 -47.42309253 -24.49578926 75.63126551 76.92909582 50.79186516 8.366608231 -39.15788062 -2.649766919 2.521167038 -11.84230719 4.125354116 -11.84230719 -1.344243626 3.140155699 -0.472887855 0.845677427
34.76666667 -47.40892219 -24.44100595 75.41496982 77.09079184 50.80235301 8.360548793 -39.20313789 -2.65026364 2.526730234 -11.85336475 4.123796396 -11.85336475 -1.348498356 3.175516553 -0.541517709 0.819014286
34.8 -47.3884444 -24.38489204 75.06899934 77.25571329 50.80497814 8.34874541 -39.25333693 -2.648258785 2.532588737 -11.86363551 4.122497987 -11.86363551 -1.353775241 3.209539729 -0.611560505 0.793928317
34.83333333 -47.35947392 -24.32871346 74.5896874 77.42468861 50.80041499 8.331537059 -39.30719356 -2.64368299 2.538556769 -11.87273825 4.121568973 -11.87273825 -1.35981546 3.241617324 -0.681596363 0.77082041
34.86666667 -47.31902812 -24.27340289 73.97094343 77.59868893 50.78932549 8.309147945 -39.36374976 -2.63652655 2.544463266 -11.88036724 4.121093674 -11.88036724 -1.366341971 3.271169381 -0.750804984 0.749831593
34.9 -47.26349851 -24.21953755 73.20463639 77.77872867 50.77228176 8.281680632 -39.42232725 -2.626818847 2.550175068 -11.88628859 4.121142952 -11.88628859 -1.373081844 3.297674405 -0.819360248 0.730822194
34.93333333 -47.18894776 -24.16734709 72.28142177 77.96573677 50.74972263 8.249092474 -39.48249001 -2.61459846 2.555619245 -11.89032976 4.121792728 -11.89032976 -1.379787148 3.320697683 -0.888803255 0.713380955
34.96666667 -47.09147833 -24.11674319 71.1919009 78.1604255 50.72195165 8.211178319 -39.54403396 -2.599880513 2.560797173 -11.89237204 4.123120923 -11.89237204 -1.386246991 3.339906691 -0.962251167 0.69689103
35 -46.96757935 -24.0673795 69.92789095 78.36320172 50.6891444 8.167578942 -39.60700114 -2.582644021 2.565779923 -11.89236221 4.125176059 -11.89236221 -1.392295772 3.355074651 -1.0443804 0.680655489
35.03333333 -46.8143614 -24.01872996 68.4835756 78.5741381 50.65135279 8.117831093 -39.67167682 -2.562840179 2.570687403 -11.89033994 4.127952099 -11.89033994 -1.39781949 3.366080221 -1.14117635 0.664050725
35.06666667 -46.62966031 -23.97013961 66.85639075 78.79298032 50.60851274 8.061447892 -39.738562 -2.540410859 2.575661095 -11.88645279 4.131393241 -11.88645279 -1.402751127 3.372917185 -1.259461729 0.64665216
35.1 -46.41205231 -23.92080252 65.04757375 79.01915587 50.56048435 7.997995393 -39.80834055 -2.515322912 2.580839686 -11.880943 4.135414185 -11.880943 -1.407053603 3.375720557 -1.406226392 0.628291504
35.13333333 -46.16081954 -23.86967036 63.06236866 79.25177471 50.50711375 7.927145801 -39.88183427 -2.487620099 2.586344112 -11.87411853 4.139917846 -11.87411853 -1.410705598 3.374788844 -1.587821192 0.609050922
35.16666667 -45.87588681 -23.81535076 60.90993001 79.48963253 50.44826538 7.848711382 -39.9599311 -2.457473161 2.592275231 -11.86632474 4.144807824 -11.86632474 -1.413701101 3.37057827 -1.809161035 0.589224666
35.2 -45.55773161 -23.75605692 58.60294957 79.73122809 50.38385309 7.762672338 -40.04347519 -2.425207561 2.598726267 -11.85792253 4.149994853 -11.85792253 -1.416054284 3.363655192 -2.073100651 0.569280691
35.23333333 -45.20727358 -23.68963433 56.15702038 79.97479987 50.3139109 7.669207356 -40.13313028 -2.391309087 2.605802371 -11.84928384 4.155395053 -11.84928384 -1.417804966 3.354614374 -2.380059571 0.549833299
35.26666667 -44.82576979 -23.61367797 53.5898335 80.2183856 50.23863406 7.568722285 -40.22927379 -2.356407608 2.613625502 -11.84080693 4.160926167 -11.84080693 -1.41902581 3.344009257 -2.727891643 0.531606803
35.3 -44.41473063 -23.52574504 50.92036461 80.45990683 50.15831116 7.461852459 -40.33198641 -2.321223946 2.622316693 -11.83292184 4.166509485 -11.83292184 -1.419821964 3.332325518 -3.111978002 0.515385136
35.33333333 -43.97585284 -23.42364351 48.16815489 80.697261 50.07318926 7.349422925 -40.44112278 -2.286478215 2.631973769 -11.82606731 4.172072611 -11.82606731 -1.420321342 3.31998481 -3.525522311 0.501973161
35.36666667 -43.51096806 -23.30574971 45.3526942 80.92838745 49.98337029 7.232389765 -40.55637417 -2.252783076 2.642662377 -11.82065549 4.177549891 -11.82065549 -1.420667947 3.307355047 -3.960004304 0.492186664
35.4 -43.02200154 -23.1712827 42.49286938 81.15129752 49.88874678 7.111787832 -40.67729207 -2.220547986 2.654424144 -11.81703233 4.182892077 -11.81703233 -1.421023143 3.294750687 -4.405719072 0.486868146
35.43333333 -42.51093792 -23.020455 39.60645029 81.36409291 49.78886199 6.98867158 -40.80332343 -2.189916553 2.667291686 -11.81543598 4.188085605 -11.81543598 -1.421563505 3.282428084 -4.852335083 0.486911339
35.46666667 -41.97980559 -22.85445128 36.70963798 81.56498767 49.68252275 6.864021925 -40.93388674 -2.160757918 2.681293151 -11.81597372 4.193161403 -11.81597372 -1.422465017 3.270590719 -5.289432821 0.493264239
35.5 -41.43069005 -22.67523556 33.81676403 81.75232151 49.56718895 6.738649022 -41.06848126 -2.132717966 2.69643921 -11.81862423 4.198183151 -11.81862423 -1.423881678 3.259399988 -5.706994861 0.506886984
35.53333333 -40.8657782 -22.48521557 30.94018398 81.92455471 49.43859062 6.613162233 -41.20683128 -2.105318886 2.712696325 -11.82324368 4.203221039 -11.82324368 -1.425936853 3.248982925 -6.095811853 0.528657682
35.56666667 -40.28743159 -22.28679514 28.09028513 82.08026635 49.29085284 6.487961496 -41.34903111 -2.078092278 2.729954856 -11.82956882 4.20831414 -11.82956882 -1.428739374 3.239452308 -6.447780579 0.55923393
35.6 -39.6982756 -22.08188153 25.27554133 82.21820145 49.1167548 6.363154065 -41.49559033 -2.050735269 2.748005748 -11.83723728 4.213429446 -11.83723728 -1.432404749 3.230934003 -6.75612051 0.598894918
35.63333333 -39.10127204 -21.87146505 22.50260898 82.33735598 48.90796132 6.238498716 -41.64735612 -2.023266132 2.766538493 -11.84584218 4.218449818 -11.84584218 -1.437040526 3.223541182 -7.0155869 0.647394407
35.66666667 -38.49972413 -21.65537121 19.77641004 82.43701551 48.65543927 6.113462152 -41.80538677 -1.996122715 2.78516311 -11.85501006 4.223218928 -11.85501006 -1.442692964 3.217290727 -7.222735422 0.703865965
35.7 -37.89720324 -21.43222254 17.10015384 82.51669387 48.34995226 5.987280956 -41.9707642 -1.970160483 2.80344906 -11.86446372 4.227613935 -11.86446372 -1.449298865 3.212040937 -7.376203936 0.766825556
35.73333333 -37.29745875 -21.19960295 14.47535883 82.57596337 47.98267996 5.859051091 -42.14436115 -1.946559511 2.820969774 -11.87404201 4.23158371 -11.87404201 -1.456677916 3.207481096 -7.476922748 0.834273884
35.76666667 -36.70433652 -20.95440722 11.90196712 82.61418496 47.54616818 5.727908266 -42.32671515 -1.926664103 2.837341487 -11.88368195 4.235135926 -11.88368195 -1.464555772 3.203144237 -7.528195819 0.903872069
35.8 -36.12167594 -20.6933509 9.378609752 82.63020112 47.03535028 5.593191949 -42.51801652 -1.911785783 2.852252496 -11.89338425 4.238307043 -11.89338425 -1.472600558 3.198445585 -7.53562795 0.973160945
35.83333333 -35.55318345 -20.41357755 6.903094888 82.62209167 46.44826308 5.454553997 -42.71810471 -1.90300978 2.865484489 -11.90318239 4.241146849 -11.90318239 -1.480482408 3.192766003 -7.506850277 1.039790137
35.86666667 -35.00228531 -20.11325824 4.473206409 82.58710972 45.78595693 5.312008784 -42.92647674 -1.901031458 2.876922504 -11.9131118 4.243727951 -11.9131118 -1.4879404 3.185549068 -7.451010942 1.101735026
35.9 -34.47196868 -19.7920561 2.087809034 82.52190612 45.0512504 5.165861943 -43.14230343 -1.906057195 2.886551297 -11.92317139 4.246175164 -11.92317139 -1.494809733 3.176369897 -7.37807285 1.157461416
35.93333333 -33.96465624 -19.45132579 -0.251991214 82.42300432 44.24724557 5.016606439 -43.36447032 -1.917796389 2.894442391 -11.93329982 4.248691038 -11.93329982 -1.501003264 3.164979934 -7.297997575 1.206002125
35.96666667 -33.48215007 -19.09397348 -2.542112445 82.2873261 43.37691261 4.86489597 -43.59167876 -1.93552944 2.900736251 -11.94338191 4.251552992 -11.94338191 -1.50647675 3.151333525 -7.219920605 1.246977691
36 -33.0256625 -18.72403687 -4.775530897 82.11260117 42.44372399 4.711524273 -43.82248043 -1.958247737 2.905626215 -11.95328505 4.255090392 -11.95328505 -1.511198135 3.135581666 -7.151478756 1.280576189
36.03333333 -32.59591522 -18.34615882 -6.942969311 81.89760248 41.4525054 4.557360242 -44.05518581 -1.984850599 2.909352792 -11.96293111 4.259675187 -11.96293111 -1.515141121 3.118037118 -7.098419163 1.307468422
36.06666667 -32.19323643 -17.96514087 -9.033840939 81.64218702 40.40999022 4.403295637 -44.28778116 -2.014307751 2.912209892 -11.97238568 4.265739282 -11.97238568 -1.518306434 3.099137588 -7.06448115 1.328696341
36.1 -31.81763216 -17.5857023 -11.03711602 81.34715886 39.32497437 4.250239885 -44.51789084 -2.045732257 2.914533867 -11.98191305 4.273780401 -11.98191305 -1.520737094 3.079413211 -7.051438593 1.345560775
36.13333333 -31.46885839 -17.21243846 -12.94197735 81.01405659 38.2081871 4.099130124 -44.74275441 -2.078405151 2.916634962 -11.99195348 4.284303533 -11.99195348 -1.522510604 3.059447772 -7.05919956 1.359468763
36.16666667 -31.14646465 -16.84980243 -14.73830345 80.64504412 37.07206913 3.950913614 -44.95931147 -2.111767066 2.918711257 -12.00302781 4.2977103 -12.00302781 -1.523726237 3.039850914 -7.085935466 1.371756255
36.2 -30.84977634 -16.50195293 -16.41707315 80.24303216 35.9305447 3.806515289 -45.16446187 -2.145371617 2.920830564 -12.01560883 4.314205137 -12.01560883 -1.524486247 3.021251606 -7.128270487 1.383545061
36.23333333 -30.57784219 -16.17253904 -17.97070434 79.81195272 34.79868247 3.666826384 -45.35537852 -2.178833543 2.922972489 -12.03000723 4.333757264 -12.03000723 -1.52486141 3.004278492 -7.181567602 1.395662617
36.26666667 -30.32936788 -15.86458144 -19.39327565 79.35695168 33.69215373 3.532723754 -45.52969329 -2.2117774 2.925071946 -12.04632591 4.356110782 -12.04632591 -1.524875808 2.98951468 -7.240316982 1.408654618
36.3 -30.10266276 -15.58047534 -20.68066602 78.88432144 32.62655694 3.405096227 -45.6855358 -2.243793644 2.927058001 -12.06449536 4.380824202 -12.06449536 -1.524537496 2.977442595 -7.298618129 1.422882064
36.33333333 -29.89562641 -15.32204277 -21.83072631 78.40117164 31.61665447 3.284833976 -45.82151109 -2.274436643 2.928898743 -12.08433754 4.407322199 -12.08433754 -1.523875372 2.968357931 -7.350732988 1.438639116
36.36666667 -29.70573089 -15.0905804 -22.843485 77.91494379 30.67553988 3.17277333 -45.93665487 -2.303230756 2.930638634 -12.10561133 4.434951614 -12.10561133 -1.522947391 2.962289585 -7.391615538 1.456255676
36.4 -29.52996871 -14.88689457 -23.7212666 77.43287922 29.81391063 3.069638259 -46.03039011 -2.329638657 2.932408302 -12.12802271 4.463034787 -12.12802271 -1.521835803 2.959048512 -7.417288004 1.47616103
36.43333333 -29.36482429 -14.71133153 -24.46866516 76.96151428 29.03965659 2.976007956 -46.10251378 -2.35303339 2.934401552 -12.15120201 4.490906034 -12.15120201 -1.520642092 2.95838711 -7.42500967 1.498870955
36.46666667 -29.20630226 -14.56379505 -25.09240808 76.50624852 28.35770951 2.892296199 -46.15316718 -2.372704671 2.936840174 -12.1746893 4.51793797 -12.1746893 -1.519473492 2.960129986 -7.413257805 1.52491714
36.5 -29.04996677 -14.44373524 -25.60111453 76.07103689 27.7698695 2.818715318 -46.18273046 -2.387863557 2.939952812 -12.19795531 4.543578694 -12.19795531 -1.518430174 2.96424463 -7.381565673 1.554796481
36.53333333 -28.89097312 -14.35010269 -26.00492814 75.65825833 27.27453442 2.755228031 -46.19169994 -2.397645994 2.943973193 -12.22043376 4.567391212 -12.22043376 -1.517600939 2.97085828 -7.330301015 1.588968824
36.56666667 -28.72411957 -14.28128189 -26.31505927 75.26875018 26.86660205 2.701519901 -46.18062594 -2.401152896 2.949147609 -12.24155035 4.589069516 -12.24155035 -1.517041662 2.980179729 -7.260476324 1.627873154
36.6 -28.54390009 -14.23505401 -26.54327778 74.90192635 26.53770759 2.657009785 -46.15006527 -2.397514422 2.95573804 -12.26076935 4.60842605 -12.26076935 -1.516743744 2.992357583 -7.173619105 1.671958238
36.63333333 -28.34443645 -14.20861595 -26.70133147 74.55581773 26.27664506 2.620894533 -46.10046711 -2.385929573 2.96401206 -12.27765671 4.625369169 -12.27765671 -1.516640152 3.007398911 -7.071654631 1.721739405
36.66666667 -28.11918044 -14.19858416 -26.80030899 74.22688065 26.06987163 2.592238472 -46.03200766 -2.365644958 2.97422476 -12.2919169 4.639893046 -12.2919169 -1.516652694 3.02522237 -6.956748901 1.777879956
36.7 -27.86063662 -14.20095529 -26.85012704 73.90974393 25.90216394 2.570081169 -45.94449105 -2.335914648 2.986599301 -12.30338679 4.652071694 -12.30338679 -1.516752096 3.045765414 -6.831151714 1.841251911
36.73333333 -27.5605421 -14.21113686 -26.85931227 73.59724404 25.75736066 2.553463514 -45.83738966 -2.296037634 3.001298571 -12.31201862 4.662036628 -12.31201862 -1.517001705 3.069022762 -6.697115231 1.912883698
36.76666667 -27.2104684 -14.2241171 -26.83503679 73.28074855 25.6189971 2.541345223 -45.7099067 -2.2454642 3.018386479 -12.31786824 4.669955001 -12.31786824 -1.517558954 3.095007379 -6.55686562 1.993788481
36.8 -26.80246567 -14.23473971 -26.7832302 72.95055896 25.47073085 2.532495878 -45.5609166 -2.183872058 3.037796559 -12.32106653 4.676031183 -12.32106653 -1.518656436 3.123663935 -6.412555769 2.084782068
36.83333333 -26.32955551 -14.23804196 -26.70862397 72.59632557 25.29658605 2.525410661 -45.38876875 -2.111175426 3.05932794 -12.3217726 4.680520842 -12.3217726 -1.520612929 3.154737881 -6.266176869 2.186378457
36.86666667 -25.78605991 -14.22960443 -26.61468561 72.20744749 25.08119174 2.518288998 -45.19100628 -2.027487281 3.082678327 -12.32014348 4.683734273 -12.32014348 -1.523856569 3.187665779 -6.119453692 2.298787779
36.9 -25.16775945 -14.20587902 -26.50341738 71.77337543 24.81018792 2.509113859 -44.96421423 -1.933034875 3.107501469 -12.31633397 4.686020859 -12.31633397 -1.528886862 3.221578673 -5.973775732 2.422015319
36.93333333 -24.47186553 -14.16451198 -26.37494394 71.28380163 24.47077685 2.495813939 -44.7042103 -1.828036129 3.13345949 -12.31050275 4.68775379 -12.31050275 -1.536175644 3.255414227 -5.83020601 2.556013605
36.96666667 -23.69685835 -14.10460445 -26.22696801 70.72885537 24.05234848 2.476484984 -44.40639399 -1.712604513 3.160246805 -12.3028055 4.689331188 -12.3028055 -1.54608105 3.288059653 -5.689562263 2.700791943
37 -22.84234677 -14.02671583 -26.05447973 70.09938205 23.54715123 2.449610312 -44.06606551 -1.586760627 3.187580502 -12.29339327 4.691174441 -12.29339327 -1.558799206 3.318474455 -5.552542249 2.856424109
37.03333333 -21.90909398 -13.932488 -25.85004505 69.38722472 22.95090398 2.414193095 -43.6788867 -1.450544246 3.215173887 -12.28244911 4.693709844 -12.28244911 -1.574321872 3.345806059 -5.41985632 3.02297822
37.06666667 -20.89920369 -13.82398857 -25.60465973 68.58547646 22.26326451 2.369828665 -43.24141647 -1.30416098 3.2427164 -12.27022961 4.697342698 -12.27022961 -1.592399317 3.369513272 -5.292311748 3.200417405
37.1 -19.8163901 -13.70293419 -25.309065 67.68876936 21.4881212 2.316747526 -42.75140857 -1.148136132 3.26986703 -12.25705822 4.702424041 -12.25705822 -1.612551701 3.389431144 -5.170820055 3.388480635
37.13333333 -18.66630006 -13.56998567 -24.95530837 66.69353721 20.63349749 2.255751332 -42.20785243 -0.983458123 3.296262683 -12.24329688 4.709221394 -12.24329688 -1.634148194 3.405718217 -5.056335907 3.586549026
37.16666667 -17.4568236 -13.42435752 -24.538129 65.59817363 19.71089736 2.188075283 -41.61080911 -0.811658268 3.321547118 -12.22931378 4.717917745 -12.22931378 -1.656506214 3.418744646 -4.949736237 3.793554975
37.2 -16.19826575 -13.26386108 -24.05585773 64.40311144 18.73428479 2.115259987 -40.96125857 -0.634793333 3.345413585 -12.21543085 4.728633693 -12.21543085 -1.678948343 3.428999909 -4.851689097 4.007989016
37.23333333 -14.90329884 -13.08533162 -23.51070919 63.11077942 17.71911722 2.038993711 -40.26132687 -0.455335421 3.367649301 -12.20188571 4.741455289 -12.20188571 -1.700809649 3.437037548 -4.762583369 4.228007411
37.26666667 -13.58666225 -12.88530134 -22.90840139 61.72540648 16.68168893 1.960938623 -39.51469761 -0.275999991 3.388169388 -12.18883342 4.756451439 -12.18883342 -1.721434372 3.44341632 -4.682536644 4.451618545
37.3 -12.26459124 -12.66075913 -22.25713122 60.25276069 15.63858134 1.882598821 -38.72673957 -0.09956429 3.407015768 -12.17639118 4.773658979 -12.17639118 -1.740193483 3.44860926 -4.611469488 4.676884314
37.33333333 -10.95403413 -12.40983125 -21.5661471 58.6999037 14.60598069 1.805243444 -37.90427347 0.071290941 3.424310146 -12.16472983 4.793040324 -12.16472983 -1.756519309 3.452938658 -4.549223937 4.9020623
37.36666667 -9.671793704 -12.1322247 -20.8442898 57.07499435 13.59884128 1.729895357 -37.05513941 0.234110824 3.440176226 -12.15416032 4.814443014 -12.15416032 -1.769936961 3.456585441 -4.495685158 5.125678072
37.4 -8.433719556 -11.82937744 -20.09870327 55.38714454 12.62982783 1.657343451 -36.18770532 0.386754577 3.454662628 -12.14516067 4.83757549 -12.14516067 -1.78008349 3.459652045 -4.450871077 5.346539304
37.43333333 -7.25401571 -11.50434227 -19.33378515 53.64630259 11.70822188 1.588143466 -35.31035711 0.527439989 3.467711866 -12.13834583 4.862000335 -12.13834583 -1.786721781 3.462236031 -4.414969297 5.56370232
37.46666667 -6.144691845 -11.1614425 -18.55052962 51.86309862 10.83922727 1.522639859 -34.43100899 0.654775854 3.479196918 -12.13439154 4.887148937 -12.13439154 -1.78975714 3.464468306 -4.388309138 5.776432779
37.5 -5.11519084 -10.80577414 -17.74637916 50.04857416 10.02380904 1.46100052 -33.55676867 0.767800287 3.488989657 -12.13392381 4.912358707 -12.13392381 -1.7892507 3.466501454 -4.371280008 5.984181785
37.53333333 -4.172226295 -10.44269657 -16.91539617 48.21376464 9.2588888 1.403219302 -32.69383511 0.866004571 3.497010305 -12.13740562 4.936932223 -12.13740562 -1.785416199 3.468493013 -4.364229041 6.186542997
37.56666667 -3.319819657 -10.0774503 -16.04837089 46.36915099 8.537687788 1.34912319 -31.84748701 0.949338431 3.5032471 -12.14504886 4.960207263 -12.14504886 -1.778593918 3.470625214 -4.367366369 6.38318625
37.6 -2.559474128 -9.714923033 -15.13274397 44.52405345 7.850110422 1.298433268 -31.02198023 1.018203007 3.507755814 -12.15676862 4.981604091 -12.15676862 -1.769210926 3.473141518 -4.380699756 6.573807427
37.63333333 -1.890447025 -9.359496895 -14.15263055 42.68608844 7.183253115 1.250803961 -30.22030524 1.07339461 3.510636768 -12.17220059 5.000636468 -12.17220059 -1.757735714 3.476382516 -4.404009103 6.758073717
37.66666667 -1.310120104 -9.014893425 -13.08945118 40.86078805 6.522238154 1.205762982 -29.44373757 1.115962112 3.51199339 -12.19078117 5.016914976 -12.19078117 -1.744625134 3.480826936 -4.436848514 6.935514916
37.7 -0.814436263 -8.683939736 -11.92345905 39.05141608 5.851320914 1.162616278 -28.69128015 1.147009962 3.511894136 -12.21185218 5.030158413 -12.21185218 -1.730278622 3.487113808 -4.478547295 7.105392817
37.73333333 -0.398346583 -8.368335901 -10.6360015 37.25915766 5.155064228 1.120420629 -27.95957543 1.167501607 3.510354797 -12.23475111 5.040198152 -12.23475111 -1.715021023 3.496007961 -4.528188031 7.266605141
37.76666667 -0.05623824 -8.068583748 -9.212028231 35.48373754 4.419532866 1.078026668 -27.24352412 1.178102892 3.50734057 -12.25885885 5.046970837 -12.25885885 -1.69910799 3.508298833 -4.584564318 7.417656344
37.8 0.217635512 -7.783923486 -7.642233447 33.72365705 3.633486518 1.034113628 -26.53673856 1.179117295 3.502781656 -12.28358986 5.050513586 -12.28358986 -1.68273986 3.524677326 -4.646120643 7.556744628
37.83333333 0.428749675 -7.512061528 -5.926213169 31.97563016 2.791030013 0.987207628 -25.83134986 1.170522978 3.49660084 -12.30835692 5.050968657 -12.30835692 -1.666079326 3.545642421 -4.710891792 7.681981369
37.86666667 0.582091095 -7.248952145 -4.078656221 30.23436428 1.897382822 0.935758505 -25.11819496 1.152076194 3.488749933 -12.33256822 5.048592169 -12.33256822 -1.64926379 3.571449638 -4.776500046 7.791702802
37.9 0.68223403 -6.989045165 -2.134356259 28.49349563 0.973656818 0.878279191 -24.38806825 1.123452169 3.479230833 -12.3556661 5.043758668 -12.3556661 -1.632410434 3.602098016 -4.84024639 7.8847847
37.93333333 0.733630393 -6.725981253 -0.145738778 26.74723498 0.054802868 0.813509245 -23.63328712 1.084402065 3.468132322 -12.37714786 5.036957518 -12.37714786 -1.615627932 3.637335452 -4.899251379 7.960835089
37.96666667 0.741020161 -6.453383486 1.825295383 24.99216102 -0.817369989 0.740599127 -22.84879152 1.034947948 3.455763727 -12.39652663 5.028784005 -12.39652663 -1.599032285 3.676682993 -4.950593142 8.020236631
38 0.709807445 -6.165630357 3.715537015 23.22874954 -1.600807173 0.659275915 -22.03275249 0.975547433 3.442721029 -12.41330233 5.019922822 -12.41330233 -1.582750421 3.719503421 -4.991524035 8.064042765
38.03333333 0.646152119 -5.858695024 5.466503077 21.46228103 -2.257916771 0.569937093 -21.18679251 0.907038214 3.429653503 -12.42701487 5.011111008 -12.42701487 -1.566916486 3.765098941 -5.019832964 8.093671554
38.06666667 0.556754766 -5.530775556 7.028426828 19.70300958 -2.75883536 0.473710172 -20.3157712 0.830400257 3.416939963 -12.43731537 5.003076463 -12.43731537 -1.551672269 3.812809153 -5.034169128 8.110515752
38.1 0.448574861 -5.18235943 8.362525407 17.9656812 -3.083470207 0.372532033 -19.42719522 0.746588492 3.404601488 -12.44398347 4.996471332 -12.44398347 -1.537169746 3.862098812 -5.034122367 8.115726022
38.13333333 0.328609254 -4.81580686 9.441914885 16.26852327 -3.222469166 0.269175087 -18.53034021 0.656526763 3.39242901 -12.4469186 4.991822444 -12.4469186 -1.523575744 3.912616096 -5.020093569 8.110230882
38.16666667 0.203669378 -4.434775312 10.25146147 14.63184349 -3.177322748 0.167116669 -17.63516145 0.561161256 3.380139399 -12.44613735 4.989502883 -12.44613735 -1.51107482 3.964207642 -4.993109426 8.094864469
38.2 0.080106203 -4.043720573 10.78693553 13.07643425 -2.959689097 0.070273548 -16.75119914 0.461483535 3.367451834 -12.44176858 4.989718691 -12.44176858 -1.499852859 4.016914544 -4.954680773 8.070478863
38.23333333 -0.036478923 -3.647542269 11.05386766 11.62196793 -2.58995804 -0.017337316 -15.88663535 0.358521009 3.354090145 -12.43404011 4.992502481 -12.43404011 -1.490066964 4.070953071 -4.906704791 8.037999443
38.26666667 -0.141459229 -3.251326801 11.06623499 10.28557762 -2.095294713 -0.09196358 -15.04755844 0.253318921 3.339765355 -12.42327007 4.997713638 -12.42327007 -1.481836762 4.126615516 -4.851385331 7.998427406
38.3 -0.231309333 -2.860122838 10.84495361 9.080840478 -1.507506351 -0.150404142 -14.23757653 0.146910417 3.324170219 -12.40987474 5.005056579 -12.40987474 -1.475266548 4.184091992 -4.79115736 7.952782135
38.33333333 -0.303656589 -2.478736779 10.41632419 8.017238239 -0.86085347 -0.190174634 -13.45794983 0.040277973 3.30698795 -12.39437787 5.014112462 -12.39437787 -1.470471536 4.243341067 -4.728561834 7.902039691
38.36666667 -0.357273521 -2.111592989 9.810642806 7.099988053 -0.18981129 -0.209637068 -12.7082564 -0.065659494 3.287905285 -12.37737981 5.024356628 -12.37737981 -1.467578526 4.304078877 -4.665995973 7.847242382
38.4 -0.39201144 -1.762677355 9.060982534 6.330109915 0.47305507 -0.208136564 -11.98733891 -0.170022711 3.266622865 -12.35946651 5.035153068 -12.35946651 -1.466690396 4.365829626 -4.605365026 7.789822116
38.43333333 -0.408682308 -1.435511743 8.201992275 5.704665323 1.098825447 -0.186082224 -11.29413496 -0.271944111 3.242863551 -12.34110302 5.045750423 -12.34110302 -1.467837114 4.427982583 -4.547783771 7.731917456
38.46666667 -0.408902567 -1.133110596 7.268642254 5.217145381 1.663418236 -0.144920261 -10.62817395 -0.370562396 3.216381752 -12.32256422 5.05529952 -12.32256422 -1.470943623 4.489847104 -4.493436445 7.676493995
38.5 -0.394914442 -0.857921849 6.294982051 4.857979943 2.148265638 -0.087012157 -9.989768833 -0.465038236 3.186973665 -12.30391069 5.062889849 -12.30391069 -1.475820802 4.550705055 -4.441586698 7.627272089
38.53333333 -0.369399285 -0.611771017 5.313002843 4.615128774 2.540551668 -0.015451844 -9.379997569 -0.554581404 3.154486563 -12.28499657 5.067595513 -12.28499657 -1.482172941 4.609857703 -4.390689901 7.588532613
38.56666667 -0.335294696 -0.395820924 4.35166814 4.47471711 2.833093679 0.066149945 -8.800550299 -0.638481962 3.118825892 -12.26549898 5.068523406 -12.26549898 -1.489616201 4.666665137 -4.338568669 7.56485701
38.6 -0.295624541 -0.210554251 3.436153197 4.421681085 3.023945563 0.153891531 -8.253502395 -0.716140182 3.079959517 -12.24496008 5.064858325 -12.24496008 -1.497703541 4.720577136 -4.28262024 7.560845067
38.63333333 -0.253348531 -0.055781952 2.587312682 4.440392859 3.115796306 0.243798773 -7.741059086 -0.787091568 3.037918839 -12.22283509 5.055901416 -12.22283509 -1.505952455 4.771155114 -4.220031325 7.580842668
38.66666667 -0.211235764 0.069322601 1.821379121 4.515240386 3.11523153 0.332023228 -7.265305337 -0.851024788 2.992796884 -12.1985408 5.041099743 -12.1985408 -1.513872717 4.818085338 -4.147982192 7.628702071
38.7 -0.171764676 0.166166183 1.149881058 4.631142316 3.031918407 0.415011096 -6.827984256 -0.907791471 2.944743636 -12.17150086 5.020065935 -12.17150086 -1.520992037 4.861184041 -4.063827169 7.707589095
38.73333333 -0.137050125 0.236659004 0.57975955 4.773984095 2.877766219 0.489637617 -6.430318743 -0.957407713 2.893959112 -12.14118504 4.992587776 -12.14118504 -1.526878182 4.900395377 -3.965243308 7.819844845
38.76666667 -0.108796923 0.283123609 0.113654431 4.930966788 2.666106277 0.553304598 -6.072884064 -1.000047825 2.840684694 -12.10714087 4.958628316 -12.10714087 -1.531156666 4.935783376 -3.850342849 7.966904143
38.8 -0.088278023 0.308194714 -0.249672657 5.09086508 2.410926204 0.604001194 -5.755533533 -1.03603131 2.785193335 -12.06901691 4.918317563 -12.06901691 -1.533523587 4.967519151 -3.717748228 8.149268644
38.83333333 -0.076334698 0.314715222 -0.514813515 5.244195369 2.12618505 0.640330015 -5.477375229 -1.065804386 2.727779207 -12.02657744 4.871937174 -12.02657744 -1.533753533 4.995864651 -3.566630881 8.366529484
38.86666667 -0.073395484 0.305633336 -0.689121855 5.383298588 1.825227619 0.661502113 -5.236794646 -1.089917487 2.668747323 -11.97970909 4.819899738 -11.97970909 -1.531702815 5.021154214 -3.396716909 8.617432212
38.9 -0.079510326 0.283905049 -0.782088236 5.502345355 1.520308936 0.667305335 -5.03151614 -1.109000271 2.608403622 -11.92842021 4.762724294 -11.92842021 -1.52730848 5.043775086 -3.208263988 8.899975455
38.93333333 -0.094396226 0.252405603 -0.804711663 5.597273316 1.222233148 0.658051203 -4.858694855 -1.123735534 2.547045891 -11.8728339 4.701009698 -11.8728339 -1.520583713 5.064147929 -3.002014731 9.211534247
38.96666667 -0.117490764 0.213852612 -0.768894074 5.665668008 0.940105494 0.634505665 -4.715030389 -1.134833376 2.484955843 -11.81317619 4.635407334 -11.81317619 -1.511610329 5.08270822 -2.77913204 9.54899899
39 -0.148010054 0.170742748 -0.686879363 5.706599359 0.681191245 0.597809043 -4.596893567 -1.143006713 2.422392552 -11.74976043 4.56659449 -11.74976043 -1.500529093 5.099889219 -2.541122086 9.908921524
39.03333333 -0.185008036 0.125303019 -0.570753757 5.720426115 0.450871878 0.549390179 -4.500458301 -1.148949076 2.359587369 -11.68296927 4.495249492 -11.68296927 -1.487528613 5.116107069 -2.289750237 10.28766065
39.06666667 -0.227434389 0.07945693 -0.432019419 5.708580103 0.252686058 0.490879357 -4.421831394 -1.153315393 2.296740365 -11.61323542 4.422029476 -11.61323542 -1.472833482 5.131748367 -2.026954844 10.6815206
39.1 -0.274188835 0.034805127 -0.281248498 5.673341429 0.088441299 0.424023898 -4.357174295 -1.156706198 2.234018262 -11.5410222 4.347551429 -11.5410222 -1.456692315 5.147160417 -1.75476311 11.08687703
39.13333333 -0.324170067 -0.007380432 -0.127820487 5.617614517 -0.041618728 0.35060971 -4.302812049 -1.159655555 2.171553769 -11.46680494 4.272376899 -11.46680494 -1.439366213 5.162644223 -1.475212599 11.50028678
39.16666667 -0.376318025 -0.046150172 0.020258078 5.544713544 -0.1386063 0.272391283 -4.255325939 -1.162622722 2.109446173 -11.3910538 4.197000546 -11.3910538 -1.421118095 5.178450139 -1.190281131 11.91857841
39.2 -0.429648713 -0.080860214 0.156455776 5.458164184 -0.204755738 0.191031947 -4.21162761 -1.165987469 2.047763016 -11.31421871 4.121842544 -11.31421871 -1.402203254 5.194776007 -0.90182705 12.33892229
39.23333333 -0.483281181 -0.111147208 0.275747131 5.361527043 -0.243176949 0.108055465 -4.169013592 -1.170048776 1.986542662 -11.23671683 4.047244648 -11.23671683 -1.382861364 5.211767538 -0.611541091 12.75887975
39.26666667 -0.536456669 -0.136896734 0.37458085 5.258246477 -0.257608426 0.024809437 -4.12520019 -1.175026554 1.925797536 -11.15892263 3.973469613 -11.15892263 -1.363310091 5.229520599 -0.320910402 13.17643187
39.3 -0.588550249 -0.158207283 0.450795533 5.151527005 -0.252179937 -0.057559606 -4.078339588 -1.181065944 1.865517842 -11.08116084 3.900703575 -11.08116084 -1.343740352 5.248085074 -0.03119466 13.58998945
39.33333333 -0.639075543 -0.175351747 0.503493609 5.044238098 -0.23119326 -0.138119994 -4.027018745 -1.18824371 1.805675538 -11.00370204 3.829060906 -11.00370204 -1.324313209 5.26746993 0.256586309 13.99838592
39.36666667 -0.687683318 -0.188738206 0.532884407 4.93884691 -0.198927326 -0.216158559 -3.970243176 -1.196576193 1.746228404 -10.92676086 3.758591031 -10.92676086 -1.305158297 5.287649118 0.541654388 14.40085589
39.4 -0.734154879 -0.198871557 0.540106967 4.837377453 -0.159472186 -0.291175379 -3.907408096 -1.20602834 1.687124023 -10.85049647 3.689286689 -10.85049647 -1.28637365 5.308567963 0.823465794 14.79700194
39.43333333 -0.778391273 -0.20631733 0.527042498 4.741393906 -0.116594416 -0.362871064 -3.838259622 -1.216523307 1.628303549 -10.77501502 3.621093114 -10.77501502 -1.268026746 5.330149729 1.101695996 15.18675239
39.46666667 -0.820399327 -0.211668734 0.49612539 4.652005129 -0.073634859 -0.431128116 -3.762848761 -1.227952208 1.569705141 -10.70037375 3.553917673 -10.70037375 -1.250156559 5.352302072 1.376218538 15.57031313
39.5 -0.860275541 -0.215517715 0.450160454 4.569887018 -0.033438202 -0.495987945 -3.681480878 -1.240183606 1.511266986 -10.62658635 3.487639508 -10.62658635 -1.232776402 5.374923145 1.647079413 15.94811592
39.53333333 -0.898188782 -0.218430555 0.392152726 4.495319143 0.001687406 -0.557625047 -3.594663142 -1.253072436 1.452929855 -10.55362909 3.422118833 -10.55362909 -1.215877347 5.39790717 1.914468597 16.32076579
39.56666667 -0.934362647 -0.220928284 0.325154754 4.428232063 0.029983384 -0.616319778 -3.503052214 -1.26646809 1.394639159 -10.48144767 3.357205557 -10.48144767 -1.199431994 5.421149326 2.17869024 16.68898961
39.6 -0.969058254 -0.223471935 0.252134851 4.368261803 0.050229864 -0.672430985 -3.407404115 -1.280221484 1.336346501 -10.40996402 3.292747009 -10.40996402 -1.183398404 5.444549877 2.440132856 17.05358767
39.63333333 -1.002558068 -0.226452512 0.175868501 4.31480822 0.061714855 -0.726369605 -3.308527868 -1.294190973 1.278010741 -10.33908318 3.228594589 -10.33908318 -1.167724021 5.46801746 2.699240672 17.41538973
39.66666667 -1.035151275 -0.230185345 0.098853808 4.267094329 0.064187569 -0.778574128 -3.207244157 -1.308247068 1.219598601 -10.26869969 3.164609249 -10.26869969 -1.152349417 5.491471561 2.956487087 17.77521654
39.7 -1.067121059 -0.234908397 0.023250827 4.224224014 0.057800106 -0.829488629 -3.104349839 -1.322275935 1.161084861 -10.19870351 3.100665754 -10.19870351 -1.137211753 5.514844169 3.212350961 18.13384756
39.73333333 -1.098734002 -0.240783997 -0.049156338 4.185236058 0.043041538 -0.879543862 -3.000588842 -1.336181727 1.102452189 -10.12898519 3.036655741 -10.12898519 -1.122247854 5.538080684 3.467296272 18.4919953
39.76666667 -1.130231731 -0.247903407 -0.116976518 4.149152806 0.02066817 -0.929141713 -2.896629641 -1.349887827 1.043690681 -10.05944026 2.972489632 -10.05944026 -1.107396841 5.561140145 3.721755424 18.85028615
39.8 -1.161824819 -0.256293614 -0.179209987 4.115022322 -0.008366677 -0.978643145 -2.793049196 -1.363337128 0.984797166 -9.989972713 2.908097494 -9.989972713 -1.092602263 5.583994868 3.976116344 19.20924768
39.83333333 -1.193688833 -0.26592574 -0.235231266 4.081953256 -0.042980442 -1.028359598 -2.69032305 -1.376491466 0.925774332 -9.920497676 2.843428977 -9.920497676 -1.077813742 5.606629608 4.230713314 19.5693018
39.86666667 -1.225962398 -0.276724473 -0.284759294 4.049142115 -0.082024306 -1.078547677 -2.588821036 -1.389330368 0.866629756 -9.850943205 2.778452459 -9.850943205 -1.06298812 5.629040327 4.485821348 19.93076329
39.9 -1.258747034 -0.288578002 -0.327818004 4.015892936 -0.124339528 -1.129406844 -2.48880793 -1.401849267 0.807374866 -9.781251286 2.713153553 -9.781251286 -1.048090143 5.651232708 4.74165381 20.29384285
39.93333333 -1.292108526 -0.301347963 -0.364690359 3.981629692 -0.168805868 -1.181079784 -2.390448284 -1.41405733 0.74802391 -9.711378122 2.647533146 -9.711378122 -1.033092723 5.673220475 4.998362894 20.65865399
39.96666667 -1.326079537 -0.31487899 -0.395868665 3.945902005 -0.214381282 -1.23365501 -2.29381462 -1.425975055 0.688592955 -9.641293807 2.581605098 -9.641293807 -1.017976828 5.695023654 5.256042509 21.02522279
40 -1.360663174 -0.329007551 -0.422003719 3.908384914 -0.260132594 -1.287171281 -2.19889814 -1.437631761 0.629098969 -9.570981478 2.515393761 -9.570981478 -1.002731066 5.716666825 5.514733107 21.39349982
40.03333333 -1.395837229 -0.343569803 -0.443855048 3.868873596 -0.305257227 -1.341623388 -2.105621154 -1.449063086 0.569558991 -9.500436065 2.448931433 -9.500436065 -0.987351011 5.738177449 5.774427961 21.7633733
40.06666667 -1.431558818 -0.358408308 -0.46224407 3.827273988 -0.34909644 -1.396968861 -2.013850463 -1.460308606 0.509989434 -9.429662753 2.382255874 -9.429662753 -0.971838356 5.759584329 6.035080424 22.1346829
40.1 -1.467769169 -0.373377484 -0.478011667 3.783590304 -0.391140784 -1.453135201 -1.923411011 -1.471409644 0.450405504 -9.358675247 2.315407963 -9.358675247 -0.956199938 5.780916242 6.296611736 22.50723343
40.13333333 -1.504398351 -0.388347784 -0.491981218 3.737910404 -0.431028709 -1.510027256 -1.834099212 -1.482407331 0.390820763 -9.287493956 2.248429574 -9.287493956 -0.940446702 5.802200775 6.558918978 22.8808079
40.16666667 -1.541369755 -0.403208592 -0.504927805 3.690389933 -0.468539384 -1.567534428 -1.74569546 -1.493340958 0.331246819 -9.216144171 2.181361728 -9.216144171 -0.924592645 5.823463379 6.821882825 23.25517964
40.2 -1.578604185 -0.417869934 -0.517553907 3.641236043 -0.503580885 -1.625537439 -1.657975442 -1.504246655 0.271693142 -9.144654313 2.114243054 -9.144654313 -0.908653802 5.844726652 7.085374822 23.63012286
40.23333333 -1.616023449 -0.432263095 -0.530471629 3.590691434 -0.536174899 -1.683914456 -1.570719957 -1.515156387 0.212166993 -9.073054318 2.047108571 -9.073054318 -0.892647288 5.866009843 7.349263949 24.00542174
40.26666667 -1.653553382 -0.446340278 -0.544191212 3.539019295 -0.56643909 -1.742546404 -1.48372309 -1.526097268 0.152673455 -9.001374195 1.979988796 -9.001374195 -0.87659045 5.887328567 7.613422325 24.38087772
40.3 -1.691126255 -0.460073471 -0.559115359 3.48648964 -0.594568171 -1.801321395 -1.396798618 -1.537091174 0.093215548 -8.929642795 1.912909173 -8.929642795 -0.860500123 5.908694701 7.877729938 24.75631502
40.33333333 -1.662940817 -0.45240558 -0.54979677 3.428381479 -0.584658702 -1.771299372 -1.373518641 -1.511472987 0.091661955 -8.780815415 1.881027353 -8.780815415 -0.846158455 5.810216456 7.746434439 24.34370977
40.36666667 -1.63475538 -0.444737689 -0.540478181 3.370273319 -0.574749232 -1.741277349 -1.350238664 -1.485854801 0.090108363 -8.631988035 1.849145534 -8.631988035 -0.831816786 5.711738211 7.615138941 23.93110452
40.4 -1.606569942 -0.437069797 -0.531159591 3.312165158 -0.564839763 -1.711255325 -1.326958687 -1.460236615 0.088554771 -8.483160655 1.817263714 -8.483160655 -0.817475117 5.613259966 7.483843442 23.51849927
40.43333333 -1.578384505 -0.429401906 -0.521841002 3.254056997 -0.554930293 -1.681233302 -1.30367871 -1.434618429 0.087001178 -8.334333275 1.785381894 -8.334333275 -0.803133448 5.514781721 7.352547943 23.10589402
40.46666667 -1.550199067 -0.421734015 -0.512522413 3.195948837 -0.545020824 -1.651211279 -1.280398733 -1.409000242 0.085447586 -8.185505895 1.753500075 -8.185505895 -0.78879178 5.416303476 7.221252444 22.69328877
40.5 -1.522013629 -0.414066124 -0.503203823 3.137840676 -0.535111354 -1.621189256 -1.257118756 -1.383382056 0.083893993 -8.036678515 1.721618255 -8.036678515 -0.774450111 5.317825231 7.089956945 22.28068352
40.53333333 -1.493828192 -0.406398233 -0.493885234 3.079732515 -0.525201884 -1.591167232 -1.233838779 -1.35776387 0.082340401 -7.887851136 1.689736436 -7.887851136 -0.760108442 5.219346986 6.958661446 21.86807827
40.56666667 -1.465642754 -0.398730342 -0.484566645 3.021624355 -0.515292415 -1.561145209 -1.210558802 -1.332145684 0.080786808 -7.739023756 1.657854616 -7.739023756 -0.745766774 5.120868741 6.827365947 21.45547302
40.6 -1.437457317 -0.39106245 -0.475248055 2.963516194 -0.505382945 -1.531123186 -1.187278826 -1.306527498 0.079233216 -7.590196376 1.625972797 -7.590196376 -0.731425105 5.022390496 6.696070448 21.04286777
40.63333333 -1.409271879 -0.383394559 -0.465929466 2.905408033 -0.495473476 -1.501101163 -1.163998849 -1.280909311 0.077679623 -7.441368996 1.594090977 -7.441368996 -0.717083436 4.923912251 6.564774949 20.63026252
40.66666667 -1.381086441 -0.375726668 -0.456610877 2.847299873 -0.485564006 -1.471079139 -1.140718872 -1.255291125 0.076126031 -7.292541616 1.562209158 -7.292541616 -0.702741767 4.825434006 6.43347945 20.21765727
40.7 -1.352901004 -0.368058777 -0.447292287 2.789191712 -0.475654537 -1.441057116 -1.117438895 -1.229672939 0.074572438 -7.143714236 1.530327338 -7.143714236 -0.688400099 4.726955761 6.302183951 19.80505202
40.73333333 -1.324715566 -0.360390886 -0.437973698 2.731083551 -0.465745067 -1.411035093 -1.094158918 -1.204054753 0.073018846 -6.994886856 1.498445519 -6.994886856 -0.67405843 4.628477516 6.170888452 19.39244677
40.76666667 -1.296530129 -0.352722994 -0.428655109 2.672975391 -0.455835598 -1.38101307 -1.070878941 -1.178436566 0.071465253 -6.846059476 1.466563699 -6.846059476 -0.659716761 4.529999271 6.039592953 18.97984152
40.8 -1.268344691 -0.345055103 -0.419336519 2.61486723 -0.445926128 -1.350991046 -1.047598964 -1.15281838 0.069911661 -6.697232096 1.434681879 -6.697232096 -0.645375093 4.431521026 5.908297454 18.56723627
40.83333333 -1.240159254 -0.337387212 -0.41001793 2.556759069 -0.436016659 -1.320969023 -1.024318987 -1.127200194 0.068358068 -6.548404716 1.40280006 -6.548404716 -0.631033424 4.333042781 5.777001955 18.15463101
40.86666667 -1.211973816 -0.329719321 -0.400699341 2.498650909 -0.426107189 -1.290947 -1.00103901 -1.101582008 0.066804476 -6.399577336 1.37091824 -6.399577336 -0.616691755 4.234564536 5.645706456 17.74202576
40.9 -1.183788378 -0.32205143 -0.391380751 2.440542748 -0.41619772 -1.260924977 -0.977759033 -1.075963821 0.065250884 -6.250749956 1.339036421 -6.250749956 -0.602350086 4.13608629 5.514410957 17.32942051
40.93333333 -1.155602941 -0.314383539 -0.382062162 2.382434587 -0.40628825 -1.230902953 -0.954479056 -1.050345635 0.063697291 -6.101922577 1.307154601 -6.101922577 -0.588008418 4.037608045 5.383115458 16.91681526
40.96666667 -1.127417503 -0.306715647 -0.372743573 2.324326427 -0.396378781 -1.20088093 -0.931199079 -1.024727449 0.062143699 -5.953095197 1.275272782 -5.953095197 -0.573666749 3.9391298 5.251819959 16.50421001
41 -1.099232066 -0.299047756 -0.363424984 2.266218266 -0.386469311 -1.170858907 -0.907919102 -0.999109263 0.060590106 -5.804267817 1.243390962 -5.804267817 -0.55932508 3.840651555 5.12052446 16.09160476
41.03333333 -1.071046628 -0.291379865 -0.354106394 2.208110105 -0.376559842 -1.140836884 -0.884639125 -0.973491077 0.059036514 -5.655440437 1.211509143 -5.655440437 -0.544983411 3.74217331 4.989228961 15.67899951
41.06666667 -1.04286119 -0.283711974 -0.344787805 2.150001945 -0.366650372 -1.11081486 -0.861359148 -0.94787289 0.057482921 -5.506613057 1.179627323 -5.506613057 -0.530641743 3.643695065 4.857933462 15.26639426
41.1 -1.014675753 -0.276044083 -0.335469216 2.091893784 -0.356740903 -1.080792837 -0.838079171 -0.922254704 0.055929329 -5.357785677 1.147745504 -5.357785677 -0.516300074 3.54521682 4.726637963 14.85378901
41.13333333 -0.986490315 -0.268376191 -0.326150626 2.033785623 -0.346831433 -1.050770814 -0.814799194 -0.896636518 0.054375736 -5.208958297 1.115863684 -5.208958297 -0.501958405 3.446738575 4.595342464 14.44118376
41.16666667 -0.958304878 -0.2607083 -0.316832037 1.975677463 -0.336921964 -1.020748791 -0.791519217 -0.871018332 0.052822144 -5.060130917 1.083981864 -5.060130917 -0.487616737 3.34826033 4.464046965 14.02857851
41.2 -0.93011944 -0.253040409 -0.307513448 1.917569302 -0.327012494 -0.990726767 -0.76823924 -0.845400145 0.051268551 -4.911303537 1.052100045 -4.911303537 -0.473275068 3.249782085 4.332751466 13.61597326
41.23333333 -0.901934003 -0.245372518 -0.298194858 1.859461141 -0.317103025 -0.960704744 -0.744959263 -0.819781959 0.049714959 -4.762476157 1.020218225 -4.762476157 -0.458933399 3.15130384 4.201455967 13.20336801
41.26666667 -0.873748565 -0.237704627 -0.288876269 1.801352981 -0.307193555 -0.930682721 -0.721679286 -0.794163773 0.048161366 -4.613648777 0.988336406 -4.613648777 -0.44459173 3.052825595 4.070160468 12.79076276
41.3 -0.845563127 -0.230036736 -0.27955768 1.74324482 -0.297284086 -0.900660698 -0.698399309 -0.768545587 0.046607774 -4.464821397 0.956454586 -4.464821397 -0.430250062 2.95434735 3.938864969 12.37815751
41.33333333 -0.81737769 -0.222368844 -0.27023909 1.685136659 -0.287374616 -0.870638674 -0.675119332 -0.742927401 0.045054181 -4.315994018 0.924572767 -4.315994018 -0.415908393 2.855869105 3.80756947 11.96555226
41.36666667 -0.789192252 -0.214700953 -0.260920501 1.627028499 -0.277465147 -0.840616651 -0.651839355 -0.717309214 0.043500589 -4.167166638 0.892690947 -4.167166638 -0.401566724 2.75739086 3.676273971 11.55294701
41.4 -0.761006815 -0.207033062 -0.251601912 1.568920338 -0.267555677 -0.810594628 -0.628559378 -0.691691028 0.041946997 -4.018339258 0.860809128 -4.018339258 -0.387225056 2.658912615 3.544978472 11.14034176
41.43333333 -0.732821377 -0.199365171 -0.242283322 1.510812177 -0.257646207 -0.780572605 -0.605279401 -0.666072842 0.040393404 -3.869511878 0.828927308 -3.869511878 -0.372883387 2.56043437 3.413682973 10.72773651
41.46666667 -0.70463594 -0.19169728 -0.232964733 1.452704017 -0.247736738 -0.750550581 -0.581999424 -0.640454656 0.038839812 -3.720684498 0.797045489 -3.720684498 -0.358541718 2.461956125 3.282387474 10.31513126
41.5 -0.676450502 -0.184029388 -0.223646144 1.394595856 -0.237827268 -0.720528558 -0.558719447 -0.614836469 0.037286219 -3.571857118 0.765163669 -3.571857118 -0.344200049 2.36347788 3.151091975 9.902526008
41.53333333 -0.648265064 -0.176361497 -0.214327554 1.336487695 -0.227917799 -0.690506535 -0.53543947 -0.589218283 0.035732627 -3.423029738 0.733281849 -3.423029738 -0.329858381 2.264999635 3.019796476 9.489920758
41.56666667 -0.620079627 -0.168693606 -0.205008965 1.278379535 -0.218008329 -0.660484512 -0.512159493 -0.563600097 0.034179034 -3.274202358 0.70140003 -3.274202358 -0.315516712 2.16652139 2.888500977 9.077315507
41.6 -0.591894189 -0.161025715 -0.195690376 1.220271374 -0.20809886 -0.630462488 -0.488879516 -0.537981911 0.032625442 -3.125374978 0.66951821 -3.125374978 -0.301175043 2.068043145 2.757205478 8.664710257
41.63333333 -0.563708752 -0.153357824 -0.186371786 1.162163213 -0.19818939 -0.600440465 -0.465599539 -0.512363725 0.031071849 -2.976547598 0.637636391 -2.976547598 -0.286833374 1.9695649 2.625909979 8.252105007
41.66666667 -0.535523314 -0.145689932 -0.177053197 1.104055053 -0.188279921 -0.570418442 -0.442319562 -0.486745538 0.029518257 -2.827720218 0.605754571 -2.827720218 -0.272491706 1.871086655 2.494614481 7.839499756
41.7 -0.507337876 -0.138022041 -0.167734608 1.045946892 -0.178370451 -0.540396419 -0.419039585 -0.461127352 0.027964664 -2.678892838 0.573872752 -2.678892838 -0.258150037 1.77260841 2.363318982 7.426894506
41.73333333 -0.479152439 -0.13035415 -0.158416018 0.987838731 -0.168460982 -0.510374395 -0.395759609 -0.435509166 0.026411072 -2.530065459 0.541990932 -2.530065459 -0.243808368 1.674130165 2.232023483 7.014289256
41.76666667 -0.450967001 -0.122686259 -0.149097429 0.929730571 -0.158551512 -0.480352372 -0.372479632 -0.40989098 0.024857479 -2.381238079 0.510109113 -2.381238079 -0.2294667 1.57565192 2.100727984 6.601684005
41.8 -0.422781564 -0.115018368 -0.13977884 0.87162241 -0.148642043 -0.450330349 -0.349199655 -0.384272793 0.023303887 -2.232410699 0.478227293 -2.232410699 -0.215125031 1.477173675 1.969432485 6.189078755
41.83333333 -0.394596126 -0.107350477 -0.13046025 0.813514249 -0.138732573 -0.420308326 -0.325919678 -0.358654607 0.021750295 -2.083583319 0.446345474 -2.083583319 -0.200783362 1.37869543 1.838136986 5.776473505
41.86666667 -0.366410689 -0.099682585 -0.121141661 0.755406089 -0.128823104 -0.390286302 -0.302639701 -0.333036421 0.020196702 -1.934755939 0.414463654 -1.934755939 -0.186441693 1.280217185 1.706841487 5.363868254
41.9 -0.338225251 -0.092014694 -0.111823072 0.697297928 -0.118913634 -0.360264279 -0.279359724 -0.307418235 0.01864311 -1.785928559 0.382581835 -1.785928559 -0.172100025 1.18173894 1.575545988 4.951263004
41.93333333 -0.310039813 -0.084346803 -0.102504483 0.639189767 -0.109004165 -0.330242256 -0.256079747 -0.281800048 0.017089517 -1.637101179 0.350700015 -1.637101179 -0.157758356 1.083260695 1.444250489 4.538657754
41.96666667 -0.281854376 -0.076678912 -0.093185893 0.581081607 -0.099094695 -0.300220233 -0.23279977 -0.256181862 0.015535925 -1.488273799 0.318818195 -1.488273799 -0.143416687 0.98478245 1.31295499 4.126052503
42 -0.253668938 -0.069011021 -0.083867304 0.522973446 -0.089185226 -0.270198209 -0.209519793 -0.230563676 0.013982332 -1.339446419 0.286936376 -1.339446419 -0.129075019 0.886304205 1.181659491 3.713447253
42.03333333 -0.225483501 -0.061343129 -0.074548715 0.464865285 -0.079275756 -0.240176186 -0.186239816 -0.20494549 0.01242874 -1.190619039 0.255054556 -1.190619039 -0.11473335 0.78782596 1.050363992 3.300842003
42.06666667 -0.197298063 -0.053675238 -0.065230125 0.406757125 -0.069366287 -0.210154163 -0.162959839 -0.179327304 0.010875147 -1.041791659 0.223172737 -1.041791659 -0.100391681 0.689347715 0.919068493 2.888236752
42.1 -0.169112625 -0.046007347 -0.055911536 0.348648964 -0.059456817 -0.18013214 -0.139679862 -0.153709117 0.009321555 -0.892964279 0.191290917 -0.892964279 -0.086050012 0.59086947 0.787772994 2.475631502
42.13333333 -0.140927188 -0.038339456 -0.046592947 0.290540803 -0.049547348 -0.150110116 -0.116399885 -0.128090931 0.007767962 -0.7441369 0.159409098 -0.7441369 -0.071708344 0.492391225 0.656477495 2.063026252
42.16666667 -0.11274175 -0.030671565 -0.037274357 0.232432643 -0.039637878 -0.120088093 -0.093119908 -0.102472745 0.00621437 -0.59530952 0.127527278 -0.59530952 -0.057366675 0.39391298 0.525181996 1.650421001
42.2 -0.084556313 -0.023003674 -0.027955768 0.174324482 -0.029728409 -0.09006607 -0.069839931 -0.076854559 0.004660777 -0.44648214 0.095645459 -0.44648214 -0.043025006 0.295434735 0.393886497 1.237815751
42.23333333 -0.056370875 -0.015335782 -0.018637179 0.116216321 -0.019818939 -0.060044047 -0.046559954 -0.051236372 0.003107185 -0.29765476 0.063763639 -0.29765476 -0.028683337 0.19695649 0.262590998 0.825210501
42.26666667 -0.028185438 -0.007667891 -0.009318589 0.058108161 -0.00990947 -0.030022023 -0.023279977 -0.025618186 0.001553592 -0.14882738 0.03188182 -0.14882738 -0.014341669 0.098478245 0.131295499 0.41260525
42.3 0 0 0 0 0 0 0 0 0 0 0 0 0 0 0 0
