/****************************************************************

  Generated by Eclipse Cyclone DDS IDL to C Translator
  File name: robot_state.c
  Source: /home/root/workspace/zdl-controller-toolkit/idl/robot_state.idl
  Cyclone DDS: V0.10.5

*****************************************************************/
#include "robot_state.h"

static const uint32_t zdl_msg_dds__state_JointState7_ops [] =
{
  /* JointState7 */
  DDS_OP_ADR | DDS_OP_TYPE_ARR | DDS_OP_SUBTYPE_2BY, offsetof (zdl_msg_dds__state_JointState7, status_word), 7u,
  DDS_OP_ADR | DDS_OP_TYPE_ARR | DDS_OP_SUBTYPE_2BY, offsetof (zdl_msg_dds__state_JointState7, error_code), 7u,
  DDS_OP_ADR | DDS_OP_TYPE_ARR | DDS_OP_SUBTYPE_2BY | DDS_OP_FLAG_SGN, offsetof (zdl_msg_dds__state_JointState7, mode_of_operation), 7u,
  DDS_OP_ADR | DDS_OP_TYPE_ARR | DDS_OP_SUBTYPE_8BY | DDS_OP_FLAG_FP, offsetof (zdl_msg_dds__state_JointState7, q), 7u,
  DDS_OP_ADR | DDS_OP_TYPE_ARR | DDS_OP_SUBTYPE_8BY | DDS_OP_FLAG_FP, offsetof (zdl_msg_dds__state_JointState7, q_d), 7u,
  DDS_OP_ADR | DDS_OP_TYPE_ARR | DDS_OP_SUBTYPE_8BY | DDS_OP_FLAG_FP, offsetof (zdl_msg_dds__state_JointState7, q_e), 7u,
  DDS_OP_ADR | DDS_OP_TYPE_ARR | DDS_OP_SUBTYPE_8BY | DDS_OP_FLAG_FP, offsetof (zdl_msg_dds__state_JointState7, dq), 7u,
  DDS_OP_ADR | DDS_OP_TYPE_ARR | DDS_OP_SUBTYPE_8BY | DDS_OP_FLAG_FP, offsetof (zdl_msg_dds__state_JointState7, tau_J), 7u,
  DDS_OP_RTS
};

/* Type Information:
  [MINIMAL 5b710f90d519163486ee63f61a05] (#deps: 0)
  [COMPLETE f5dfad1910cbdaa66b5ec66a58bc] (#deps: 0)
*/
#define TYPE_INFO_CDR_zdl_msg_dds__state_JointState7 (unsigned char []){ \
  0x60, 0x00, 0x00, 0x00, 0x01, 0x10, 0x00, 0x40, 0x28, 0x00, 0x00, 0x00, 0x24, 0x00, 0x00, 0x00, \
  0x14, 0x00, 0x00, 0x00, 0xf1, 0x5b, 0x71, 0x0f, 0x90, 0xd5, 0x19, 0x16, 0x34, 0x86, 0xee, 0x63, \
  0xf6, 0x1a, 0x05, 0x00, 0xf6, 0x00, 0x00, 0x00, 0x00, 0x00, 0x00, 0x00, 0x04, 0x00, 0x00, 0x00, \
  0x00, 0x00, 0x00, 0x00, 0x02, 0x10, 0x00, 0x40, 0x28, 0x00, 0x00, 0x00, 0x24, 0x00, 0x00, 0x00, \
  0x14, 0x00, 0x00, 0x00, 0xf2, 0xf5, 0xdf, 0xad, 0x19, 0x10, 0xcb, 0xda, 0xa6, 0x6b, 0x5e, 0xc6, \
  0x6a, 0x58, 0xbc, 0x00, 0x78, 0x01, 0x00, 0x00, 0x00, 0x00, 0x00, 0x00, 0x04, 0x00, 0x00, 0x00, \
  0x00, 0x00, 0x00, 0x00\
}
#define TYPE_INFO_CDR_SZ_zdl_msg_dds__state_JointState7 100u
#define TYPE_MAP_CDR_zdl_msg_dds__state_JointState7 (unsigned char []){ \
  0x0a, 0x01, 0x00, 0x00, 0x01, 0x00, 0x00, 0x00, 0xf1, 0x5b, 0x71, 0x0f, 0x90, 0xd5, 0x19, 0x16, \
  0x34, 0x86, 0xee, 0x63, 0xf6, 0x1a, 0x05, 0x00, 0xf2, 0x00, 0x00, 0x00, 0xf1, 0x51, 0x01, 0x00, \
  0x01, 0x00, 0x00, 0x00, 0x00, 0x00, 0x00, 0x00, 0xe2, 0x00, 0x00, 0x00, 0x08, 0x00, 0x00, 0x00, \
  0x16, 0x00, 0x00, 0x00, 0x00, 0x00, 0x00, 0x00, 0x01, 0x00, 0x90, 0xf3, 0x01, 0x00, 0x00, 0x00, \
  0x01, 0x00, 0x00, 0x00, 0x07, 0x06, 0xa3, 0x14, 0xe5, 0x73, 0x00, 0x00, 0x16, 0x00, 0x00, 0x00, \
  0x01, 0x00, 0x00, 0x00, 0x01, 0x00, 0x90, 0xf3, 0x01, 0x00, 0x00, 0x00, 0x01, 0x00, 0x00, 0x00, \
  0x07, 0x06, 0x8e, 0x95, 0xbd, 0x42, 0x00, 0x00, 0x16, 0x00, 0x00, 0x00, 0x02, 0x00, 0x00, 0x00, \
  0x01, 0x00, 0x90, 0xf3, 0x01, 0x00, 0x00, 0x00, 0x01, 0x00, 0x00, 0x00, 0x07, 0x03, 0xd0, 0x39, \
  0x53, 0x55, 0x00, 0x00, 0x16, 0x00, 0x00, 0x00, 0x03, 0x00, 0x00, 0x00, 0x01, 0x00, 0x90, 0xf3, \
  0x01, 0x00, 0x00, 0x00, 0x01, 0x00, 0x00, 0x00, 0x07, 0x0a, 0x76, 0x94, 0xf4, 0xa6, 0x00, 0x00, \
  0x16, 0x00, 0x00, 0x00, 0x04, 0x00, 0x00, 0x00, 0x01, 0x00, 0x90, 0xf3, 0x01, 0x00, 0x00, 0x00, \
  0x01, 0x00, 0x00, 0x00, 0x07, 0x0a, 0xbc, 0xd5, 0x93, 0x7d, 0x00, 0x00, 0x16, 0x00, 0x00, 0x00, \
  0x05, 0x00, 0x00, 0x00, 0x01, 0x00, 0x90, 0xf3, 0x01, 0x00, 0x00, 0x00, 0x01, 0x00, 0x00, 0x00, \
  0x07, 0x0a, 0xb4, 0xd6, 0x63, 0x75, 0x00, 0x00, 0x16, 0x00, 0x00, 0x00, 0x06, 0x00, 0x00, 0x00, \
  0x01, 0x00, 0x90, 0xf3, 0x01, 0x00, 0x00, 0x00, 0x01, 0x00, 0x00, 0x00, 0x07, 0x0a, 0x47, 0xbc, \
  0xdc, 0xd7, 0x00, 0x00, 0x16, 0x00, 0x00, 0x00, 0x07, 0x00, 0x00, 0x00, 0x01, 0x00, 0x90, 0xf3, \
  0x01, 0x00, 0x00, 0x00, 0x01, 0x00, 0x00, 0x00, 0x07, 0x0a, 0x2b, 0xc4, 0xcd, 0x23, 0x00, 0x00, \
  0x8c, 0x01, 0x00, 0x00, 0x01, 0x00, 0x00, 0x00, 0xf2, 0xf5, 0xdf, 0xad, 0x19, 0x10, 0xcb, 0xda, \
  0xa6, 0x6b, 0x5e, 0xc6, 0x6a, 0x58, 0xbc, 0x00, 0x74, 0x01, 0x00, 0x00, 0xf2, 0x51, 0x01, 0x00, \
  0x2b, 0x00, 0x00, 0x00, 0x00, 0x00, 0x00, 0x00, 0x23, 0x00, 0x00, 0x00, 0x7a, 0x64, 0x6c, 0x3a, \
  0x3a, 0x6d, 0x73, 0x67, 0x3a, 0x3a, 0x64, 0x64, 0x73, 0x5f, 0x3a, 0x3a, 0x73, 0x74, 0x61, 0x74, \
  0x65, 0x3a, 0x3a, 0x4a, 0x6f, 0x69, 0x6e, 0x74, 0x53, 0x74, 0x61, 0x74, 0x65, 0x37, 0x00, 0x00, \
  0x3c, 0x01, 0x00, 0x00, 0x08, 0x00, 0x00, 0x00, 0x26, 0x00, 0x00, 0x00, 0x00, 0x00, 0x00, 0x00, \
  0x01, 0x00, 0x90, 0xf3, 0x01, 0x00, 0x00, 0x00, 0x01, 0x00, 0x00, 0x00, 0x07, 0x06, 0x00, 0x00, \
  0x0c, 0x00, 0x00, 0x00, 0x73, 0x74, 0x61, 0x74, 0x75, 0x73, 0x5f, 0x77, 0x6f, 0x72, 0x64, 0x00, \
  0x00, 0x00, 0x00, 0x00, 0x25, 0x00, 0x00, 0x00, 0x01, 0x00, 0x00, 0x00, 0x01, 0x00, 0x90, 0xf3, \
  0x01, 0x00, 0x00, 0x00, 0x01, 0x00, 0x00, 0x00, 0x07, 0x06, 0x00, 0x00, 0x0b, 0x00, 0x00, 0x00, \
  0x65, 0x72, 0x72, 0x6f, 0x72, 0x5f, 0x63, 0x6f, 0x64, 0x65, 0x00, 0x00, 0x00, 0x00, 0x00, 0x00, \
  0x2c, 0x00, 0x00, 0x00, 0x02, 0x00, 0x00, 0x00, 0x01, 0x00, 0x90, 0xf3, 0x01, 0x00, 0x00, 0x00, \
  0x01, 0x00, 0x00, 0x00, 0x07, 0x03, 0x00, 0x00, 0x12, 0x00, 0x00, 0x00, 0x6d, 0x6f, 0x64, 0x65, \
  0x5f, 0x6f, 0x66, 0x5f, 0x6f, 0x70, 0x65, 0x72, 0x61, 0x74, 0x69, 0x6f, 0x6e, 0x00, 0x00, 0x00, \
  0x1c, 0x00, 0x00, 0x00, 0x03, 0x00, 0x00, 0x00, 0x01, 0x00, 0x90, 0xf3, 0x01, 0x00, 0x00, 0x00, \
  0x01, 0x00, 0x00, 0x00, 0x07, 0x0a, 0x00, 0x00, 0x02, 0x00, 0x00, 0x00, 0x71, 0x00, 0x00, 0x00, \
  0x1e, 0x00, 0x00, 0x00, 0x04, 0x00, 0x00, 0x00, 0x01, 0x00, 0x90, 0xf3, 0x01, 0x00, 0x00, 0x00, \
  0x01, 0x00, 0x00, 0x00, 0x07, 0x0a, 0x00, 0x00, 0x04, 0x00, 0x00, 0x00, 0x71, 0x5f, 0x64, 0x00, \
  0x00, 0x00, 0x00, 0x00, 0x1e, 0x00, 0x00, 0x00, 0x05, 0x00, 0x00, 0x00, 0x01, 0x00, 0x90, 0xf3, \
  0x01, 0x00, 0x00, 0x00, 0x01, 0x00, 0x00, 0x00, 0x07, 0x0a, 0x00, 0x00, 0x04, 0x00, 0x00, 0x00, \
  0x71, 0x5f, 0x65, 0x00, 0x00, 0x00, 0x00, 0x00, 0x1d, 0x00, 0x00, 0x00, 0x06, 0x00, 0x00, 0x00, \
  0x01, 0x00, 0x90, 0xf3, 0x01, 0x00, 0x00, 0x00, 0x01, 0x00, 0x00, 0x00, 0x07, 0x0a, 0x00, 0x00, \
  0x03, 0x00, 0x00, 0x00, 0x64, 0x71, 0x00, 0x00, 0x00, 0x00, 0x00, 0x00, 0x20, 0x00, 0x00, 0x00, \
  0x07, 0x00, 0x00, 0x00, 0x01, 0x00, 0x90, 0xf3, 0x01, 0x00, 0x00, 0x00, 0x01, 0x00, 0x00, 0x00, \
  0x07, 0x0a, 0x00, 0x00, 0x06, 0x00, 0x00, 0x00, 0x74, 0x61, 0x75, 0x5f, 0x4a, 0x00, 0x00, 0x00, \
  0x22, 0x00, 0x00, 0x00, 0x01, 0x00, 0x00, 0x00, 0xf2, 0xf5, 0xdf, 0xad, 0x19, 0x10, 0xcb, 0xda, \
  0xa6, 0x6b, 0x5e, 0xc6, 0x6a, 0x58, 0xbc, 0xf1, 0x5b, 0x71, 0x0f, 0x90, 0xd5, 0x19, 0x16, 0x34, \
  0x86, 0xee, 0x63, 0xf6, 0x1a, 0x05\
}
#define TYPE_MAP_CDR_SZ_zdl_msg_dds__state_JointState7 710u
const dds_topic_descriptor_t zdl_msg_dds__state_JointState7_desc =
{
  .m_size = sizeof (zdl_msg_dds__state_JointState7),
  .m_align = dds_alignof (zdl_msg_dds__state_JointState7),
  .m_flagset = DDS_TOPIC_FIXED_SIZE | DDS_TOPIC_XTYPES_METADATA,
  .m_nkeys = 0u,
  .m_typename = "zdl::msg::dds_::state::JointState7",
  .m_keys = NULL,
  .m_nops = 9,
  .m_ops = zdl_msg_dds__state_JointState7_ops,
  .m_meta = "",
  .type_information = { .data = TYPE_INFO_CDR_zdl_msg_dds__state_JointState7, .sz = TYPE_INFO_CDR_SZ_zdl_msg_dds__state_JointState7 },
  .type_mapping = { .data = TYPE_MAP_CDR_zdl_msg_dds__state_JointState7, .sz = TYPE_MAP_CDR_SZ_zdl_msg_dds__state_JointState7 }
};

static const uint32_t zdl_msg_dds__state_JointState4_ops [] =
{
  /* JointState4 */
  DDS_OP_ADR | DDS_OP_TYPE_ARR | DDS_OP_SUBTYPE_2BY, offsetof (zdl_msg_dds__state_JointState4, status_word), 4u,
  DDS_OP_ADR | DDS_OP_TYPE_ARR | DDS_OP_SUBTYPE_2BY, offsetof (zdl_msg_dds__state_JointState4, error_code), 4u,
  DDS_OP_ADR | DDS_OP_TYPE_ARR | DDS_OP_SUBTYPE_2BY | DDS_OP_FLAG_SGN, offsetof (zdl_msg_dds__state_JointState4, mode_of_operation), 4u,
  DDS_OP_ADR | DDS_OP_TYPE_ARR | DDS_OP_SUBTYPE_8BY | DDS_OP_FLAG_FP, offsetof (zdl_msg_dds__state_JointState4, q), 4u,
  DDS_OP_ADR | DDS_OP_TYPE_ARR | DDS_OP_SUBTYPE_8BY | DDS_OP_FLAG_FP, offsetof (zdl_msg_dds__state_JointState4, q_d), 4u,
  DDS_OP_ADR | DDS_OP_TYPE_ARR | DDS_OP_SUBTYPE_8BY | DDS_OP_FLAG_FP, offsetof (zdl_msg_dds__state_JointState4, q_e), 4u,
  DDS_OP_ADR | DDS_OP_TYPE_ARR | DDS_OP_SUBTYPE_8BY | DDS_OP_FLAG_FP, offsetof (zdl_msg_dds__state_JointState4, dq), 4u,
  DDS_OP_ADR | DDS_OP_TYPE_ARR | DDS_OP_SUBTYPE_8BY | DDS_OP_FLAG_FP, offsetof (zdl_msg_dds__state_JointState4, tau_J), 4u,
  DDS_OP_RTS
};

/* Type Information:
  [MINIMAL da185c4d7998545932898e50916e] (#deps: 0)
  [COMPLETE 2b89d6c70fd769ff96380e6e252d] (#deps: 0)
*/
#define TYPE_INFO_CDR_zdl_msg_dds__state_JointState4 (unsigned char []){ \
  0x60, 0x00, 0x00, 0x00, 0x01, 0x10, 0x00, 0x40, 0x28, 0x00, 0x00, 0x00, 0x24, 0x00, 0x00, 0x00, \
  0x14, 0x00, 0x00, 0x00, 0xf1, 0xda, 0x18, 0x5c, 0x4d, 0x79, 0x98, 0x54, 0x59, 0x32, 0x89, 0x8e, \
  0x50, 0x91, 0x6e, 0x00, 0xf6, 0x00, 0x00, 0x00, 0x00, 0x00, 0x00, 0x00, 0x04, 0x00, 0x00, 0x00, \
  0x00, 0x00, 0x00, 0x00, 0x02, 0x10, 0x00, 0x40, 0x28, 0x00, 0x00, 0x00, 0x24, 0x00, 0x00, 0x00, \
  0x14, 0x00, 0x00, 0x00, 0xf2, 0x2b, 0x89, 0xd6, 0xc7, 0x0f, 0xd7, 0x69, 0xff, 0x96, 0x38, 0x0e, \
  0x6e, 0x25, 0x2d, 0x00, 0x78, 0x01, 0x00, 0x00, 0x00, 0x00, 0x00, 0x00, 0x04, 0x00, 0x00, 0x00, \
  0x00, 0x00, 0x00, 0x00\
}
#define TYPE_INFO_CDR_SZ_zdl_msg_dds__state_JointState4 100u
#define TYPE_MAP_CDR_zdl_msg_dds__state_JointState4 (unsigned char []){ \
  0x0a, 0x01, 0x00, 0x00, 0x01, 0x00, 0x00, 0x00, 0xf1, 0xda, 0x18, 0x5c, 0x4d, 0x79, 0x98, 0x54, \
  0x59, 0x32, 0x89, 0x8e, 0x50, 0x91, 0x6e, 0x00, 0xf2, 0x00, 0x00, 0x00, 0xf1, 0x51, 0x01, 0x00, \
  0x01, 0x00, 0x00, 0x00, 0x00, 0x00, 0x00, 0x00, 0xe2, 0x00, 0x00, 0x00, 0x08, 0x00, 0x00, 0x00, \
  0x16, 0x00, 0x00, 0x00, 0x00, 0x00, 0x00, 0x00, 0x01, 0x00, 0x90, 0xf3, 0x01, 0x00, 0x00, 0x00, \
  0x01, 0x00, 0x00, 0x00, 0x04, 0x06, 0xa3, 0x14, 0xe5, 0x73, 0x00, 0x00, 0x16, 0x00, 0x00, 0x00, \
  0x01, 0x00, 0x00, 0x00, 0x01, 0x00, 0x90, 0xf3, 0x01, 0x00, 0x00, 0x00, 0x01, 0x00, 0x00, 0x00, \
  0x04, 0x06, 0x8e, 0x95, 0xbd, 0x42, 0x00, 0x00, 0x16, 0x00, 0x00, 0x00, 0x02, 0x00, 0x00, 0x00, \
  0x01, 0x00, 0x90, 0xf3, 0x01, 0x00, 0x00, 0x00, 0x01, 0x00, 0x00, 0x00, 0x04, 0x03, 0xd0, 0x39, \
  0x53, 0x55, 0x00, 0x00, 0x16, 0x00, 0x00, 0x00, 0x03, 0x00, 0x00, 0x00, 0x01, 0x00, 0x90, 0xf3, \
  0x01, 0x00, 0x00, 0x00, 0x01, 0x00, 0x00, 0x00, 0x04, 0x0a, 0x76, 0x94, 0xf4, 0xa6, 0x00, 0x00, \
  0x16, 0x00, 0x00, 0x00, 0x04, 0x00, 0x00, 0x00, 0x01, 0x00, 0x90, 0xf3, 0x01, 0x00, 0x00, 0x00, \
  0x01, 0x00, 0x00, 0x00, 0x04, 0x0a, 0xbc, 0xd5, 0x93, 0x7d, 0x00, 0x00, 0x16, 0x00, 0x00, 0x00, \
  0x05, 0x00, 0x00, 0x00, 0x01, 0x00, 0x90, 0xf3, 0x01, 0x00, 0x00, 0x00, 0x01, 0x00, 0x00, 0x00, \
  0x04, 0x0a, 0xb4, 0xd6, 0x63, 0x75, 0x00, 0x00, 0x16, 0x00, 0x00, 0x00, 0x06, 0x00, 0x00, 0x00, \
  0x01, 0x00, 0x90, 0xf3, 0x01, 0x00, 0x00, 0x00, 0x01, 0x00, 0x00, 0x00, 0x04, 0x0a, 0x47, 0xbc, \
  0xdc, 0xd7, 0x00, 0x00, 0x16, 0x00, 0x00, 0x00, 0x07, 0x00, 0x00, 0x00, 0x01, 0x00, 0x90, 0xf3, \
  0x01, 0x00, 0x00, 0x00, 0x01, 0x00, 0x00, 0x00, 0x04, 0x0a, 0x2b, 0xc4, 0xcd, 0x23, 0x00, 0x00, \
  0x8c, 0x01, 0x00, 0x00, 0x01, 0x00, 0x00, 0x00, 0xf2, 0x2b, 0x89, 0xd6, 0xc7, 0x0f, 0xd7, 0x69, \
  0xff, 0x96, 0x38, 0x0e, 0x6e, 0x25, 0x2d, 0x00, 0x74, 0x01, 0x00, 0x00, 0xf2, 0x51, 0x01, 0x00, \
  0x2b, 0x00, 0x00, 0x00, 0x00, 0x00, 0x00, 0x00, 0x23, 0x00, 0x00, 0x00, 0x7a, 0x64, 0x6c, 0x3a, \
  0x3a, 0x6d, 0x73, 0x67, 0x3a, 0x3a, 0x64, 0x64, 0x73, 0x5f, 0x3a, 0x3a, 0x73, 0x74, 0x61, 0x74, \
  0x65, 0x3a, 0x3a, 0x4a, 0x6f, 0x69, 0x6e, 0x74, 0x53, 0x74, 0x61, 0x74, 0x65, 0x34, 0x00, 0x00, \
  0x3c, 0x01, 0x00, 0x00, 0x08, 0x00, 0x00, 0x00, 0x26, 0x00, 0x00, 0x00, 0x00, 0x00, 0x00, 0x00, \
  0x01, 0x00, 0x90, 0xf3, 0x01, 0x00, 0x00, 0x00, 0x01, 0x00, 0x00, 0x00, 0x04, 0x06, 0x00, 0x00, \
  0x0c, 0x00, 0x00, 0x00, 0x73, 0x74, 0x61, 0x74, 0x75, 0x73, 0x5f, 0x77, 0x6f, 0x72, 0x64, 0x00, \
  0x00, 0x00, 0x00, 0x00, 0x25, 0x00, 0x00, 0x00, 0x01, 0x00, 0x00, 0x00, 0x01, 0x00, 0x90, 0xf3, \
  0x01, 0x00, 0x00, 0x00, 0x01, 0x00, 0x00, 0x00, 0x04, 0x06, 0x00, 0x00, 0x0b, 0x00, 0x00, 0x00, \
  0x65, 0x72, 0x72, 0x6f, 0x72, 0x5f, 0x63, 0x6f, 0x64, 0x65, 0x00, 0x00, 0x00, 0x00, 0x00, 0x00, \
  0x2c, 0x00, 0x00, 0x00, 0x02, 0x00, 0x00, 0x00, 0x01, 0x00, 0x90, 0xf3, 0x01, 0x00, 0x00, 0x00, \
  0x01, 0x00, 0x00, 0x00, 0x04, 0x03, 0x00, 0x00, 0x12, 0x00, 0x00, 0x00, 0x6d, 0x6f, 0x64, 0x65, \
  0x5f, 0x6f, 0x66, 0x5f, 0x6f, 0x70, 0x65, 0x72, 0x61, 0x74, 0x69, 0x6f, 0x6e, 0x00, 0x00, 0x00, \
  0x1c, 0x00, 0x00, 0x00, 0x03, 0x00, 0x00, 0x00, 0x01, 0x00, 0x90, 0xf3, 0x01, 0x00, 0x00, 0x00, \
  0x01, 0x00, 0x00, 0x00, 0x04, 0x0a, 0x00, 0x00, 0x02, 0x00, 0x00, 0x00, 0x71, 0x00, 0x00, 0x00, \
  0x1e, 0x00, 0x00, 0x00, 0x04, 0x00, 0x00, 0x00, 0x01, 0x00, 0x90, 0xf3, 0x01, 0x00, 0x00, 0x00, \
  0x01, 0x00, 0x00, 0x00, 0x04, 0x0a, 0x00, 0x00, 0x04, 0x00, 0x00, 0x00, 0x71, 0x5f, 0x64, 0x00, \
  0x00, 0x00, 0x00, 0x00, 0x1e, 0x00, 0x00, 0x00, 0x05, 0x00, 0x00, 0x00, 0x01, 0x00, 0x90, 0xf3, \
  0x01, 0x00, 0x00, 0x00, 0x01, 0x00, 0x00, 0x00, 0x04, 0x0a, 0x00, 0x00, 0x04, 0x00, 0x00, 0x00, \
  0x71, 0x5f, 0x65, 0x00, 0x00, 0x00, 0x00, 0x00, 0x1d, 0x00, 0x00, 0x00, 0x06, 0x00, 0x00, 0x00, \
  0x01, 0x00, 0x90, 0xf3, 0x01, 0x00, 0x00, 0x00, 0x01, 0x00, 0x00, 0x00, 0x04, 0x0a, 0x00, 0x00, \
  0x03, 0x00, 0x00, 0x00, 0x64, 0x71, 0x00, 0x00, 0x00, 0x00, 0x00, 0x00, 0x20, 0x00, 0x00, 0x00, \
  0x07, 0x00, 0x00, 0x00, 0x01, 0x00, 0x90, 0xf3, 0x01, 0x00, 0x00, 0x00, 0x01, 0x00, 0x00, 0x00, \
  0x04, 0x0a, 0x00, 0x00, 0x06, 0x00, 0x00, 0x00, 0x74, 0x61, 0x75, 0x5f, 0x4a, 0x00, 0x00, 0x00, \
  0x22, 0x00, 0x00, 0x00, 0x01, 0x00, 0x00, 0x00, 0xf2, 0x2b, 0x89, 0xd6, 0xc7, 0x0f, 0xd7, 0x69, \
  0xff, 0x96, 0x38, 0x0e, 0x6e, 0x25, 0x2d, 0xf1, 0xda, 0x18, 0x5c, 0x4d, 0x79, 0x98, 0x54, 0x59, \
  0x32, 0x89, 0x8e, 0x50, 0x91, 0x6e\
}
#define TYPE_MAP_CDR_SZ_zdl_msg_dds__state_JointState4 710u
const dds_topic_descriptor_t zdl_msg_dds__state_JointState4_desc =
{
  .m_size = sizeof (zdl_msg_dds__state_JointState4),
  .m_align = dds_alignof (zdl_msg_dds__state_JointState4),
  .m_flagset = DDS_TOPIC_FIXED_SIZE | DDS_TOPIC_XTYPES_METADATA,
  .m_nkeys = 0u,
  .m_typename = "zdl::msg::dds_::state::JointState4",
  .m_keys = NULL,
  .m_nops = 9,
  .m_ops = zdl_msg_dds__state_JointState4_ops,
  .m_meta = "",
  .type_information = { .data = TYPE_INFO_CDR_zdl_msg_dds__state_JointState4, .sz = TYPE_INFO_CDR_SZ_zdl_msg_dds__state_JointState4 },
  .type_mapping = { .data = TYPE_MAP_CDR_zdl_msg_dds__state_JointState4, .sz = TYPE_MAP_CDR_SZ_zdl_msg_dds__state_JointState4 }
};

static const uint32_t zdl_msg_dds__state_JointState2_ops [] =
{
  /* JointState2 */
  DDS_OP_ADR | DDS_OP_TYPE_ARR | DDS_OP_SUBTYPE_2BY, offsetof (zdl_msg_dds__state_JointState2, status_word), 2u,
  DDS_OP_ADR | DDS_OP_TYPE_ARR | DDS_OP_SUBTYPE_2BY, offsetof (zdl_msg_dds__state_JointState2, error_code), 2u,
  DDS_OP_ADR | DDS_OP_TYPE_ARR | DDS_OP_SUBTYPE_2BY | DDS_OP_FLAG_SGN, offsetof (zdl_msg_dds__state_JointState2, mode_of_operation), 2u,
  DDS_OP_ADR | DDS_OP_TYPE_ARR | DDS_OP_SUBTYPE_8BY | DDS_OP_FLAG_FP, offsetof (zdl_msg_dds__state_JointState2, q), 2u,
  DDS_OP_ADR | DDS_OP_TYPE_ARR | DDS_OP_SUBTYPE_8BY | DDS_OP_FLAG_FP, offsetof (zdl_msg_dds__state_JointState2, q_d), 2u,
  DDS_OP_ADR | DDS_OP_TYPE_ARR | DDS_OP_SUBTYPE_8BY | DDS_OP_FLAG_FP, offsetof (zdl_msg_dds__state_JointState2, q_e), 2u,
  DDS_OP_ADR | DDS_OP_TYPE_ARR | DDS_OP_SUBTYPE_8BY | DDS_OP_FLAG_FP, offsetof (zdl_msg_dds__state_JointState2, dq), 2u,
  DDS_OP_ADR | DDS_OP_TYPE_ARR | DDS_OP_SUBTYPE_8BY | DDS_OP_FLAG_FP, offsetof (zdl_msg_dds__state_JointState2, tau_J), 2u,
  DDS_OP_RTS
};

/* Type Information:
  [MINIMAL 730dbe189f034d7e4fb9228d56a5] (#deps: 0)
  [COMPLETE 5c57d1bbc21a9c5983ef79127796] (#deps: 0)
*/
#define TYPE_INFO_CDR_zdl_msg_dds__state_JointState2 (unsigned char []){ \
  0x60, 0x00, 0x00, 0x00, 0x01, 0x10, 0x00, 0x40, 0x28, 0x00, 0x00, 0x00, 0x24, 0x00, 0x00, 0x00, \
  0x14, 0x00, 0x00, 0x00, 0xf1, 0x73, 0x0d, 0xbe, 0x18, 0x9f, 0x03, 0x4d, 0x7e, 0x4f, 0xb9, 0x22, \
  0x8d, 0x56, 0xa5, 0x00, 0xf6, 0x00, 0x00, 0x00, 0x00, 0x00, 0x00, 0x00, 0x04, 0x00, 0x00, 0x00, \
  0x00, 0x00, 0x00, 0x00, 0x02, 0x10, 0x00, 0x40, 0x28, 0x00, 0x00, 0x00, 0x24, 0x00, 0x00, 0x00, \
  0x14, 0x00, 0x00, 0x00, 0xf2, 0x5c, 0x57, 0xd1, 0xbb, 0xc2, 0x1a, 0x9c, 0x59, 0x83, 0xef, 0x79, \
  0x12, 0x77, 0x96, 0x00, 0x78, 0x01, 0x00, 0x00, 0x00, 0x00, 0x00, 0x00, 0x04, 0x00, 0x00, 0x00, \
  0x00, 0x00, 0x00, 0x00\
}
#define TYPE_INFO_CDR_SZ_zdl_msg_dds__state_JointState2 100u
#define TYPE_MAP_CDR_zdl_msg_dds__state_JointState2 (unsigned char []){ \
  0x0a, 0x01, 0x00, 0x00, 0x01, 0x00, 0x00, 0x00, 0xf1, 0x73, 0x0d, 0xbe, 0x18, 0x9f, 0x03, 0x4d, \
  0x7e, 0x4f, 0xb9, 0x22, 0x8d, 0x56, 0xa5, 0x00, 0xf2, 0x00, 0x00, 0x00, 0xf1, 0x51, 0x01, 0x00, \
  0x01, 0x00, 0x00, 0x00, 0x00, 0x00, 0x00, 0x00, 0xe2, 0x00, 0x00, 0x00, 0x08, 0x00, 0x00, 0x00, \
  0x16, 0x00, 0x00, 0x00, 0x00, 0x00, 0x00, 0x00, 0x01, 0x00, 0x90, 0xf3, 0x01, 0x00, 0x00, 0x00, \
  0x01, 0x00, 0x00, 0x00, 0x02, 0x06, 0xa3, 0x14, 0xe5, 0x73, 0x00, 0x00, 0x16, 0x00, 0x00, 0x00, \
  0x01, 0x00, 0x00, 0x00, 0x01, 0x00, 0x90, 0xf3, 0x01, 0x00, 0x00, 0x00, 0x01, 0x00, 0x00, 0x00, \
  0x02, 0x06, 0x8e, 0x95, 0xbd, 0x42, 0x00, 0x00, 0x16, 0x00, 0x00, 0x00, 0x02, 0x00, 0x00, 0x00, \
  0x01, 0x00, 0x90, 0xf3, 0x01, 0x00, 0x00, 0x00, 0x01, 0x00, 0x00, 0x00, 0x02, 0x03, 0xd0, 0x39, \
  0x53, 0x55, 0x00, 0x00, 0x16, 0x00, 0x00, 0x00, 0x03, 0x00, 0x00, 0x00, 0x01, 0x00, 0x90, 0xf3, \
  0x01, 0x00, 0x00, 0x00, 0x01, 0x00, 0x00, 0x00, 0x02, 0x0a, 0x76, 0x94, 0xf4, 0xa6, 0x00, 0x00, \
  0x16, 0x00, 0x00, 0x00, 0x04, 0x00, 0x00, 0x00, 0x01, 0x00, 0x90, 0xf3, 0x01, 0x00, 0x00, 0x00, \
  0x01, 0x00, 0x00, 0x00, 0x02, 0x0a, 0xbc, 0xd5, 0x93, 0x7d, 0x00, 0x00, 0x16, 0x00, 0x00, 0x00, \
  0x05, 0x00, 0x00, 0x00, 0x01, 0x00, 0x90, 0xf3, 0x01, 0x00, 0x00, 0x00, 0x01, 0x00, 0x00, 0x00, \
  0x02, 0x0a, 0xb4, 0xd6, 0x63, 0x75, 0x00, 0x00, 0x16, 0x00, 0x00, 0x00, 0x06, 0x00, 0x00, 0x00, \
  0x01, 0x00, 0x90, 0xf3, 0x01, 0x00, 0x00, 0x00, 0x01, 0x00, 0x00, 0x00, 0x02, 0x0a, 0x47, 0xbc, \
  0xdc, 0xd7, 0x00, 0x00, 0x16, 0x00, 0x00, 0x00, 0x07, 0x00, 0x00, 0x00, 0x01, 0x00, 0x90, 0xf3, \
  0x01, 0x00, 0x00, 0x00, 0x01, 0x00, 0x00, 0x00, 0x02, 0x0a, 0x2b, 0xc4, 0xcd, 0x23, 0x00, 0x00, \
  0x8c, 0x01, 0x00, 0x00, 0x01, 0x00, 0x00, 0x00, 0xf2, 0x5c, 0x57, 0xd1, 0xbb, 0xc2, 0x1a, 0x9c, \
  0x59, 0x83, 0xef, 0x79, 0x12, 0x77, 0x96, 0x00, 0x74, 0x01, 0x00, 0x00, 0xf2, 0x51, 0x01, 0x00, \
  0x2b, 0x00, 0x00, 0x00, 0x00, 0x00, 0x00, 0x00, 0x23, 0x00, 0x00, 0x00, 0x7a, 0x64, 0x6c, 0x3a, \
  0x3a, 0x6d, 0x73, 0x67, 0x3a, 0x3a, 0x64, 0x64, 0x73, 0x5f, 0x3a, 0x3a, 0x73, 0x74, 0x61, 0x74, \
  0x65, 0x3a, 0x3a, 0x4a, 0x6f, 0x69, 0x6e, 0x74, 0x53, 0x74, 0x61, 0x74, 0x65, 0x32, 0x00, 0x00, \
  0x3c, 0x01, 0x00, 0x00, 0x08, 0x00, 0x00, 0x00, 0x26, 0x00, 0x00, 0x00, 0x00, 0x00, 0x00, 0x00, \
  0x01, 0x00, 0x90, 0xf3, 0x01, 0x00, 0x00, 0x00, 0x01, 0x00, 0x00, 0x00, 0x02, 0x06, 0x00, 0x00, \
  0x0c, 0x00, 0x00, 0x00, 0x73, 0x74, 0x61, 0x74, 0x75, 0x73, 0x5f, 0x77, 0x6f, 0x72, 0x64, 0x00, \
  0x00, 0x00, 0x00, 0x00, 0x25, 0x00, 0x00, 0x00, 0x01, 0x00, 0x00, 0x00, 0x01, 0x00, 0x90, 0xf3, \
  0x01, 0x00, 0x00, 0x00, 0x01, 0x00, 0x00, 0x00, 0x02, 0x06, 0x00, 0x00, 0x0b, 0x00, 0x00, 0x00, \
  0x65, 0x72, 0x72, 0x6f, 0x72, 0x5f, 0x63, 0x6f, 0x64, 0x65, 0x00, 0x00, 0x00, 0x00, 0x00, 0x00, \
  0x2c, 0x00, 0x00, 0x00, 0x02, 0x00, 0x00, 0x00, 0x01, 0x00, 0x90, 0xf3, 0x01, 0x00, 0x00, 0x00, \
  0x01, 0x00, 0x00, 0x00, 0x02, 0x03, 0x00, 0x00, 0x12, 0x00, 0x00, 0x00, 0x6d, 0x6f, 0x64, 0x65, \
  0x5f, 0x6f, 0x66, 0x5f, 0x6f, 0x70, 0x65, 0x72, 0x61, 0x74, 0x69, 0x6f, 0x6e, 0x00, 0x00, 0x00, \
  0x1c, 0x00, 0x00, 0x00, 0x03, 0x00, 0x00, 0x00, 0x01, 0x00, 0x90, 0xf3, 0x01, 0x00, 0x00, 0x00, \
  0x01, 0x00, 0x00, 0x00, 0x02, 0x0a, 0x00, 0x00, 0x02, 0x00, 0x00, 0x00, 0x71, 0x00, 0x00, 0x00, \
  0x1e, 0x00, 0x00, 0x00, 0x04, 0x00, 0x00, 0x00, 0x01, 0x00, 0x90, 0xf3, 0x01, 0x00, 0x00, 0x00, \
  0x01, 0x00, 0x00, 0x00, 0x02, 0x0a, 0x00, 0x00, 0x04, 0x00, 0x00, 0x00, 0x71, 0x5f, 0x64, 0x00, \
  0x00, 0x00, 0x00, 0x00, 0x1e, 0x00, 0x00, 0x00, 0x05, 0x00, 0x00, 0x00, 0x01, 0x00, 0x90, 0xf3, \
  0x01, 0x00, 0x00, 0x00, 0x01, 0x00, 0x00, 0x00, 0x02, 0x0a, 0x00, 0x00, 0x04, 0x00, 0x00, 0x00, \
  0x71, 0x5f, 0x65, 0x00, 0x00, 0x00, 0x00, 0x00, 0x1d, 0x00, 0x00, 0x00, 0x06, 0x00, 0x00, 0x00, \
  0x01, 0x00, 0x90, 0xf3, 0x01, 0x00, 0x00, 0x00, 0x01, 0x00, 0x00, 0x00, 0x02, 0x0a, 0x00, 0x00, \
  0x03, 0x00, 0x00, 0x00, 0x64, 0x71, 0x00, 0x00, 0x00, 0x00, 0x00, 0x00, 0x20, 0x00, 0x00, 0x00, \
  0x07, 0x00, 0x00, 0x00, 0x01, 0x00, 0x90, 0xf3, 0x01, 0x00, 0x00, 0x00, 0x01, 0x00, 0x00, 0x00, \
  0x02, 0x0a, 0x00, 0x00, 0x06, 0x00, 0x00, 0x00, 0x74, 0x61, 0x75, 0x5f, 0x4a, 0x00, 0x00, 0x00, \
  0x22, 0x00, 0x00, 0x00, 0x01, 0x00, 0x00, 0x00, 0xf2, 0x5c, 0x57, 0xd1, 0xbb, 0xc2, 0x1a, 0x9c, \
  0x59, 0x83, 0xef, 0x79, 0x12, 0x77, 0x96, 0xf1, 0x73, 0x0d, 0xbe, 0x18, 0x9f, 0x03, 0x4d, 0x7e, \
  0x4f, 0xb9, 0x22, 0x8d, 0x56, 0xa5\
}
#define TYPE_MAP_CDR_SZ_zdl_msg_dds__state_JointState2 710u
const dds_topic_descriptor_t zdl_msg_dds__state_JointState2_desc =
{
  .m_size = sizeof (zdl_msg_dds__state_JointState2),
  .m_align = dds_alignof (zdl_msg_dds__state_JointState2),
  .m_flagset = DDS_TOPIC_FIXED_SIZE | DDS_TOPIC_XTYPES_METADATA,
  .m_nkeys = 0u,
  .m_typename = "zdl::msg::dds_::state::JointState2",
  .m_keys = NULL,
  .m_nops = 9,
  .m_ops = zdl_msg_dds__state_JointState2_ops,
  .m_meta = "",
  .type_information = { .data = TYPE_INFO_CDR_zdl_msg_dds__state_JointState2, .sz = TYPE_INFO_CDR_SZ_zdl_msg_dds__state_JointState2 },
  .type_mapping = { .data = TYPE_MAP_CDR_zdl_msg_dds__state_JointState2, .sz = TYPE_MAP_CDR_SZ_zdl_msg_dds__state_JointState2 }
};

static const uint32_t zdl_msg_dds__state_ArmState_ops [] =
{
  /* ArmState */
  DDS_OP_ADR | DDS_OP_TYPE_EXT, offsetof (zdl_msg_dds__state_ArmState, joint_state), (3u << 16u) + 39u /* JointState7 */,
  DDS_OP_ADR | DDS_OP_TYPE_ARR | DDS_OP_SUBTYPE_8BY | DDS_OP_FLAG_FP, offsetof (zdl_msg_dds__state_ArmState, dq_d), 7u,
  DDS_OP_ADR | DDS_OP_TYPE_ARR | DDS_OP_SUBTYPE_8BY | DDS_OP_FLAG_FP, offsetof (zdl_msg_dds__state_ArmState, tau_Js), 7u,
  DDS_OP_ADR | DDS_OP_TYPE_ARR | DDS_OP_SUBTYPE_8BY | DDS_OP_FLAG_FP, offsetof (zdl_msg_dds__state_ArmState, tau_J_d), 7u,
  DDS_OP_ADR | DDS_OP_TYPE_ARR | DDS_OP_SUBTYPE_8BY | DDS_OP_FLAG_FP, offsetof (zdl_msg_dds__state_ArmState, O_T_EE), 16u,
  DDS_OP_ADR | DDS_OP_TYPE_ARR | DDS_OP_SUBTYPE_8BY | DDS_OP_FLAG_FP, offsetof (zdl_msg_dds__state_ArmState, O_T_EE_d), 16u,
  DDS_OP_ADR | DDS_OP_TYPE_8BY | DDS_OP_FLAG_FP, offsetof (zdl_msg_dds__state_ArmState, m_total),
  DDS_OP_ADR | DDS_OP_TYPE_ARR | DDS_OP_SUBTYPE_8BY | DDS_OP_FLAG_FP, offsetof (zdl_msg_dds__state_ArmState, I_total), 9u,
  DDS_OP_ADR | DDS_OP_TYPE_ARR | DDS_OP_SUBTYPE_8BY | DDS_OP_FLAG_FP, offsetof (zdl_msg_dds__state_ArmState, F_x_Ctotal), 3u,
  DDS_OP_ADR | DDS_OP_TYPE_ARR | DDS_OP_SUBTYPE_8BY | DDS_OP_FLAG_FP, offsetof (zdl_msg_dds__state_ArmState, joint_k_gains), 7u,
  DDS_OP_ADR | DDS_OP_TYPE_ARR | DDS_OP_SUBTYPE_8BY | DDS_OP_FLAG_FP, offsetof (zdl_msg_dds__state_ArmState, joint_d_gains), 7u,
  DDS_OP_ADR | DDS_OP_TYPE_ARR | DDS_OP_SUBTYPE_8BY | DDS_OP_FLAG_FP, offsetof (zdl_msg_dds__state_ArmState, stiffness), 6u,
  DDS_OP_ADR | DDS_OP_TYPE_ARR | DDS_OP_SUBTYPE_8BY | DDS_OP_FLAG_FP, offsetof (zdl_msg_dds__state_ArmState, damping), 6u,
  DDS_OP_RTS,

  /* JointState7 */
  DDS_OP_ADR | DDS_OP_TYPE_ARR | DDS_OP_SUBTYPE_2BY, offsetof (zdl_msg_dds__state_JointState7, status_word), 7u,
  DDS_OP_ADR | DDS_OP_TYPE_ARR | DDS_OP_SUBTYPE_2BY, offsetof (zdl_msg_dds__state_JointState7, error_code), 7u,
  DDS_OP_ADR | DDS_OP_TYPE_ARR | DDS_OP_SUBTYPE_2BY | DDS_OP_FLAG_SGN, offsetof (zdl_msg_dds__state_JointState7, mode_of_operation), 7u,
  DDS_OP_ADR | DDS_OP_TYPE_ARR | DDS_OP_SUBTYPE_8BY | DDS_OP_FLAG_FP, offsetof (zdl_msg_dds__state_JointState7, q), 7u,
  DDS_OP_ADR | DDS_OP_TYPE_ARR | DDS_OP_SUBTYPE_8BY | DDS_OP_FLAG_FP, offsetof (zdl_msg_dds__state_JointState7, q_d), 7u,
  DDS_OP_ADR | DDS_OP_TYPE_ARR | DDS_OP_SUBTYPE_8BY | DDS_OP_FLAG_FP, offsetof (zdl_msg_dds__state_JointState7, q_e), 7u,
  DDS_OP_ADR | DDS_OP_TYPE_ARR | DDS_OP_SUBTYPE_8BY | DDS_OP_FLAG_FP, offsetof (zdl_msg_dds__state_JointState7, dq), 7u,
  DDS_OP_ADR | DDS_OP_TYPE_ARR | DDS_OP_SUBTYPE_8BY | DDS_OP_FLAG_FP, offsetof (zdl_msg_dds__state_JointState7, tau_J), 7u,
  DDS_OP_RTS
};

/* Type Information:
  [MINIMAL 2c35e5f3daee0871e1ad51a9ba74] (#deps: 1)
   - [MINIMAL 5b710f90d519163486ee63f61a05]
  [COMPLETE 85efa56213c1aa7b3df2b2e5258b] (#deps: 1)
   - [COMPLETE f5dfad1910cbdaa66b5ec66a58bc]
*/
#define TYPE_INFO_CDR_zdl_msg_dds__state_ArmState (unsigned char []){ \
  0x90, 0x00, 0x00, 0x00, 0x01, 0x10, 0x00, 0x40, 0x40, 0x00, 0x00, 0x00, 0x3c, 0x00, 0x00, 0x00, \
  0x14, 0x00, 0x00, 0x00, 0xf1, 0x2c, 0x35, 0xe5, 0xf3, 0xda, 0xee, 0x08, 0x71, 0xe1, 0xad, 0x51, \
  0xa9, 0xba, 0x74, 0x00, 0x7a, 0x01, 0x00, 0x00, 0x01, 0x00, 0x00, 0x00, 0x1c, 0x00, 0x00, 0x00, \
  0x01, 0x00, 0x00, 0x00, 0x14, 0x00, 0x00, 0x00, 0xf1, 0x5b, 0x71, 0x0f, 0x90, 0xd5, 0x19, 0x16, \
  0x34, 0x86, 0xee, 0x63, 0xf6, 0x1a, 0x05, 0x00, 0xf6, 0x00, 0x00, 0x00, 0x02, 0x10, 0x00, 0x40, \
  0x40, 0x00, 0x00, 0x00, 0x3c, 0x00, 0x00, 0x00, 0x14, 0x00, 0x00, 0x00, 0xf2, 0x85, 0xef, 0xa5, \
  0x62, 0x13, 0xc1, 0xaa, 0x7b, 0x3d, 0xf2, 0xb2, 0xe5, 0x25, 0x8b, 0x00, 0x46, 0x02, 0x00, 0x00, \
  0x01, 0x00, 0x00, 0x00, 0x1c, 0x00, 0x00, 0x00, 0x01, 0x00, 0x00, 0x00, 0x14, 0x00, 0x00, 0x00, \
  0xf2, 0xf5, 0xdf, 0xad, 0x19, 0x10, 0xcb, 0xda, 0xa6, 0x6b, 0x5e, 0xc6, 0x6a, 0x58, 0xbc, 0x00, \
  0x78, 0x01, 0x00, 0x00\
}
#define TYPE_INFO_CDR_SZ_zdl_msg_dds__state_ArmState 148u
#define TYPE_MAP_CDR_zdl_msg_dds__state_ArmState (unsigned char []){ \
  0x96, 0x02, 0x00, 0x00, 0x02, 0x00, 0x00, 0x00, 0xf1, 0x2c, 0x35, 0xe5, 0xf3, 0xda, 0xee, 0x08, \
  0x71, 0xe1, 0xad, 0x51, 0xa9, 0xba, 0x74, 0x00, 0x76, 0x01, 0x00, 0x00, 0xf1, 0x51, 0x01, 0x00, \
  0x01, 0x00, 0x00, 0x00, 0x00, 0x00, 0x00, 0x00, 0x66, 0x01, 0x00, 0x00, 0x0d, 0x00, 0x00, 0x00, \
  0x19, 0x00, 0x00, 0x00, 0x00, 0x00, 0x00, 0x00, 0x01, 0x00, 0xf1, 0x5b, 0x71, 0x0f, 0x90, 0xd5, \
  0x19, 0x16, 0x34, 0x86, 0xee, 0x63, 0xf6, 0x1a, 0x05, 0xdc, 0x8a, 0x37, 0x5d, 0x00, 0x00, 0x00, \
  0x16, 0x00, 0x00, 0x00, 0x01, 0x00, 0x00, 0x00, 0x01, 0x00, 0x90, 0xf3, 0x01, 0x00, 0x00, 0x00, \
  0x01, 0x00, 0x00, 0x00, 0x07, 0x0a, 0xe7, 0xd5, 0x79, 0x80, 0x00, 0x00, 0x16, 0x00, 0x00, 0x00, \
  0x02, 0x00, 0x00, 0x00, 0x01, 0x00, 0x90, 0xf3, 0x01, 0x00, 0x00, 0x00, 0x01, 0x00, 0x00, 0x00, \
  0x07, 0x0a, 0x6a, 0x27, 0x78, 0xc3, 0x00, 0x00, 0x16, 0x00, 0x00, 0x00, 0x03, 0x00, 0x00, 0x00, \
  0x01, 0x00, 0x90, 0xf3, 0x01, 0x00, 0x00, 0x00, 0x01, 0x00, 0x00, 0x00, 0x07, 0x0a, 0x68, 0x1a, \
  0x15, 0x8a, 0x00, 0x00, 0x16, 0x00, 0x00, 0x00, 0x04, 0x00, 0x00, 0x00, 0x01, 0x00, 0x90, 0xf3, \
  0x01, 0x00, 0x00, 0x00, 0x01, 0x00, 0x00, 0x00, 0x10, 0x0a, 0x4e, 0x39, 0x8e, 0xa7, 0x00, 0x00, \
  0x16, 0x00, 0x00, 0x00, 0x05, 0x00, 0x00, 0x00, 0x01, 0x00, 0x90, 0xf3, 0x01, 0x00, 0x00, 0x00, \
  0x01, 0x00, 0x00, 0x00, 0x10, 0x0a, 0xd8, 0x46, 0x3d, 0x2e, 0x00, 0x00, 0x0b, 0x00, 0x00, 0x00, \
  0x06, 0x00, 0x00, 0x00, 0x01, 0x00, 0x0a, 0x6c, 0x9b, 0x5e, 0xba, 0x00, 0x16, 0x00, 0x00, 0x00, \
  0x07, 0x00, 0x00, 0x00, 0x01, 0x00, 0x90, 0xf3, 0x01, 0x00, 0x00, 0x00, 0x01, 0x00, 0x00, 0x00, \
  0x09, 0x0a, 0x24, 0x44, 0xc3, 0x0b, 0x00, 0x00, 0x16, 0x00, 0x00, 0x00, 0x08, 0x00, 0x00, 0x00, \
  0x01, 0x00, 0x90, 0xf3, 0x01, 0x00, 0x00, 0x00, 0x01, 0x00, 0x00, 0x00, 0x03, 0x0a, 0x48, 0x7c, \
  0x8b, 0x88, 0x00, 0x00, 0x16, 0x00, 0x00, 0x00, 0x09, 0x00, 0x00, 0x00, 0x01, 0x00, 0x90, 0xf3, \
  0x01, 0x00, 0x00, 0x00, 0x01, 0x00, 0x00, 0x00, 0x07, 0x0a, 0x89, 0x04, 0x20, 0xe0, 0x00, 0x00, \
  0x16, 0x00, 0x00, 0x00, 0x0a, 0x00, 0x00, 0x00, 0x01, 0x00, 0x90, 0xf3, 0x01, 0x00, 0x00, 0x00, \
  0x01, 0x00, 0x00, 0x00, 0x07, 0x0a, 0xe5, 0x47, 0x98, 0x01, 0x00, 0x00, 0x16, 0x00, 0x00, 0x00, \
  0x0b, 0x00, 0x00, 0x00, 0x01, 0x00, 0x90, 0xf3, 0x01, 0x00, 0x00, 0x00, 0x01, 0x00, 0x00, 0x00, \
  0x06, 0x0a, 0x08, 0x6e, 0x8b, 0x52, 0x00, 0x00, 0x16, 0x00, 0x00, 0x00, 0x0c, 0x00, 0x00, 0x00, \
  0x01, 0x00, 0x90, 0xf3, 0x01, 0x00, 0x00, 0x00, 0x01, 0x00, 0x00, 0x00, 0x06, 0x0a, 0xe6, 0xa2, \
  0xe3, 0xe2, 0xf1, 0x5b, 0x71, 0x0f, 0x90, 0xd5, 0x19, 0x16, 0x34, 0x86, 0xee, 0x63, 0xf6, 0x1a, \
  0x05, 0x00, 0x00, 0x00, 0xf2, 0x00, 0x00, 0x00, 0xf1, 0x51, 0x01, 0x00, 0x01, 0x00, 0x00, 0x00, \
  0x00, 0x00, 0x00, 0x00, 0xe2, 0x00, 0x00, 0x00, 0x08, 0x00, 0x00, 0x00, 0x16, 0x00, 0x00, 0x00, \
  0x00, 0x00, 0x00, 0x00, 0x01, 0x00, 0x90, 0xf3, 0x01, 0x00, 0x00, 0x00, 0x01, 0x00, 0x00, 0x00, \
  0x07, 0x06, 0xa3, 0x14, 0xe5, 0x73, 0x00, 0x00, 0x16, 0x00, 0x00, 0x00, 0x01, 0x00, 0x00, 0x00, \
  0x01, 0x00, 0x90, 0xf3, 0x01, 0x00, 0x00, 0x00, 0x01, 0x00, 0x00, 0x00, 0x07, 0x06, 0x8e, 0x95, \
  0xbd, 0x42, 0x00, 0x00, 0x16, 0x00, 0x00, 0x00, 0x02, 0x00, 0x00, 0x00, 0x01, 0x00, 0x90, 0xf3, \
  0x01, 0x00, 0x00, 0x00, 0x01, 0x00, 0x00, 0x00, 0x07, 0x03, 0xd0, 0x39, 0x53, 0x55, 0x00, 0x00, \
  0x16, 0x00, 0x00, 0x00, 0x03, 0x00, 0x00, 0x00, 0x01, 0x00, 0x90, 0xf3, 0x01, 0x00, 0x00, 0x00, \
  0x01, 0x00, 0x00, 0x00, 0x07, 0x0a, 0x76, 0x94, 0xf4, 0xa6, 0x00, 0x00, 0x16, 0x00, 0x00, 0x00, \
  0x04, 0x00, 0x00, 0x00, 0x01, 0x00, 0x90, 0xf3, 0x01, 0x00, 0x00, 0x00, 0x01, 0x00, 0x00, 0x00, \
  0x07, 0x0a, 0xbc, 0xd5, 0x93, 0x7d, 0x00, 0x00, 0x16, 0x00, 0x00, 0x00, 0x05, 0x00, 0x00, 0x00, \
  0x01, 0x00, 0x90, 0xf3, 0x01, 0x00, 0x00, 0x00, 0x01, 0x00, 0x00, 0x00, 0x07, 0x0a, 0xb4, 0xd6, \
  0x63, 0x75, 0x00, 0x00, 0x16, 0x00, 0x00, 0x00, 0x06, 0x00, 0x00, 0x00, 0x01, 0x00, 0x90, 0xf3, \
  0x01, 0x00, 0x00, 0x00, 0x01, 0x00, 0x00, 0x00, 0x07, 0x0a, 0x47, 0xbc, 0xdc, 0xd7, 0x00, 0x00, \
  0x16, 0x00, 0x00, 0x00, 0x07, 0x00, 0x00, 0x00, 0x01, 0x00, 0x90, 0xf3, 0x01, 0x00, 0x00, 0x00, \
  0x01, 0x00, 0x00, 0x00, 0x07, 0x0a, 0x2b, 0xc4, 0xcd, 0x23, 0x00, 0x00, 0xe4, 0x03, 0x00, 0x00, \
  0x02, 0x00, 0x00, 0x00, 0xf2, 0x85, 0xef, 0xa5, 0x62, 0x13, 0xc1, 0xaa, 0x7b, 0x3d, 0xf2, 0xb2, \
  0xe5, 0x25, 0x8b, 0x00, 0x42, 0x02, 0x00, 0x00, 0xf2, 0x51, 0x01, 0x00, 0x28, 0x00, 0x00, 0x00, \
  0x00, 0x00, 0x00, 0x00, 0x20, 0x00, 0x00, 0x00, 0x7a, 0x64, 0x6c, 0x3a, 0x3a, 0x6d, 0x73, 0x67, \
  0x3a, 0x3a, 0x64, 0x64, 0x73, 0x5f, 0x3a, 0x3a, 0x73, 0x74, 0x61, 0x74, 0x65, 0x3a, 0x3a, 0x41, \
  0x72, 0x6d, 0x53, 0x74, 0x61, 0x74, 0x65, 0x00, 0x0e, 0x02, 0x00, 0x00, 0x0d, 0x00, 0x00, 0x00, \
  0x2a, 0x00, 0x00, 0x00, 0x00, 0x00, 0x00, 0x00, 0x01, 0x00, 0xf2, 0xf5, 0xdf, 0xad, 0x19, 0x10, \
  0xcb, 0xda, 0xa6, 0x6b, 0x5e, 0xc6, 0x6a, 0x58, 0xbc, 0x00, 0x00, 0x00, 0x0c, 0x00, 0x00, 0x00, \
  0x6a, 0x6f, 0x69, 0x6e, 0x74, 0x5f, 0x73, 0x74, 0x61, 0x74, 0x65, 0x00, 0x00, 0x00, 0x00, 0x00, \
  0x1f, 0x00, 0x00, 0x00, 0x01, 0x00, 0x00, 0x00, 0x01, 0x00, 0x90, 0xf3, 0x01, 0x00, 0x00, 0x00, \
  0x01, 0x00, 0x00, 0x00, 0x07, 0x0a, 0x00, 0x00, 0x05, 0x00, 0x00, 0x00, 0x64, 0x71, 0x5f, 0x64, \
  0x00, 0x00, 0x00, 0x00, 0x21, 0x00, 0x00, 0x00, 0x02, 0x00, 0x00, 0x00, 0x01, 0x00, 0x90, 0xf3, \
  0x01, 0x00, 0x00, 0x00, 0x01, 0x00, 0x00, 0x00, 0x07, 0x0a, 0x00, 0x00, 0x07, 0x00, 0x00, 0x00, \
  0x74, 0x61, 0x75, 0x5f, 0x4a, 0x73, 0x00, 0x00, 0x00, 0x00, 0x00, 0x00, 0x22, 0x00, 0x00, 0x00, \
  0x03, 0x00, 0x00, 0x00, 0x01, 0x00, 0x90, 0xf3, 0x01, 0x00, 0x00, 0x00, 0x01, 0x00, 0x00, 0x00, \
  0x07, 0x0a, 0x00, 0x00, 0x08, 0x00, 0x00, 0x00, 0x74, 0x61, 0x75, 0x5f, 0x4a, 0x5f, 0x64, 0x00, \
  0x00, 0x00, 0x00, 0x00, 0x21, 0x00, 0x00, 0x00, 0x04, 0x00, 0x00, 0x00, 0x01, 0x00, 0x90, 0xf3, \
  0x01, 0x00, 0x00, 0x00, 0x01, 0x00, 0x00, 0x00, 0x10, 0x0a, 0x00, 0x00, 0x07, 0x00, 0x00, 0x00, \
  0x4f, 0x5f, 0x54, 0x5f, 0x45, 0x45, 0x00, 0x00, 0x00, 0x00, 0x00, 0x00, 0x23, 0x00, 0x00, 0x00, \
  0x05, 0x00, 0x00, 0x00, 0x01, 0x00, 0x90, 0xf3, 0x01, 0x00, 0x00, 0x00, 0x01, 0x00, 0x00, 0x00, \
  0x10, 0x0a, 0x00, 0x00, 0x09, 0x00, 0x00, 0x00, 0x4f, 0x5f, 0x54, 0x5f, 0x45, 0x45, 0x5f, 0x64, \
  0x00, 0x00, 0x00, 0x00, 0x16, 0x00, 0x00, 0x00, 0x06, 0x00, 0x00, 0x00, 0x01, 0x00, 0x0a, 0x00, \
  0x08, 0x00, 0x00, 0x00, 0x6d, 0x5f, 0x74, 0x6f, 0x74, 0x61, 0x6c, 0x00, 0x00, 0x00, 0x00, 0x00, \
  0x22, 0x00, 0x00, 0x00, 0x07, 0x00, 0x00, 0x00, 0x01, 0x00, 0x90, 0xf3, 0x01, 0x00, 0x00, 0x00, \
  0x01, 0x00, 0x00, 0x00, 0x09, 0x0a, 0x00, 0x00, 0x08, 0x00, 0x00, 0x00, 0x49, 0x5f, 0x74, 0x6f, \
  0x74, 0x61, 0x6c, 0x00, 0x00, 0x00, 0x00, 0x00, 0x25, 0x00, 0x00, 0x00, 0x08, 0x00, 0x00, 0x00, \
  0x01, 0x00, 0x90, 0xf3, 0x01, 0x00, 0x00, 0x00, 0x01, 0x00, 0x00, 0x00, 0x03, 0x0a, 0x00, 0x00, \
  0x0b, 0x00, 0x00, 0x00, 0x46, 0x5f, 0x78, 0x5f, 0x43, 0x74, 0x6f, 0x74, 0x61, 0x6c, 0x00, 0x00, \
  0x00, 0x00, 0x00, 0x00, 0x28, 0x00, 0x00, 0x00, 0x09, 0x00, 0x00, 0x00, 0x01, 0x00, 0x90, 0xf3, \
  0x01, 0x00, 0x00, 0x00, 0x01, 0x00, 0x00, 0x00, 0x07, 0x0a, 0x00, 0x00, 0x0e, 0x00, 0x00, 0x00, \
  0x6a, 0x6f, 0x69, 0x6e, 0x74, 0x5f, 0x6b, 0x5f, 0x67, 0x61, 0x69, 0x6e, 0x73, 0x00, 0x00, 0x00, \
  0x28, 0x00, 0x00, 0x00, 0x0a, 0x00, 0x00, 0x00, 0x01, 0x00, 0x90, 0xf3, 0x01, 0x00, 0x00, 0x00, \
  0x01, 0x00, 0x00, 0x00, 0x07, 0x0a, 0x00, 0x00, 0x0e, 0x00, 0x00, 0x00, 0x6a, 0x6f, 0x69, 0x6e, \
  0x74, 0x5f, 0x64, 0x5f, 0x67, 0x61, 0x69, 0x6e, 0x73, 0x00, 0x00, 0x00, 0x24, 0x00, 0x00, 0x00, \
  0x0b, 0x00, 0x00, 0x00, 0x01, 0x00, 0x90, 0xf3, 0x01, 0x00, 0x00, 0x00, 0x01, 0x00, 0x00, 0x00, \
  0x06, 0x0a, 0x00, 0x00, 0x0a, 0x00, 0x00, 0x00, 0x73, 0x74, 0x69, 0x66, 0x66, 0x6e, 0x65, 0x73, \
  0x73, 0x00, 0x00, 0x00, 0x22, 0x00, 0x00, 0x00, 0x0c, 0x00, 0x00, 0x00, 0x01, 0x00, 0x90, 0xf3, \
  0x01, 0x00, 0x00, 0x00, 0x01, 0x00, 0x00, 0x00, 0x06, 0x0a, 0x00, 0x00, 0x08, 0x00, 0x00, 0x00, \
  0x64, 0x61, 0x6d, 0x70, 0x69, 0x6e, 0x67, 0x00, 0x00, 0x00, 0xf2, 0xf5, 0xdf, 0xad, 0x19, 0x10, \
  0xcb, 0xda, 0xa6, 0x6b, 0x5e, 0xc6, 0x6a, 0x58, 0xbc, 0x00, 0x00, 0x00, 0x74, 0x01, 0x00, 0x00, \
  0xf2, 0x51, 0x01, 0x00, 0x2b, 0x00, 0x00, 0x00, 0x00, 0x00, 0x00, 0x00, 0x23, 0x00, 0x00, 0x00, \
  0x7a, 0x64, 0x6c, 0x3a, 0x3a, 0x6d, 0x73, 0x67, 0x3a, 0x3a, 0x64, 0x64, 0x73, 0x5f, 0x3a, 0x3a, \
  0x73, 0x74, 0x61, 0x74, 0x65, 0x3a, 0x3a, 0x4a, 0x6f, 0x69, 0x6e, 0x74, 0x53, 0x74, 0x61, 0x74, \
  0x65, 0x37, 0x00, 0x00, 0x3c, 0x01, 0x00, 0x00, 0x08, 0x00, 0x00, 0x00, 0x26, 0x00, 0x00, 0x00, \
  0x00, 0x00, 0x00, 0x00, 0x01, 0x00, 0x90, 0xf3, 0x01, 0x00, 0x00, 0x00, 0x01, 0x00, 0x00, 0x00, \
  0x07, 0x06, 0x00, 0x00, 0x0c, 0x00, 0x00, 0x00, 0x73, 0x74, 0x61, 0x74, 0x75, 0x73, 0x5f, 0x77, \
  0x6f, 0x72, 0x64, 0x00, 0x00, 0x00, 0x00, 0x00, 0x25, 0x00, 0x00, 0x00, 0x01, 0x00, 0x00, 0x00, \
  0x01, 0x00, 0x90, 0xf3, 0x01, 0x00, 0x00, 0x00, 0x01, 0x00, 0x00, 0x00, 0x07, 0x06, 0x00, 0x00, \
  0x0b, 0x00, 0x00, 0x00, 0x65, 0x72, 0x72, 0x6f, 0x72, 0x5f, 0x63, 0x6f, 0x64, 0x65, 0x00, 0x00, \
  0x00, 0x00, 0x00, 0x00, 0x2c, 0x00, 0x00, 0x00, 0x02, 0x00, 0x00, 0x00, 0x01, 0x00, 0x90, 0xf3, \
  0x01, 0x00, 0x00, 0x00, 0x01, 0x00, 0x00, 0x00, 0x07, 0x03, 0x00, 0x00, 0x12, 0x00, 0x00, 0x00, \
  0x6d, 0x6f, 0x64, 0x65, 0x5f, 0x6f, 0x66, 0x5f, 0x6f, 0x70, 0x65, 0x72, 0x61, 0x74, 0x69, 0x6f, \
  0x6e, 0x00, 0x00, 0x00, 0x1c, 0x00, 0x00, 0x00, 0x03, 0x00, 0x00, 0x00, 0x01, 0x00, 0x90, 0xf3, \
  0x01, 0x00, 0x00, 0x00, 0x01, 0x00, 0x00, 0x00, 0x07, 0x0a, 0x00, 0x00, 0x02, 0x00, 0x00, 0x00, \
  0x71, 0x00, 0x00, 0x00, 0x1e, 0x00, 0x00, 0x00, 0x04, 0x00, 0x00, 0x00, 0x01, 0x00, 0x90, 0xf3, \
  0x01, 0x00, 0x00, 0x00, 0x01, 0x00, 0x00, 0x00, 0x07, 0x0a, 0x00, 0x00, 0x04, 0x00, 0x00, 0x00, \
  0x71, 0x5f, 0x64, 0x00, 0x00, 0x00, 0x00, 0x00, 0x1e, 0x00, 0x00, 0x00, 0x05, 0x00, 0x00, 0x00, \
  0x01, 0x00, 0x90, 0xf3, 0x01, 0x00, 0x00, 0x00, 0x01, 0x00, 0x00, 0x00, 0x07, 0x0a, 0x00, 0x00, \
  0x04, 0x00, 0x00, 0x00, 0x71, 0x5f, 0x65, 0x00, 0x00, 0x00, 0x00, 0x00, 0x1d, 0x00, 0x00, 0x00, \
  0x06, 0x00, 0x00, 0x00, 0x01, 0x00, 0x90, 0xf3, 0x01, 0x00, 0x00, 0x00, 0x01, 0x00, 0x00, 0x00, \
  0x07, 0x0a, 0x00, 0x00, 0x03, 0x00, 0x00, 0x00, 0x64, 0x71, 0x00, 0x00, 0x00, 0x00, 0x00, 0x00, \
  0x20, 0x00, 0x00, 0x00, 0x07, 0x00, 0x00, 0x00, 0x01, 0x00, 0x90, 0xf3, 0x01, 0x00, 0x00, 0x00, \
  0x01, 0x00, 0x00, 0x00, 0x07, 0x0a, 0x00, 0x00, 0x06, 0x00, 0x00, 0x00, 0x74, 0x61, 0x75, 0x5f, \
  0x4a, 0x00, 0x00, 0x00, 0x40, 0x00, 0x00, 0x00, 0x02, 0x00, 0x00, 0x00, 0xf2, 0x85, 0xef, 0xa5, \
  0x62, 0x13, 0xc1, 0xaa, 0x7b, 0x3d, 0xf2, 0xb2, 0xe5, 0x25, 0x8b, 0xf1, 0x2c, 0x35, 0xe5, 0xf3, \
  0xda, 0xee, 0x08, 0x71, 0xe1, 0xad, 0x51, 0xa9, 0xba, 0x74, 0xf2, 0xf5, 0xdf, 0xad, 0x19, 0x10, \
  0xcb, 0xda, 0xa6, 0x6b, 0x5e, 0xc6, 0x6a, 0x58, 0xbc, 0xf1, 0x5b, 0x71, 0x0f, 0x90, 0xd5, 0x19, \
  0x16, 0x34, 0x86, 0xee, 0x63, 0xf6, 0x1a, 0x05\
}
#define TYPE_MAP_CDR_SZ_zdl_msg_dds__state_ArmState 1736u
const dds_topic_descriptor_t zdl_msg_dds__state_ArmState_desc =
{
  .m_size = sizeof (zdl_msg_dds__state_ArmState),
  .m_align = dds_alignof (zdl_msg_dds__state_ArmState),
  .m_flagset = DDS_TOPIC_FIXED_SIZE | DDS_TOPIC_XTYPES_METADATA,
  .m_nkeys = 0u,
  .m_typename = "zdl::msg::dds_::state::ArmState",
  .m_keys = NULL,
  .m_nops = 23,
  .m_ops = zdl_msg_dds__state_ArmState_ops,
  .m_meta = "",
  .type_information = { .data = TYPE_INFO_CDR_zdl_msg_dds__state_ArmState, .sz = TYPE_INFO_CDR_SZ_zdl_msg_dds__state_ArmState },
  .type_mapping = { .data = TYPE_MAP_CDR_zdl_msg_dds__state_ArmState, .sz = TYPE_MAP_CDR_SZ_zdl_msg_dds__state_ArmState }
};

static const uint32_t zdl_msg_dds__state_WaistState_ops [] =
{
  /* WaistState */
  DDS_OP_ADR | DDS_OP_TYPE_EXT, offsetof (zdl_msg_dds__state_WaistState, joint_state), (3u << 16u) + 4u /* JointState4 */,
  DDS_OP_RTS,

  /* JointState4 */
  DDS_OP_ADR | DDS_OP_TYPE_ARR | DDS_OP_SUBTYPE_2BY, offsetof (zdl_msg_dds__state_JointState4, status_word), 4u,
  DDS_OP_ADR | DDS_OP_TYPE_ARR | DDS_OP_SUBTYPE_2BY, offsetof (zdl_msg_dds__state_JointState4, error_code), 4u,
  DDS_OP_ADR | DDS_OP_TYPE_ARR | DDS_OP_SUBTYPE_2BY | DDS_OP_FLAG_SGN, offsetof (zdl_msg_dds__state_JointState4, mode_of_operation), 4u,
  DDS_OP_ADR | DDS_OP_TYPE_ARR | DDS_OP_SUBTYPE_8BY | DDS_OP_FLAG_FP, offsetof (zdl_msg_dds__state_JointState4, q), 4u,
  DDS_OP_ADR | DDS_OP_TYPE_ARR | DDS_OP_SUBTYPE_8BY | DDS_OP_FLAG_FP, offsetof (zdl_msg_dds__state_JointState4, q_d), 4u,
  DDS_OP_ADR | DDS_OP_TYPE_ARR | DDS_OP_SUBTYPE_8BY | DDS_OP_FLAG_FP, offsetof (zdl_msg_dds__state_JointState4, q_e), 4u,
  DDS_OP_ADR | DDS_OP_TYPE_ARR | DDS_OP_SUBTYPE_8BY | DDS_OP_FLAG_FP, offsetof (zdl_msg_dds__state_JointState4, dq), 4u,
  DDS_OP_ADR | DDS_OP_TYPE_ARR | DDS_OP_SUBTYPE_8BY | DDS_OP_FLAG_FP, offsetof (zdl_msg_dds__state_JointState4, tau_J), 4u,
  DDS_OP_RTS
};

/* Type Information:
  [MINIMAL 0fc4779f47eadb0f6de82bfd9a21] (#deps: 1)
   - [MINIMAL da185c4d7998545932898e50916e]
  [COMPLETE 1145d748719445a6f2bb82fdd738] (#deps: 1)
   - [COMPLETE 2b89d6c70fd769ff96380e6e252d]
*/
#define TYPE_INFO_CDR_zdl_msg_dds__state_WaistState (unsigned char []){ \
  0x90, 0x00, 0x00, 0x00, 0x01, 0x10, 0x00, 0x40, 0x40, 0x00, 0x00, 0x00, 0x3c, 0x00, 0x00, 0x00, \
  0x14, 0x00, 0x00, 0x00, 0xf1, 0x0f, 0xc4, 0x77, 0x9f, 0x47, 0xea, 0xdb, 0x0f, 0x6d, 0xe8, 0x2b, \
  0xfd, 0x9a, 0x21, 0x00, 0x35, 0x00, 0x00, 0x00, 0x01, 0x00, 0x00, 0x00, 0x1c, 0x00, 0x00, 0x00, \
  0x01, 0x00, 0x00, 0x00, 0x14, 0x00, 0x00, 0x00, 0xf1, 0xda, 0x18, 0x5c, 0x4d, 0x79, 0x98, 0x54, \
  0x59, 0x32, 0x89, 0x8e, 0x50, 0x91, 0x6e, 0x00, 0xf6, 0x00, 0x00, 0x00, 0x02, 0x10, 0x00, 0x40, \
  0x40, 0x00, 0x00, 0x00, 0x3c, 0x00, 0x00, 0x00, 0x14, 0x00, 0x00, 0x00, 0xf2, 0x11, 0x45, 0xd7, \
  0x48, 0x71, 0x94, 0x45, 0xa6, 0xf2, 0xbb, 0x82, 0xfd, 0xd7, 0x38, 0x00, 0x6e, 0x00, 0x00, 0x00, \
  0x01, 0x00, 0x00, 0x00, 0x1c, 0x00, 0x00, 0x00, 0x01, 0x00, 0x00, 0x00, 0x14, 0x00, 0x00, 0x00, \
  0xf2, 0x2b, 0x89, 0xd6, 0xc7, 0x0f, 0xd7, 0x69, 0xff, 0x96, 0x38, 0x0e, 0x6e, 0x25, 0x2d, 0x00, \
  0x78, 0x01, 0x00, 0x00\
}
#define TYPE_INFO_CDR_SZ_zdl_msg_dds__state_WaistState 148u
#define TYPE_MAP_CDR_zdl_msg_dds__state_WaistState (unsigned char []){ \
  0x4e, 0x01, 0x00, 0x00, 0x02, 0x00, 0x00, 0x00, 0xf1, 0x0f, 0xc4, 0x77, 0x9f, 0x47, 0xea, 0xdb, \
  0x0f, 0x6d, 0xe8, 0x2b, 0xfd, 0x9a, 0x21, 0x00, 0x31, 0x00, 0x00, 0x00, 0xf1, 0x51, 0x01, 0x00, \
  0x01, 0x00, 0x00, 0x00, 0x00, 0x00, 0x00, 0x00, 0x21, 0x00, 0x00, 0x00, 0x01, 0x00, 0x00, 0x00, \
  0x19, 0x00, 0x00, 0x00, 0x00, 0x00, 0x00, 0x00, 0x01, 0x00, 0xf1, 0xda, 0x18, 0x5c, 0x4d, 0x79, \
  0x98, 0x54, 0x59, 0x32, 0x89, 0x8e, 0x50, 0x91, 0x6e, 0xdc, 0x8a, 0x37, 0x5d, 0xf1, 0xda, 0x18, \
  0x5c, 0x4d, 0x79, 0x98, 0x54, 0x59, 0x32, 0x89, 0x8e, 0x50, 0x91, 0x6e, 0xf2, 0x00, 0x00, 0x00, \
  0xf1, 0x51, 0x01, 0x00, 0x01, 0x00, 0x00, 0x00, 0x00, 0x00, 0x00, 0x00, 0xe2, 0x00, 0x00, 0x00, \
  0x08, 0x00, 0x00, 0x00, 0x16, 0x00, 0x00, 0x00, 0x00, 0x00, 0x00, 0x00, 0x01, 0x00, 0x90, 0xf3, \
  0x01, 0x00, 0x00, 0x00, 0x01, 0x00, 0x00, 0x00, 0x04, 0x06, 0xa3, 0x14, 0xe5, 0x73, 0x00, 0x00, \
  0x16, 0x00, 0x00, 0x00, 0x01, 0x00, 0x00, 0x00, 0x01, 0x00, 0x90, 0xf3, 0x01, 0x00, 0x00, 0x00, \
  0x01, 0x00, 0x00, 0x00, 0x04, 0x06, 0x8e, 0x95, 0xbd, 0x42, 0x00, 0x00, 0x16, 0x00, 0x00, 0x00, \
  0x02, 0x00, 0x00, 0x00, 0x01, 0x00, 0x90, 0xf3, 0x01, 0x00, 0x00, 0x00, 0x01, 0x00, 0x00, 0x00, \
  0x04, 0x03, 0xd0, 0x39, 0x53, 0x55, 0x00, 0x00, 0x16, 0x00, 0x00, 0x00, 0x03, 0x00, 0x00, 0x00, \
  0x01, 0x00, 0x90, 0xf3, 0x01, 0x00, 0x00, 0x00, 0x01, 0x00, 0x00, 0x00, 0x04, 0x0a, 0x76, 0x94, \
  0xf4, 0xa6, 0x00, 0x00, 0x16, 0x00, 0x00, 0x00, 0x04, 0x00, 0x00, 0x00, 0x01, 0x00, 0x90, 0xf3, \
  0x01, 0x00, 0x00, 0x00, 0x01, 0x00, 0x00, 0x00, 0x04, 0x0a, 0xbc, 0xd5, 0x93, 0x7d, 0x00, 0x00, \
  0x16, 0x00, 0x00, 0x00, 0x05, 0x00, 0x00, 0x00, 0x01, 0x00, 0x90, 0xf3, 0x01, 0x00, 0x00, 0x00, \
  0x01, 0x00, 0x00, 0x00, 0x04, 0x0a, 0xb4, 0xd6, 0x63, 0x75, 0x00, 0x00, 0x16, 0x00, 0x00, 0x00, \
  0x06, 0x00, 0x00, 0x00, 0x01, 0x00, 0x90, 0xf3, 0x01, 0x00, 0x00, 0x00, 0x01, 0x00, 0x00, 0x00, \
  0x04, 0x0a, 0x47, 0xbc, 0xdc, 0xd7, 0x00, 0x00, 0x16, 0x00, 0x00, 0x00, 0x07, 0x00, 0x00, 0x00, \
  0x01, 0x00, 0x90, 0xf3, 0x01, 0x00, 0x00, 0x00, 0x01, 0x00, 0x00, 0x00, 0x04, 0x0a, 0x2b, 0xc4, \
  0xcd, 0x23, 0x00, 0x00, 0x0c, 0x02, 0x00, 0x00, 0x02, 0x00, 0x00, 0x00, 0xf2, 0x11, 0x45, 0xd7, \
  0x48, 0x71, 0x94, 0x45, 0xa6, 0xf2, 0xbb, 0x82, 0xfd, 0xd7, 0x38, 0x00, 0x6a, 0x00, 0x00, 0x00, \
  0xf2, 0x51, 0x01, 0x00, 0x2a, 0x00, 0x00, 0x00, 0x00, 0x00, 0x00, 0x00, 0x22, 0x00, 0x00, 0x00, \
  0x7a, 0x64, 0x6c, 0x3a, 0x3a, 0x6d, 0x73, 0x67, 0x3a, 0x3a, 0x64, 0x64, 0x73, 0x5f, 0x3a, 0x3a, \
  0x73, 0x74, 0x61, 0x74, 0x65, 0x3a, 0x3a, 0x57, 0x61, 0x69, 0x73, 0x74, 0x53, 0x74, 0x61, 0x74, \
  0x65, 0x00, 0x00, 0x00, 0x32, 0x00, 0x00, 0x00, 0x01, 0x00, 0x00, 0x00, 0x2a, 0x00, 0x00, 0x00, \
  0x00, 0x00, 0x00, 0x00, 0x01, 0x00, 0xf2, 0x2b, 0x89, 0xd6, 0xc7, 0x0f, 0xd7, 0x69, 0xff, 0x96, \
  0x38, 0x0e, 0x6e, 0x25, 0x2d, 0x00, 0x00, 0x00, 0x0c, 0x00, 0x00, 0x00, 0x6a, 0x6f, 0x69, 0x6e, \
  0x74, 0x5f, 0x73, 0x74, 0x61, 0x74, 0x65, 0x00, 0x00, 0x00, 0xf2, 0x2b, 0x89, 0xd6, 0xc7, 0x0f, \
  0xd7, 0x69, 0xff, 0x96, 0x38, 0x0e, 0x6e, 0x25, 0x2d, 0x00, 0x00, 0x00, 0x74, 0x01, 0x00, 0x00, \
  0xf2, 0x51, 0x01, 0x00, 0x2b, 0x00, 0x00, 0x00, 0x00, 0x00, 0x00, 0x00, 0x23, 0x00, 0x00, 0x00, \
  0x7a, 0x64, 0x6c, 0x3a, 0x3a, 0x6d, 0x73, 0x67, 0x3a, 0x3a, 0x64, 0x64, 0x73, 0x5f, 0x3a, 0x3a, \
  0x73, 0x74, 0x61, 0x74, 0x65, 0x3a, 0x3a, 0x4a, 0x6f, 0x69, 0x6e, 0x74, 0x53, 0x74, 0x61, 0x74, \
  0x65, 0x34, 0x00, 0x00, 0x3c, 0x01, 0x00, 0x00, 0x08, 0x00, 0x00, 0x00, 0x26, 0x00, 0x00, 0x00, \
  0x00, 0x00, 0x00, 0x00, 0x01, 0x00, 0x90, 0xf3, 0x01, 0x00, 0x00, 0x00, 0x01, 0x00, 0x00, 0x00, \
  0x04, 0x06, 0x00, 0x00, 0x0c, 0x00, 0x00, 0x00, 0x73, 0x74, 0x61, 0x74, 0x75, 0x73, 0x5f, 0x77, \
  0x6f, 0x72, 0x64, 0x00, 0x00, 0x00, 0x00, 0x00, 0x25, 0x00, 0x00, 0x00, 0x01, 0x00, 0x00, 0x00, \
  0x01, 0x00, 0x90, 0xf3, 0x01, 0x00, 0x00, 0x00, 0x01, 0x00, 0x00, 0x00, 0x04, 0x06, 0x00, 0x00, \
  0x0b, 0x00, 0x00, 0x00, 0x65, 0x72, 0x72, 0x6f, 0x72, 0x5f, 0x63, 0x6f, 0x64, 0x65, 0x00, 0x00, \
  0x00, 0x00, 0x00, 0x00, 0x2c, 0x00, 0x00, 0x00, 0x02, 0x00, 0x00, 0x00, 0x01, 0x00, 0x90, 0xf3, \
  0x01, 0x00, 0x00, 0x00, 0x01, 0x00, 0x00, 0x00, 0x04, 0x03, 0x00, 0x00, 0x12, 0x00, 0x00, 0x00, \
  0x6d, 0x6f, 0x64, 0x65, 0x5f, 0x6f, 0x66, 0x5f, 0x6f, 0x70, 0x65, 0x72, 0x61, 0x74, 0x69, 0x6f, \
  0x6e, 0x00, 0x00, 0x00, 0x1c, 0x00, 0x00, 0x00, 0x03, 0x00, 0x00, 0x00, 0x01, 0x00, 0x90, 0xf3, \
  0x01, 0x00, 0x00, 0x00, 0x01, 0x00, 0x00, 0x00, 0x04, 0x0a, 0x00, 0x00, 0x02, 0x00, 0x00, 0x00, \
  0x71, 0x00, 0x00, 0x00, 0x1e, 0x00, 0x00, 0x00, 0x04, 0x00, 0x00, 0x00, 0x01, 0x00, 0x90, 0xf3, \
  0x01, 0x00, 0x00, 0x00, 0x01, 0x00, 0x00, 0x00, 0x04, 0x0a, 0x00, 0x00, 0x04, 0x00, 0x00, 0x00, \
  0x71, 0x5f, 0x64, 0x00, 0x00, 0x00, 0x00, 0x00, 0x1e, 0x00, 0x00, 0x00, 0x05, 0x00, 0x00, 0x00, \
  0x01, 0x00, 0x90, 0xf3, 0x01, 0x00, 0x00, 0x00, 0x01, 0x00, 0x00, 0x00, 0x04, 0x0a, 0x00, 0x00, \
  0x04, 0x00, 0x00, 0x00, 0x71, 0x5f, 0x65, 0x00, 0x00, 0x00, 0x00, 0x00, 0x1d, 0x00, 0x00, 0x00, \
  0x06, 0x00, 0x00, 0x00, 0x01, 0x00, 0x90, 0xf3, 0x01, 0x00, 0x00, 0x00, 0x01, 0x00, 0x00, 0x00, \
  0x04, 0x0a, 0x00, 0x00, 0x03, 0x00, 0x00, 0x00, 0x64, 0x71, 0x00, 0x00, 0x00, 0x00, 0x00, 0x00, \
  0x20, 0x00, 0x00, 0x00, 0x07, 0x00, 0x00, 0x00, 0x01, 0x00, 0x90, 0xf3, 0x01, 0x00, 0x00, 0x00, \
  0x01, 0x00, 0x00, 0x00, 0x04, 0x0a, 0x00, 0x00, 0x06, 0x00, 0x00, 0x00, 0x74, 0x61, 0x75, 0x5f, \
  0x4a, 0x00, 0x00, 0x00, 0x40, 0x00, 0x00, 0x00, 0x02, 0x00, 0x00, 0x00, 0xf2, 0x11, 0x45, 0xd7, \
  0x48, 0x71, 0x94, 0x45, 0xa6, 0xf2, 0xbb, 0x82, 0xfd, 0xd7, 0x38, 0xf1, 0x0f, 0xc4, 0x77, 0x9f, \
  0x47, 0xea, 0xdb, 0x0f, 0x6d, 0xe8, 0x2b, 0xfd, 0x9a, 0x21, 0xf2, 0x2b, 0x89, 0xd6, 0xc7, 0x0f, \
  0xd7, 0x69, 0xff, 0x96, 0x38, 0x0e, 0x6e, 0x25, 0x2d, 0xf1, 0xda, 0x18, 0x5c, 0x4d, 0x79, 0x98, \
  0x54, 0x59, 0x32, 0x89, 0x8e, 0x50, 0x91, 0x6e\
}
#define TYPE_MAP_CDR_SZ_zdl_msg_dds__state_WaistState 936u
const dds_topic_descriptor_t zdl_msg_dds__state_WaistState_desc =
{
  .m_size = sizeof (zdl_msg_dds__state_WaistState),
  .m_align = dds_alignof (zdl_msg_dds__state_WaistState),
  .m_flagset = DDS_TOPIC_FIXED_SIZE | DDS_TOPIC_XTYPES_METADATA,
  .m_nkeys = 0u,
  .m_typename = "zdl::msg::dds_::state::WaistState",
  .m_keys = NULL,
  .m_nops = 11,
  .m_ops = zdl_msg_dds__state_WaistState_ops,
  .m_meta = "",
  .type_information = { .data = TYPE_INFO_CDR_zdl_msg_dds__state_WaistState, .sz = TYPE_INFO_CDR_SZ_zdl_msg_dds__state_WaistState },
  .type_mapping = { .data = TYPE_MAP_CDR_zdl_msg_dds__state_WaistState, .sz = TYPE_MAP_CDR_SZ_zdl_msg_dds__state_WaistState }
};

static const uint32_t zdl_msg_dds__state_HandState_ops [] =
{
  /* HandState */
  DDS_OP_ADR | DDS_OP_TYPE_EXT, offsetof (zdl_msg_dds__state_HandState, joint_state), (3u << 16u) + 4u /* JointState7 */,
  DDS_OP_RTS,

  /* JointState7 */
  DDS_OP_ADR | DDS_OP_TYPE_ARR | DDS_OP_SUBTYPE_2BY, offsetof (zdl_msg_dds__state_JointState7, status_word), 7u,
  DDS_OP_ADR | DDS_OP_TYPE_ARR | DDS_OP_SUBTYPE_2BY, offsetof (zdl_msg_dds__state_JointState7, error_code), 7u,
  DDS_OP_ADR | DDS_OP_TYPE_ARR | DDS_OP_SUBTYPE_2BY | DDS_OP_FLAG_SGN, offsetof (zdl_msg_dds__state_JointState7, mode_of_operation), 7u,
  DDS_OP_ADR | DDS_OP_TYPE_ARR | DDS_OP_SUBTYPE_8BY | DDS_OP_FLAG_FP, offsetof (zdl_msg_dds__state_JointState7, q), 7u,
  DDS_OP_ADR | DDS_OP_TYPE_ARR | DDS_OP_SUBTYPE_8BY | DDS_OP_FLAG_FP, offsetof (zdl_msg_dds__state_JointState7, q_d), 7u,
  DDS_OP_ADR | DDS_OP_TYPE_ARR | DDS_OP_SUBTYPE_8BY | DDS_OP_FLAG_FP, offsetof (zdl_msg_dds__state_JointState7, q_e), 7u,
  DDS_OP_ADR | DDS_OP_TYPE_ARR | DDS_OP_SUBTYPE_8BY | DDS_OP_FLAG_FP, offsetof (zdl_msg_dds__state_JointState7, dq), 7u,
  DDS_OP_ADR | DDS_OP_TYPE_ARR | DDS_OP_SUBTYPE_8BY | DDS_OP_FLAG_FP, offsetof (zdl_msg_dds__state_JointState7, tau_J), 7u,
  DDS_OP_RTS
};

/* Type Information:
  [MINIMAL 1afc9b258b75fce850c5fdaa97b1] (#deps: 1)
   - [MINIMAL 5b710f90d519163486ee63f61a05]
  [COMPLETE d6daeb8748ed0e8591f5287b6a89] (#deps: 1)
   - [COMPLETE f5dfad1910cbdaa66b5ec66a58bc]
*/
#define TYPE_INFO_CDR_zdl_msg_dds__state_HandState (unsigned char []){ \
  0x90, 0x00, 0x00, 0x00, 0x01, 0x10, 0x00, 0x40, 0x40, 0x00, 0x00, 0x00, 0x3c, 0x00, 0x00, 0x00, \
  0x14, 0x00, 0x00, 0x00, 0xf1, 0x1a, 0xfc, 0x9b, 0x25, 0x8b, 0x75, 0xfc, 0xe8, 0x50, 0xc5, 0xfd, \
  0xaa, 0x97, 0xb1, 0x00, 0x35, 0x00, 0x00, 0x00, 0x01, 0x00, 0x00, 0x00, 0x1c, 0x00, 0x00, 0x00, \
  0x01, 0x00, 0x00, 0x00, 0x14, 0x00, 0x00, 0x00, 0xf1, 0x5b, 0x71, 0x0f, 0x90, 0xd5, 0x19, 0x16, \
  0x34, 0x86, 0xee, 0x63, 0xf6, 0x1a, 0x05, 0x00, 0xf6, 0x00, 0x00, 0x00, 0x02, 0x10, 0x00, 0x40, \
  0x40, 0x00, 0x00, 0x00, 0x3c, 0x00, 0x00, 0x00, 0x14, 0x00, 0x00, 0x00, 0xf2, 0xd6, 0xda, 0xeb, \
  0x87, 0x48, 0xed, 0x0e, 0x85, 0x91, 0xf5, 0x28, 0x7b, 0x6a, 0x89, 0x00, 0x6e, 0x00, 0x00, 0x00, \
  0x01, 0x00, 0x00, 0x00, 0x1c, 0x00, 0x00, 0x00, 0x01, 0x00, 0x00, 0x00, 0x14, 0x00, 0x00, 0x00, \
  0xf2, 0xf5, 0xdf, 0xad, 0x19, 0x10, 0xcb, 0xda, 0xa6, 0x6b, 0x5e, 0xc6, 0x6a, 0x58, 0xbc, 0x00, \
  0x78, 0x01, 0x00, 0x00\
}
#define TYPE_INFO_CDR_SZ_zdl_msg_dds__state_HandState 148u
#define TYPE_MAP_CDR_zdl_msg_dds__state_HandState (unsigned char []){ \
  0x4e, 0x01, 0x00, 0x00, 0x02, 0x00, 0x00, 0x00, 0xf1, 0x1a, 0xfc, 0x9b, 0x25, 0x8b, 0x75, 0xfc, \
  0xe8, 0x50, 0xc5, 0xfd, 0xaa, 0x97, 0xb1, 0x00, 0x31, 0x00, 0x00, 0x00, 0xf1, 0x51, 0x01, 0x00, \
  0x01, 0x00, 0x00, 0x00, 0x00, 0x00, 0x00, 0x00, 0x21, 0x00, 0x00, 0x00, 0x01, 0x00, 0x00, 0x00, \
  0x19, 0x00, 0x00, 0x00, 0x00, 0x00, 0x00, 0x00, 0x01, 0x00, 0xf1, 0x5b, 0x71, 0x0f, 0x90, 0xd5, \
  0x19, 0x16, 0x34, 0x86, 0xee, 0x63, 0xf6, 0x1a, 0x05, 0xdc, 0x8a, 0x37, 0x5d, 0xf1, 0x5b, 0x71, \
  0x0f, 0x90, 0xd5, 0x19, 0x16, 0x34, 0x86, 0xee, 0x63, 0xf6, 0x1a, 0x05, 0xf2, 0x00, 0x00, 0x00, \
  0xf1, 0x51, 0x01, 0x00, 0x01, 0x00, 0x00, 0x00, 0x00, 0x00, 0x00, 0x00, 0xe2, 0x00, 0x00, 0x00, \
  0x08, 0x00, 0x00, 0x00, 0x16, 0x00, 0x00, 0x00, 0x00, 0x00, 0x00, 0x00, 0x01, 0x00, 0x90, 0xf3, \
  0x01, 0x00, 0x00, 0x00, 0x01, 0x00, 0x00, 0x00, 0x07, 0x06, 0xa3, 0x14, 0xe5, 0x73, 0x00, 0x00, \
  0x16, 0x00, 0x00, 0x00, 0x01, 0x00, 0x00, 0x00, 0x01, 0x00, 0x90, 0xf3, 0x01, 0x00, 0x00, 0x00, \
  0x01, 0x00, 0x00, 0x00, 0x07, 0x06, 0x8e, 0x95, 0xbd, 0x42, 0x00, 0x00, 0x16, 0x00, 0x00, 0x00, \
  0x02, 0x00, 0x00, 0x00, 0x01, 0x00, 0x90, 0xf3, 0x01, 0x00, 0x00, 0x00, 0x01, 0x00, 0x00, 0x00, \
  0x07, 0x03, 0xd0, 0x39, 0x53, 0x55, 0x00, 0x00, 0x16, 0x00, 0x00, 0x00, 0x03, 0x00, 0x00, 0x00, \
  0x01, 0x00, 0x90, 0xf3, 0x01, 0x00, 0x00, 0x00, 0x01, 0x00, 0x00, 0x00, 0x07, 0x0a, 0x76, 0x94, \
  0xf4, 0xa6, 0x00, 0x00, 0x16, 0x00, 0x00, 0x00, 0x04, 0x00, 0x00, 0x00, 0x01, 0x00, 0x90, 0xf3, \
  0x01, 0x00, 0x00, 0x00, 0x01, 0x00, 0x00, 0x00, 0x07, 0x0a, 0xbc, 0xd5, 0x93, 0x7d, 0x00, 0x00, \
  0x16, 0x00, 0x00, 0x00, 0x05, 0x00, 0x00, 0x00, 0x01, 0x00, 0x90, 0xf3, 0x01, 0x00, 0x00, 0x00, \
  0x01, 0x00, 0x00, 0x00, 0x07, 0x0a, 0xb4, 0xd6, 0x63, 0x75, 0x00, 0x00, 0x16, 0x00, 0x00, 0x00, \
  0x06, 0x00, 0x00, 0x00, 0x01, 0x00, 0x90, 0xf3, 0x01, 0x00, 0x00, 0x00, 0x01, 0x00, 0x00, 0x00, \
  0x07, 0x0a, 0x47, 0xbc, 0xdc, 0xd7, 0x00, 0x00, 0x16, 0x00, 0x00, 0x00, 0x07, 0x00, 0x00, 0x00, \
  0x01, 0x00, 0x90, 0xf3, 0x01, 0x00, 0x00, 0x00, 0x01, 0x00, 0x00, 0x00, 0x07, 0x0a, 0x2b, 0xc4, \
  0xcd, 0x23, 0x00, 0x00, 0x0c, 0x02, 0x00, 0x00, 0x02, 0x00, 0x00, 0x00, 0xf2, 0xd6, 0xda, 0xeb, \
  0x87, 0x48, 0xed, 0x0e, 0x85, 0x91, 0xf5, 0x28, 0x7b, 0x6a, 0x89, 0x00, 0x6a, 0x00, 0x00, 0x00, \
  0xf2, 0x51, 0x01, 0x00, 0x29, 0x00, 0x00, 0x00, 0x00, 0x00, 0x00, 0x00, 0x21, 0x00, 0x00, 0x00, \
  0x7a, 0x64, 0x6c, 0x3a, 0x3a, 0x6d, 0x73, 0x67, 0x3a, 0x3a, 0x64, 0x64, 0x73, 0x5f, 0x3a, 0x3a, \
  0x73, 0x74, 0x61, 0x74, 0x65, 0x3a, 0x3a, 0x48, 0x61, 0x6e, 0x64, 0x53, 0x74, 0x61, 0x74, 0x65, \
  0x00, 0x00, 0x00, 0x00, 0x32, 0x00, 0x00, 0x00, 0x01, 0x00, 0x00, 0x00, 0x2a, 0x00, 0x00, 0x00, \
  0x00, 0x00, 0x00, 0x00, 0x01, 0x00, 0xf2, 0xf5, 0xdf, 0xad, 0x19, 0x10, 0xcb, 0xda, 0xa6, 0x6b, \
  0x5e, 0xc6, 0x6a, 0x58, 0xbc, 0x00, 0x00, 0x00, 0x0c, 0x00, 0x00, 0x00, 0x6a, 0x6f, 0x69, 0x6e, \
  0x74, 0x5f, 0x73, 0x74, 0x61, 0x74, 0x65, 0x00, 0x00, 0x00, 0xf2, 0xf5, 0xdf, 0xad, 0x19, 0x10, \
  0xcb, 0xda, 0xa6, 0x6b, 0x5e, 0xc6, 0x6a, 0x58, 0xbc, 0x00, 0x00, 0x00, 0x74, 0x01, 0x00, 0x00, \
  0xf2, 0x51, 0x01, 0x00, 0x2b, 0x00, 0x00, 0x00, 0x00, 0x00, 0x00, 0x00, 0x23, 0x00, 0x00, 0x00, \
  0x7a, 0x64, 0x6c, 0x3a, 0x3a, 0x6d, 0x73, 0x67, 0x3a, 0x3a, 0x64, 0x64, 0x73, 0x5f, 0x3a, 0x3a, \
  0x73, 0x74, 0x61, 0x74, 0x65, 0x3a, 0x3a, 0x4a, 0x6f, 0x69, 0x6e, 0x74, 0x53, 0x74, 0x61, 0x74, \
  0x65, 0x37, 0x00, 0x00, 0x3c, 0x01, 0x00, 0x00, 0x08, 0x00, 0x00, 0x00, 0x26, 0x00, 0x00, 0x00, \
  0x00, 0x00, 0x00, 0x00, 0x01, 0x00, 0x90, 0xf3, 0x01, 0x00, 0x00, 0x00, 0x01, 0x00, 0x00, 0x00, \
  0x07, 0x06, 0x00, 0x00, 0x0c, 0x00, 0x00, 0x00, 0x73, 0x74, 0x61, 0x74, 0x75, 0x73, 0x5f, 0x77, \
  0x6f, 0x72, 0x64, 0x00, 0x00, 0x00, 0x00, 0x00, 0x25, 0x00, 0x00, 0x00, 0x01, 0x00, 0x00, 0x00, \
  0x01, 0x00, 0x90, 0xf3, 0x01, 0x00, 0x00, 0x00, 0x01, 0x00, 0x00, 0x00, 0x07, 0x06, 0x00, 0x00, \
  0x0b, 0x00, 0x00, 0x00, 0x65, 0x72, 0x72, 0x6f, 0x72, 0x5f, 0x63, 0x6f, 0x64, 0x65, 0x00, 0x00, \
  0x00, 0x00, 0x00, 0x00, 0x2c, 0x00, 0x00, 0x00, 0x02, 0x00, 0x00, 0x00, 0x01, 0x00, 0x90, 0xf3, \
  0x01, 0x00, 0x00, 0x00, 0x01, 0x00, 0x00, 0x00, 0x07, 0x03, 0x00, 0x00, 0x12, 0x00, 0x00, 0x00, \
  0x6d, 0x6f, 0x64, 0x65, 0x5f, 0x6f, 0x66, 0x5f, 0x6f, 0x70, 0x65, 0x72, 0x61, 0x74, 0x69, 0x6f, \
  0x6e, 0x00, 0x00, 0x00, 0x1c, 0x00, 0x00, 0x00, 0x03, 0x00, 0x00, 0x00, 0x01, 0x00, 0x90, 0xf3, \
  0x01, 0x00, 0x00, 0x00, 0x01, 0x00, 0x00, 0x00, 0x07, 0x0a, 0x00, 0x00, 0x02, 0x00, 0x00, 0x00, \
  0x71, 0x00, 0x00, 0x00, 0x1e, 0x00, 0x00, 0x00, 0x04, 0x00, 0x00, 0x00, 0x01, 0x00, 0x90, 0xf3, \
  0x01, 0x00, 0x00, 0x00, 0x01, 0x00, 0x00, 0x00, 0x07, 0x0a, 0x00, 0x00, 0x04, 0x00, 0x00, 0x00, \
  0x71, 0x5f, 0x64, 0x00, 0x00, 0x00, 0x00, 0x00, 0x1e, 0x00, 0x00, 0x00, 0x05, 0x00, 0x00, 0x00, \
  0x01, 0x00, 0x90, 0xf3, 0x01, 0x00, 0x00, 0x00, 0x01, 0x00, 0x00, 0x00, 0x07, 0x0a, 0x00, 0x00, \
  0x04, 0x00, 0x00, 0x00, 0x71, 0x5f, 0x65, 0x00, 0x00, 0x00, 0x00, 0x00, 0x1d, 0x00, 0x00, 0x00, \
  0x06, 0x00, 0x00, 0x00, 0x01, 0x00, 0x90, 0xf3, 0x01, 0x00, 0x00, 0x00, 0x01, 0x00, 0x00, 0x00, \
  0x07, 0x0a, 0x00, 0x00, 0x03, 0x00, 0x00, 0x00, 0x64, 0x71, 0x00, 0x00, 0x00, 0x00, 0x00, 0x00, \
  0x20, 0x00, 0x00, 0x00, 0x07, 0x00, 0x00, 0x00, 0x01, 0x00, 0x90, 0xf3, 0x01, 0x00, 0x00, 0x00, \
  0x01, 0x00, 0x00, 0x00, 0x07, 0x0a, 0x00, 0x00, 0x06, 0x00, 0x00, 0x00, 0x74, 0x61, 0x75, 0x5f, \
  0x4a, 0x00, 0x00, 0x00, 0x40, 0x00, 0x00, 0x00, 0x02, 0x00, 0x00, 0x00, 0xf2, 0xd6, 0xda, 0xeb, \
  0x87, 0x48, 0xed, 0x0e, 0x85, 0x91, 0xf5, 0x28, 0x7b, 0x6a, 0x89, 0xf1, 0x1a, 0xfc, 0x9b, 0x25, \
  0x8b, 0x75, 0xfc, 0xe8, 0x50, 0xc5, 0xfd, 0xaa, 0x97, 0xb1, 0xf2, 0xf5, 0xdf, 0xad, 0x19, 0x10, \
  0xcb, 0xda, 0xa6, 0x6b, 0x5e, 0xc6, 0x6a, 0x58, 0xbc, 0xf1, 0x5b, 0x71, 0x0f, 0x90, 0xd5, 0x19, \
  0x16, 0x34, 0x86, 0xee, 0x63, 0xf6, 0x1a, 0x05\
}
#define TYPE_MAP_CDR_SZ_zdl_msg_dds__state_HandState 936u
const dds_topic_descriptor_t zdl_msg_dds__state_HandState_desc =
{
  .m_size = sizeof (zdl_msg_dds__state_HandState),
  .m_align = dds_alignof (zdl_msg_dds__state_HandState),
  .m_flagset = DDS_TOPIC_FIXED_SIZE | DDS_TOPIC_XTYPES_METADATA,
  .m_nkeys = 0u,
  .m_typename = "zdl::msg::dds_::state::HandState",
  .m_keys = NULL,
  .m_nops = 11,
  .m_ops = zdl_msg_dds__state_HandState_ops,
  .m_meta = "",
  .type_information = { .data = TYPE_INFO_CDR_zdl_msg_dds__state_HandState, .sz = TYPE_INFO_CDR_SZ_zdl_msg_dds__state_HandState },
  .type_mapping = { .data = TYPE_MAP_CDR_zdl_msg_dds__state_HandState, .sz = TYPE_MAP_CDR_SZ_zdl_msg_dds__state_HandState }
};

static const uint32_t zdl_msg_dds__state_HeadState_ops [] =
{
  /* HeadState */
  DDS_OP_ADR | DDS_OP_TYPE_EXT, offsetof (zdl_msg_dds__state_HeadState, joint_state), (3u << 16u) + 4u /* JointState2 */,
  DDS_OP_RTS,

  /* JointState2 */
  DDS_OP_ADR | DDS_OP_TYPE_ARR | DDS_OP_SUBTYPE_2BY, offsetof (zdl_msg_dds__state_JointState2, status_word), 2u,
  DDS_OP_ADR | DDS_OP_TYPE_ARR | DDS_OP_SUBTYPE_2BY, offsetof (zdl_msg_dds__state_JointState2, error_code), 2u,
  DDS_OP_ADR | DDS_OP_TYPE_ARR | DDS_OP_SUBTYPE_2BY | DDS_OP_FLAG_SGN, offsetof (zdl_msg_dds__state_JointState2, mode_of_operation), 2u,
  DDS_OP_ADR | DDS_OP_TYPE_ARR | DDS_OP_SUBTYPE_8BY | DDS_OP_FLAG_FP, offsetof (zdl_msg_dds__state_JointState2, q), 2u,
  DDS_OP_ADR | DDS_OP_TYPE_ARR | DDS_OP_SUBTYPE_8BY | DDS_OP_FLAG_FP, offsetof (zdl_msg_dds__state_JointState2, q_d), 2u,
  DDS_OP_ADR | DDS_OP_TYPE_ARR | DDS_OP_SUBTYPE_8BY | DDS_OP_FLAG_FP, offsetof (zdl_msg_dds__state_JointState2, q_e), 2u,
  DDS_OP_ADR | DDS_OP_TYPE_ARR | DDS_OP_SUBTYPE_8BY | DDS_OP_FLAG_FP, offsetof (zdl_msg_dds__state_JointState2, dq), 2u,
  DDS_OP_ADR | DDS_OP_TYPE_ARR | DDS_OP_SUBTYPE_8BY | DDS_OP_FLAG_FP, offsetof (zdl_msg_dds__state_JointState2, tau_J), 2u,
  DDS_OP_RTS
};

/* Type Information:
  [MINIMAL bd3760fb3df59a035183e40724f3] (#deps: 1)
   - [MINIMAL 730dbe189f034d7e4fb9228d56a5]
  [COMPLETE 633ac582ad466e6c027e1eb893c8] (#deps: 1)
   - [COMPLETE 5c57d1bbc21a9c5983ef79127796]
*/
#define TYPE_INFO_CDR_zdl_msg_dds__state_HeadState (unsigned char []){ \
  0x90, 0x00, 0x00, 0x00, 0x01, 0x10, 0x00, 0x40, 0x40, 0x00, 0x00, 0x00, 0x3c, 0x00, 0x00, 0x00, \
  0x14, 0x00, 0x00, 0x00, 0xf1, 0xbd, 0x37, 0x60, 0xfb, 0x3d, 0xf5, 0x9a, 0x03, 0x51, 0x83, 0xe4, \
  0x07, 0x24, 0xf3, 0x00, 0x35, 0x00, 0x00, 0x00, 0x01, 0x00, 0x00, 0x00, 0x1c, 0x00, 0x00, 0x00, \
  0x01, 0x00, 0x00, 0x00, 0x14, 0x00, 0x00, 0x00, 0xf1, 0x73, 0x0d, 0xbe, 0x18, 0x9f, 0x03, 0x4d, \
  0x7e, 0x4f, 0xb9, 0x22, 0x8d, 0x56, 0xa5, 0x00, 0xf6, 0x00, 0x00, 0x00, 0x02, 0x10, 0x00, 0x40, \
  0x40, 0x00, 0x00, 0x00, 0x3c, 0x00, 0x00, 0x00, 0x14, 0x00, 0x00, 0x00, 0xf2, 0x63, 0x3a, 0xc5, \
  0x82, 0xad, 0x46, 0x6e, 0x6c, 0x02, 0x7e, 0x1e, 0xb8, 0x93, 0xc8, 0x00, 0x6e, 0x00, 0x00, 0x00, \
  0x01, 0x00, 0x00, 0x00, 0x1c, 0x00, 0x00, 0x00, 0x01, 0x00, 0x00, 0x00, 0x14, 0x00, 0x00, 0x00, \
  0xf2, 0x5c, 0x57, 0xd1, 0xbb, 0xc2, 0x1a, 0x9c, 0x59, 0x83, 0xef, 0x79, 0x12, 0x77, 0x96, 0x00, \
  0x78, 0x01, 0x00, 0x00\
}
#define TYPE_INFO_CDR_SZ_zdl_msg_dds__state_HeadState 148u
#define TYPE_MAP_CDR_zdl_msg_dds__state_HeadState (unsigned char []){ \
  0x4e, 0x01, 0x00, 0x00, 0x02, 0x00, 0x00, 0x00, 0xf1, 0xbd, 0x37, 0x60, 0xfb, 0x3d, 0xf5, 0x9a, \
  0x03, 0x51, 0x83, 0xe4, 0x07, 0x24, 0xf3, 0x00, 0x31, 0x00, 0x00, 0x00, 0xf1, 0x51, 0x01, 0x00, \
  0x01, 0x00, 0x00, 0x00, 0x00, 0x00, 0x00, 0x00, 0x21, 0x00, 0x00, 0x00, 0x01, 0x00, 0x00, 0x00, \
  0x19, 0x00, 0x00, 0x00, 0x00, 0x00, 0x00, 0x00, 0x01, 0x00, 0xf1, 0x73, 0x0d, 0xbe, 0x18, 0x9f, \
  0x03, 0x4d, 0x7e, 0x4f, 0xb9, 0x22, 0x8d, 0x56, 0xa5, 0xdc, 0x8a, 0x37, 0x5d, 0xf1, 0x73, 0x0d, \
  0xbe, 0x18, 0x9f, 0x03, 0x4d, 0x7e, 0x4f, 0xb9, 0x22, 0x8d, 0x56, 0xa5, 0xf2, 0x00, 0x00, 0x00, \
  0xf1, 0x51, 0x01, 0x00, 0x01, 0x00, 0x00, 0x00, 0x00, 0x00, 0x00, 0x00, 0xe2, 0x00, 0x00, 0x00, \
  0x08, 0x00, 0x00, 0x00, 0x16, 0x00, 0x00, 0x00, 0x00, 0x00, 0x00, 0x00, 0x01, 0x00, 0x90, 0xf3, \
  0x01, 0x00, 0x00, 0x00, 0x01, 0x00, 0x00, 0x00, 0x02, 0x06, 0xa3, 0x14, 0xe5, 0x73, 0x00, 0x00, \
  0x16, 0x00, 0x00, 0x00, 0x01, 0x00, 0x00, 0x00, 0x01, 0x00, 0x90, 0xf3, 0x01, 0x00, 0x00, 0x00, \
  0x01, 0x00, 0x00, 0x00, 0x02, 0x06, 0x8e, 0x95, 0xbd, 0x42, 0x00, 0x00, 0x16, 0x00, 0x00, 0x00, \
  0x02, 0x00, 0x00, 0x00, 0x01, 0x00, 0x90, 0xf3, 0x01, 0x00, 0x00, 0x00, 0x01, 0x00, 0x00, 0x00, \
  0x02, 0x03, 0xd0, 0x39, 0x53, 0x55, 0x00, 0x00, 0x16, 0x00, 0x00, 0x00, 0x03, 0x00, 0x00, 0x00, \
  0x01, 0x00, 0x90, 0xf3, 0x01, 0x00, 0x00, 0x00, 0x01, 0x00, 0x00, 0x00, 0x02, 0x0a, 0x76, 0x94, \
  0xf4, 0xa6, 0x00, 0x00, 0x16, 0x00, 0x00, 0x00, 0x04, 0x00, 0x00, 0x00, 0x01, 0x00, 0x90, 0xf3, \
  0x01, 0x00, 0x00, 0x00, 0x01, 0x00, 0x00, 0x00, 0x02, 0x0a, 0xbc, 0xd5, 0x93, 0x7d, 0x00, 0x00, \
  0x16, 0x00, 0x00, 0x00, 0x05, 0x00, 0x00, 0x00, 0x01, 0x00, 0x90, 0xf3, 0x01, 0x00, 0x00, 0x00, \
  0x01, 0x00, 0x00, 0x00, 0x02, 0x0a, 0xb4, 0xd6, 0x63, 0x75, 0x00, 0x00, 0x16, 0x00, 0x00, 0x00, \
  0x06, 0x00, 0x00, 0x00, 0x01, 0x00, 0x90, 0xf3, 0x01, 0x00, 0x00, 0x00, 0x01, 0x00, 0x00, 0x00, \
  0x02, 0x0a, 0x47, 0xbc, 0xdc, 0xd7, 0x00, 0x00, 0x16, 0x00, 0x00, 0x00, 0x07, 0x00, 0x00, 0x00, \
  0x01, 0x00, 0x90, 0xf3, 0x01, 0x00, 0x00, 0x00, 0x01, 0x00, 0x00, 0x00, 0x02, 0x0a, 0x2b, 0xc4, \
  0xcd, 0x23, 0x00, 0x00, 0x0c, 0x02, 0x00, 0x00, 0x02, 0x00, 0x00, 0x00, 0xf2, 0x63, 0x3a, 0xc5, \
  0x82, 0xad, 0x46, 0x6e, 0x6c, 0x02, 0x7e, 0x1e, 0xb8, 0x93, 0xc8, 0x00, 0x6a, 0x00, 0x00, 0x00, \
  0xf2, 0x51, 0x01, 0x00, 0x29, 0x00, 0x00, 0x00, 0x00, 0x00, 0x00, 0x00, 0x21, 0x00, 0x00, 0x00, \
  0x7a, 0x64, 0x6c, 0x3a, 0x3a, 0x6d, 0x73, 0x67, 0x3a, 0x3a, 0x64, 0x64, 0x73, 0x5f, 0x3a, 0x3a, \
  0x73, 0x74, 0x61, 0x74, 0x65, 0x3a, 0x3a, 0x48, 0x65, 0x61, 0x64, 0x53, 0x74, 0x61, 0x74, 0x65, \
  0x00, 0x00, 0x00, 0x00, 0x32, 0x00, 0x00, 0x00, 0x01, 0x00, 0x00, 0x00, 0x2a, 0x00, 0x00, 0x00, \
  0x00, 0x00, 0x00, 0x00, 0x01, 0x00, 0xf2, 0x5c, 0x57, 0xd1, 0xbb, 0xc2, 0x1a, 0x9c, 0x59, 0x83, \
  0xef, 0x79, 0x12, 0x77, 0x96, 0x00, 0x00, 0x00, 0x0c, 0x00, 0x00, 0x00, 0x6a, 0x6f, 0x69, 0x6e, \
  0x74, 0x5f, 0x73, 0x74, 0x61, 0x74, 0x65, 0x00, 0x00, 0x00, 0xf2, 0x5c, 0x57, 0xd1, 0xbb, 0xc2, \
  0x1a, 0x9c, 0x59, 0x83, 0xef, 0x79, 0x12, 0x77, 0x96, 0x00, 0x00, 0x00, 0x74, 0x01, 0x00, 0x00, \
  0xf2, 0x51, 0x01, 0x00, 0x2b, 0x00, 0x00, 0x00, 0x00, 0x00, 0x00, 0x00, 0x23, 0x00, 0x00, 0x00, \
  0x7a, 0x64, 0x6c, 0x3a, 0x3a, 0x6d, 0x73, 0x67, 0x3a, 0x3a, 0x64, 0x64, 0x73, 0x5f, 0x3a, 0x3a, \
  0x73, 0x74, 0x61, 0x74, 0x65, 0x3a, 0x3a, 0x4a, 0x6f, 0x69, 0x6e, 0x74, 0x53, 0x74, 0x61, 0x74, \
  0x65, 0x32, 0x00, 0x00, 0x3c, 0x01, 0x00, 0x00, 0x08, 0x00, 0x00, 0x00, 0x26, 0x00, 0x00, 0x00, \
  0x00, 0x00, 0x00, 0x00, 0x01, 0x00, 0x90, 0xf3, 0x01, 0x00, 0x00, 0x00, 0x01, 0x00, 0x00, 0x00, \
  0x02, 0x06, 0x00, 0x00, 0x0c, 0x00, 0x00, 0x00, 0x73, 0x74, 0x61, 0x74, 0x75, 0x73, 0x5f, 0x77, \
  0x6f, 0x72, 0x64, 0x00, 0x00, 0x00, 0x00, 0x00, 0x25, 0x00, 0x00, 0x00, 0x01, 0x00, 0x00, 0x00, \
  0x01, 0x00, 0x90, 0xf3, 0x01, 0x00, 0x00, 0x00, 0x01, 0x00, 0x00, 0x00, 0x02, 0x06, 0x00, 0x00, \
  0x0b, 0x00, 0x00, 0x00, 0x65, 0x72, 0x72, 0x6f, 0x72, 0x5f, 0x63, 0x6f, 0x64, 0x65, 0x00, 0x00, \
  0x00, 0x00, 0x00, 0x00, 0x2c, 0x00, 0x00, 0x00, 0x02, 0x00, 0x00, 0x00, 0x01, 0x00, 0x90, 0xf3, \
  0x01, 0x00, 0x00, 0x00, 0x01, 0x00, 0x00, 0x00, 0x02, 0x03, 0x00, 0x00, 0x12, 0x00, 0x00, 0x00, \
  0x6d, 0x6f, 0x64, 0x65, 0x5f, 0x6f, 0x66, 0x5f, 0x6f, 0x70, 0x65, 0x72, 0x61, 0x74, 0x69, 0x6f, \
  0x6e, 0x00, 0x00, 0x00, 0x1c, 0x00, 0x00, 0x00, 0x03, 0x00, 0x00, 0x00, 0x01, 0x00, 0x90, 0xf3, \
  0x01, 0x00, 0x00, 0x00, 0x01, 0x00, 0x00, 0x00, 0x02, 0x0a, 0x00, 0x00, 0x02, 0x00, 0x00, 0x00, \
  0x71, 0x00, 0x00, 0x00, 0x1e, 0x00, 0x00, 0x00, 0x04, 0x00, 0x00, 0x00, 0x01, 0x00, 0x90, 0xf3, \
  0x01, 0x00, 0x00, 0x00, 0x01, 0x00, 0x00, 0x00, 0x02, 0x0a, 0x00, 0x00, 0x04, 0x00, 0x00, 0x00, \
  0x71, 0x5f, 0x64, 0x00, 0x00, 0x00, 0x00, 0x00, 0x1e, 0x00, 0x00, 0x00, 0x05, 0x00, 0x00, 0x00, \
  0x01, 0x00, 0x90, 0xf3, 0x01, 0x00, 0x00, 0x00, 0x01, 0x00, 0x00, 0x00, 0x02, 0x0a, 0x00, 0x00, \
  0x04, 0x00, 0x00, 0x00, 0x71, 0x5f, 0x65, 0x00, 0x00, 0x00, 0x00, 0x00, 0x1d, 0x00, 0x00, 0x00, \
  0x06, 0x00, 0x00, 0x00, 0x01, 0x00, 0x90, 0xf3, 0x01, 0x00, 0x00, 0x00, 0x01, 0x00, 0x00, 0x00, \
  0x02, 0x0a, 0x00, 0x00, 0x03, 0x00, 0x00, 0x00, 0x64, 0x71, 0x00, 0x00, 0x00, 0x00, 0x00, 0x00, \
  0x20, 0x00, 0x00, 0x00, 0x07, 0x00, 0x00, 0x00, 0x01, 0x00, 0x90, 0xf3, 0x01, 0x00, 0x00, 0x00, \
  0x01, 0x00, 0x00, 0x00, 0x02, 0x0a, 0x00, 0x00, 0x06, 0x00, 0x00, 0x00, 0x74, 0x61, 0x75, 0x5f, \
  0x4a, 0x00, 0x00, 0x00, 0x40, 0x00, 0x00, 0x00, 0x02, 0x00, 0x00, 0x00, 0xf2, 0x63, 0x3a, 0xc5, \
  0x82, 0xad, 0x46, 0x6e, 0x6c, 0x02, 0x7e, 0x1e, 0xb8, 0x93, 0xc8, 0xf1, 0xbd, 0x37, 0x60, 0xfb, \
  0x3d, 0xf5, 0x9a, 0x03, 0x51, 0x83, 0xe4, 0x07, 0x24, 0xf3, 0xf2, 0x5c, 0x57, 0xd1, 0xbb, 0xc2, \
  0x1a, 0x9c, 0x59, 0x83, 0xef, 0x79, 0x12, 0x77, 0x96, 0xf1, 0x73, 0x0d, 0xbe, 0x18, 0x9f, 0x03, \
  0x4d, 0x7e, 0x4f, 0xb9, 0x22, 0x8d, 0x56, 0xa5\
}
#define TYPE_MAP_CDR_SZ_zdl_msg_dds__state_HeadState 936u
const dds_topic_descriptor_t zdl_msg_dds__state_HeadState_desc =
{
  .m_size = sizeof (zdl_msg_dds__state_HeadState),
  .m_align = dds_alignof (zdl_msg_dds__state_HeadState),
  .m_flagset = DDS_TOPIC_FIXED_SIZE | DDS_TOPIC_XTYPES_METADATA,
  .m_nkeys = 0u,
  .m_typename = "zdl::msg::dds_::state::HeadState",
  .m_keys = NULL,
  .m_nops = 11,
  .m_ops = zdl_msg_dds__state_HeadState_ops,
  .m_meta = "",
  .type_information = { .data = TYPE_INFO_CDR_zdl_msg_dds__state_HeadState, .sz = TYPE_INFO_CDR_SZ_zdl_msg_dds__state_HeadState },
  .type_mapping = { .data = TYPE_MAP_CDR_zdl_msg_dds__state_HeadState, .sz = TYPE_MAP_CDR_SZ_zdl_msg_dds__state_HeadState }
};

static const uint32_t zdl_msg_dds__state_WheelState_ops [] =
{
  /* WheelState */
  DDS_OP_ADR | DDS_OP_TYPE_EXT, offsetof (zdl_msg_dds__state_WheelState, joint_state), (3u << 16u) + 4u /* JointState2 */,
  DDS_OP_RTS,

  /* JointState2 */
  DDS_OP_ADR | DDS_OP_TYPE_ARR | DDS_OP_SUBTYPE_2BY, offsetof (zdl_msg_dds__state_JointState2, status_word), 2u,
  DDS_OP_ADR | DDS_OP_TYPE_ARR | DDS_OP_SUBTYPE_2BY, offsetof (zdl_msg_dds__state_JointState2, error_code), 2u,
  DDS_OP_ADR | DDS_OP_TYPE_ARR | DDS_OP_SUBTYPE_2BY | DDS_OP_FLAG_SGN, offsetof (zdl_msg_dds__state_JointState2, mode_of_operation), 2u,
  DDS_OP_ADR | DDS_OP_TYPE_ARR | DDS_OP_SUBTYPE_8BY | DDS_OP_FLAG_FP, offsetof (zdl_msg_dds__state_JointState2, q), 2u,
  DDS_OP_ADR | DDS_OP_TYPE_ARR | DDS_OP_SUBTYPE_8BY | DDS_OP_FLAG_FP, offsetof (zdl_msg_dds__state_JointState2, q_d), 2u,
  DDS_OP_ADR | DDS_OP_TYPE_ARR | DDS_OP_SUBTYPE_8BY | DDS_OP_FLAG_FP, offsetof (zdl_msg_dds__state_JointState2, q_e), 2u,
  DDS_OP_ADR | DDS_OP_TYPE_ARR | DDS_OP_SUBTYPE_8BY | DDS_OP_FLAG_FP, offsetof (zdl_msg_dds__state_JointState2, dq), 2u,
  DDS_OP_ADR | DDS_OP_TYPE_ARR | DDS_OP_SUBTYPE_8BY | DDS_OP_FLAG_FP, offsetof (zdl_msg_dds__state_JointState2, tau_J), 2u,
  DDS_OP_RTS
};

/* Type Information:
  [MINIMAL bd3760fb3df59a035183e40724f3] (#deps: 1)
   - [MINIMAL 730dbe189f034d7e4fb9228d56a5]
  [COMPLETE 5bbbfd057ccd3fe8c55538e390c5] (#deps: 1)
   - [COMPLETE 5c57d1bbc21a9c5983ef79127796]
*/
#define TYPE_INFO_CDR_zdl_msg_dds__state_WheelState (unsigned char []){ \
  0x90, 0x00, 0x00, 0x00, 0x01, 0x10, 0x00, 0x40, 0x40, 0x00, 0x00, 0x00, 0x3c, 0x00, 0x00, 0x00, \
  0x14, 0x00, 0x00, 0x00, 0xf1, 0xbd, 0x37, 0x60, 0xfb, 0x3d, 0xf5, 0x9a, 0x03, 0x51, 0x83, 0xe4, \
  0x07, 0x24, 0xf3, 0x00, 0x35, 0x00, 0x00, 0x00, 0x01, 0x00, 0x00, 0x00, 0x1c, 0x00, 0x00, 0x00, \
  0x01, 0x00, 0x00, 0x00, 0x14, 0x00, 0x00, 0x00, 0xf1, 0x73, 0x0d, 0xbe, 0x18, 0x9f, 0x03, 0x4d, \
  0x7e, 0x4f, 0xb9, 0x22, 0x8d, 0x56, 0xa5, 0x00, 0xf6, 0x00, 0x00, 0x00, 0x02, 0x10, 0x00, 0x40, \
  0x40, 0x00, 0x00, 0x00, 0x3c, 0x00, 0x00, 0x00, 0x14, 0x00, 0x00, 0x00, 0xf2, 0x5b, 0xbb, 0xfd, \
  0x05, 0x7c, 0xcd, 0x3f, 0xe8, 0xc5, 0x55, 0x38, 0xe3, 0x90, 0xc5, 0x00, 0x6e, 0x00, 0x00, 0x00, \
  0x01, 0x00, 0x00, 0x00, 0x1c, 0x00, 0x00, 0x00, 0x01, 0x00, 0x00, 0x00, 0x14, 0x00, 0x00, 0x00, \
  0xf2, 0x5c, 0x57, 0xd1, 0xbb, 0xc2, 0x1a, 0x9c, 0x59, 0x83, 0xef, 0x79, 0x12, 0x77, 0x96, 0x00, \
  0x78, 0x01, 0x00, 0x00\
}
#define TYPE_INFO_CDR_SZ_zdl_msg_dds__state_WheelState 148u
#define TYPE_MAP_CDR_zdl_msg_dds__state_WheelState (unsigned char []){ \
  0x4e, 0x01, 0x00, 0x00, 0x02, 0x00, 0x00, 0x00, 0xf1, 0xbd, 0x37, 0x60, 0xfb, 0x3d, 0xf5, 0x9a, \
  0x03, 0x51, 0x83, 0xe4, 0x07, 0x24, 0xf3, 0x00, 0x31, 0x00, 0x00, 0x00, 0xf1, 0x51, 0x01, 0x00, \
  0x01, 0x00, 0x00, 0x00, 0x00, 0x00, 0x00, 0x00, 0x21, 0x00, 0x00, 0x00, 0x01, 0x00, 0x00, 0x00, \
  0x19, 0x00, 0x00, 0x00, 0x00, 0x00, 0x00, 0x00, 0x01, 0x00, 0xf1, 0x73, 0x0d, 0xbe, 0x18, 0x9f, \
  0x03, 0x4d, 0x7e, 0x4f, 0xb9, 0x22, 0x8d, 0x56, 0xa5, 0xdc, 0x8a, 0x37, 0x5d, 0xf1, 0x73, 0x0d, \
  0xbe, 0x18, 0x9f, 0x03, 0x4d, 0x7e, 0x4f, 0xb9, 0x22, 0x8d, 0x56, 0xa5, 0xf2, 0x00, 0x00, 0x00, \
  0xf1, 0x51, 0x01, 0x00, 0x01, 0x00, 0x00, 0x00, 0x00, 0x00, 0x00, 0x00, 0xe2, 0x00, 0x00, 0x00, \
  0x08, 0x00, 0x00, 0x00, 0x16, 0x00, 0x00, 0x00, 0x00, 0x00, 0x00, 0x00, 0x01, 0x00, 0x90, 0xf3, \
  0x01, 0x00, 0x00, 0x00, 0x01, 0x00, 0x00, 0x00, 0x02, 0x06, 0xa3, 0x14, 0xe5, 0x73, 0x00, 0x00, \
  0x16, 0x00, 0x00, 0x00, 0x01, 0x00, 0x00, 0x00, 0x01, 0x00, 0x90, 0xf3, 0x01, 0x00, 0x00, 0x00, \
  0x01, 0x00, 0x00, 0x00, 0x02, 0x06, 0x8e, 0x95, 0xbd, 0x42, 0x00, 0x00, 0x16, 0x00, 0x00, 0x00, \
  0x02, 0x00, 0x00, 0x00, 0x01, 0x00, 0x90, 0xf3, 0x01, 0x00, 0x00, 0x00, 0x01, 0x00, 0x00, 0x00, \
  0x02, 0x03, 0xd0, 0x39, 0x53, 0x55, 0x00, 0x00, 0x16, 0x00, 0x00, 0x00, 0x03, 0x00, 0x00, 0x00, \
  0x01, 0x00, 0x90, 0xf3, 0x01, 0x00, 0x00, 0x00, 0x01, 0x00, 0x00, 0x00, 0x02, 0x0a, 0x76, 0x94, \
  0xf4, 0xa6, 0x00, 0x00, 0x16, 0x00, 0x00, 0x00, 0x04, 0x00, 0x00, 0x00, 0x01, 0x00, 0x90, 0xf3, \
  0x01, 0x00, 0x00, 0x00, 0x01, 0x00, 0x00, 0x00, 0x02, 0x0a, 0xbc, 0xd5, 0x93, 0x7d, 0x00, 0x00, \
  0x16, 0x00, 0x00, 0x00, 0x05, 0x00, 0x00, 0x00, 0x01, 0x00, 0x90, 0xf3, 0x01, 0x00, 0x00, 0x00, \
  0x01, 0x00, 0x00, 0x00, 0x02, 0x0a, 0xb4, 0xd6, 0x63, 0x75, 0x00, 0x00, 0x16, 0x00, 0x00, 0x00, \
  0x06, 0x00, 0x00, 0x00, 0x01, 0x00, 0x90, 0xf3, 0x01, 0x00, 0x00, 0x00, 0x01, 0x00, 0x00, 0x00, \
  0x02, 0x0a, 0x47, 0xbc, 0xdc, 0xd7, 0x00, 0x00, 0x16, 0x00, 0x00, 0x00, 0x07, 0x00, 0x00, 0x00, \
  0x01, 0x00, 0x90, 0xf3, 0x01, 0x00, 0x00, 0x00, 0x01, 0x00, 0x00, 0x00, 0x02, 0x0a, 0x2b, 0xc4, \
  0xcd, 0x23, 0x00, 0x00, 0x0c, 0x02, 0x00, 0x00, 0x02, 0x00, 0x00, 0x00, 0xf2, 0x5b, 0xbb, 0xfd, \
  0x05, 0x7c, 0xcd, 0x3f, 0xe8, 0xc5, 0x55, 0x38, 0xe3, 0x90, 0xc5, 0x00, 0x6a, 0x00, 0x00, 0x00, \
  0xf2, 0x51, 0x01, 0x00, 0x2a, 0x00, 0x00, 0x00, 0x00, 0x00, 0x00, 0x00, 0x22, 0x00, 0x00, 0x00, \
  0x7a, 0x64, 0x6c, 0x3a, 0x3a, 0x6d, 0x73, 0x67, 0x3a, 0x3a, 0x64, 0x64, 0x73, 0x5f, 0x3a, 0x3a, \
  0x73, 0x74, 0x61, 0x74, 0x65, 0x3a, 0x3a, 0x57, 0x68, 0x65, 0x65, 0x6c, 0x53, 0x74, 0x61, 0x74, \
  0x65, 0x00, 0x00, 0x00, 0x32, 0x00, 0x00, 0x00, 0x01, 0x00, 0x00, 0x00, 0x2a, 0x00, 0x00, 0x00, \
  0x00, 0x00, 0x00, 0x00, 0x01, 0x00, 0xf2, 0x5c, 0x57, 0xd1, 0xbb, 0xc2, 0x1a, 0x9c, 0x59, 0x83, \
  0xef, 0x79, 0x12, 0x77, 0x96, 0x00, 0x00, 0x00, 0x0c, 0x00, 0x00, 0x00, 0x6a, 0x6f, 0x69, 0x6e, \
  0x74, 0x5f, 0x73, 0x74, 0x61, 0x74, 0x65, 0x00, 0x00, 0x00, 0xf2, 0x5c, 0x57, 0xd1, 0xbb, 0xc2, \
  0x1a, 0x9c, 0x59, 0x83, 0xef, 0x79, 0x12, 0x77, 0x96, 0x00, 0x00, 0x00, 0x74, 0x01, 0x00, 0x00, \
  0xf2, 0x51, 0x01, 0x00, 0x2b, 0x00, 0x00, 0x00, 0x00, 0x00, 0x00, 0x00, 0x23, 0x00, 0x00, 0x00, \
  0x7a, 0x64, 0x6c, 0x3a, 0x3a, 0x6d, 0x73, 0x67, 0x3a, 0x3a, 0x64, 0x64, 0x73, 0x5f, 0x3a, 0x3a, \
  0x73, 0x74, 0x61, 0x74, 0x65, 0x3a, 0x3a, 0x4a, 0x6f, 0x69, 0x6e, 0x74, 0x53, 0x74, 0x61, 0x74, \
  0x65, 0x32, 0x00, 0x00, 0x3c, 0x01, 0x00, 0x00, 0x08, 0x00, 0x00, 0x00, 0x26, 0x00, 0x00, 0x00, \
  0x00, 0x00, 0x00, 0x00, 0x01, 0x00, 0x90, 0xf3, 0x01, 0x00, 0x00, 0x00, 0x01, 0x00, 0x00, 0x00, \
  0x02, 0x06, 0x00, 0x00, 0x0c, 0x00, 0x00, 0x00, 0x73, 0x74, 0x61, 0x74, 0x75, 0x73, 0x5f, 0x77, \
  0x6f, 0x72, 0x64, 0x00, 0x00, 0x00, 0x00, 0x00, 0x25, 0x00, 0x00, 0x00, 0x01, 0x00, 0x00, 0x00, \
  0x01, 0x00, 0x90, 0xf3, 0x01, 0x00, 0x00, 0x00, 0x01, 0x00, 0x00, 0x00, 0x02, 0x06, 0x00, 0x00, \
  0x0b, 0x00, 0x00, 0x00, 0x65, 0x72, 0x72, 0x6f, 0x72, 0x5f, 0x63, 0x6f, 0x64, 0x65, 0x00, 0x00, \
  0x00, 0x00, 0x00, 0x00, 0x2c, 0x00, 0x00, 0x00, 0x02, 0x00, 0x00, 0x00, 0x01, 0x00, 0x90, 0xf3, \
  0x01, 0x00, 0x00, 0x00, 0x01, 0x00, 0x00, 0x00, 0x02, 0x03, 0x00, 0x00, 0x12, 0x00, 0x00, 0x00, \
  0x6d, 0x6f, 0x64, 0x65, 0x5f, 0x6f, 0x66, 0x5f, 0x6f, 0x70, 0x65, 0x72, 0x61, 0x74, 0x69, 0x6f, \
  0x6e, 0x00, 0x00, 0x00, 0x1c, 0x00, 0x00, 0x00, 0x03, 0x00, 0x00, 0x00, 0x01, 0x00, 0x90, 0xf3, \
  0x01, 0x00, 0x00, 0x00, 0x01, 0x00, 0x00, 0x00, 0x02, 0x0a, 0x00, 0x00, 0x02, 0x00, 0x00, 0x00, \
  0x71, 0x00, 0x00, 0x00, 0x1e, 0x00, 0x00, 0x00, 0x04, 0x00, 0x00, 0x00, 0x01, 0x00, 0x90, 0xf3, \
  0x01, 0x00, 0x00, 0x00, 0x01, 0x00, 0x00, 0x00, 0x02, 0x0a, 0x00, 0x00, 0x04, 0x00, 0x00, 0x00, \
  0x71, 0x5f, 0x64, 0x00, 0x00, 0x00, 0x00, 0x00, 0x1e, 0x00, 0x00, 0x00, 0x05, 0x00, 0x00, 0x00, \
  0x01, 0x00, 0x90, 0xf3, 0x01, 0x00, 0x00, 0x00, 0x01, 0x00, 0x00, 0x00, 0x02, 0x0a, 0x00, 0x00, \
  0x04, 0x00, 0x00, 0x00, 0x71, 0x5f, 0x65, 0x00, 0x00, 0x00, 0x00, 0x00, 0x1d, 0x00, 0x00, 0x00, \
  0x06, 0x00, 0x00, 0x00, 0x01, 0x00, 0x90, 0xf3, 0x01, 0x00, 0x00, 0x00, 0x01, 0x00, 0x00, 0x00, \
  0x02, 0x0a, 0x00, 0x00, 0x03, 0x00, 0x00, 0x00, 0x64, 0x71, 0x00, 0x00, 0x00, 0x00, 0x00, 0x00, \
  0x20, 0x00, 0x00, 0x00, 0x07, 0x00, 0x00, 0x00, 0x01, 0x00, 0x90, 0xf3, 0x01, 0x00, 0x00, 0x00, \
  0x01, 0x00, 0x00, 0x00, 0x02, 0x0a, 0x00, 0x00, 0x06, 0x00, 0x00, 0x00, 0x74, 0x61, 0x75, 0x5f, \
  0x4a, 0x00, 0x00, 0x00, 0x40, 0x00, 0x00, 0x00, 0x02, 0x00, 0x00, 0x00, 0xf2, 0x5b, 0xbb, 0xfd, \
  0x05, 0x7c, 0xcd, 0x3f, 0xe8, 0xc5, 0x55, 0x38, 0xe3, 0x90, 0xc5, 0xf1, 0xbd, 0x37, 0x60, 0xfb, \
  0x3d, 0xf5, 0x9a, 0x03, 0x51, 0x83, 0xe4, 0x07, 0x24, 0xf3, 0xf2, 0x5c, 0x57, 0xd1, 0xbb, 0xc2, \
  0x1a, 0x9c, 0x59, 0x83, 0xef, 0x79, 0x12, 0x77, 0x96, 0xf1, 0x73, 0x0d, 0xbe, 0x18, 0x9f, 0x03, \
  0x4d, 0x7e, 0x4f, 0xb9, 0x22, 0x8d, 0x56, 0xa5\
}
#define TYPE_MAP_CDR_SZ_zdl_msg_dds__state_WheelState 936u
const dds_topic_descriptor_t zdl_msg_dds__state_WheelState_desc =
{
  .m_size = sizeof (zdl_msg_dds__state_WheelState),
  .m_align = dds_alignof (zdl_msg_dds__state_WheelState),
  .m_flagset = DDS_TOPIC_FIXED_SIZE | DDS_TOPIC_XTYPES_METADATA,
  .m_nkeys = 0u,
  .m_typename = "zdl::msg::dds_::state::WheelState",
  .m_keys = NULL,
  .m_nops = 11,
  .m_ops = zdl_msg_dds__state_WheelState_ops,
  .m_meta = "",
  .type_information = { .data = TYPE_INFO_CDR_zdl_msg_dds__state_WheelState, .sz = TYPE_INFO_CDR_SZ_zdl_msg_dds__state_WheelState },
  .type_mapping = { .data = TYPE_MAP_CDR_zdl_msg_dds__state_WheelState, .sz = TYPE_MAP_CDR_SZ_zdl_msg_dds__state_WheelState }
};

static const uint32_t zdl_msg_dds__state_RobotState_ops [] =
{
  /* RobotState */
  DDS_OP_ADR | DDS_OP_TYPE_EXT, offsetof (zdl_msg_dds__state_RobotState, left_arm), (3u << 16u) + 36u /* ArmState */,
  DDS_OP_ADR | DDS_OP_TYPE_EXT, offsetof (zdl_msg_dds__state_RobotState, right_arm), (3u << 16u) + 33u /* ArmState */,
  DDS_OP_ADR | DDS_OP_TYPE_EXT, offsetof (zdl_msg_dds__state_RobotState, left_hand), (3u << 16u) + 94u /* HandState */,
  DDS_OP_ADR | DDS_OP_TYPE_EXT, offsetof (zdl_msg_dds__state_RobotState, right_hand), (3u << 16u) + 91u /* HandState */,
  DDS_OP_ADR | DDS_OP_TYPE_EXT, offsetof (zdl_msg_dds__state_RobotState, folded_waist), (3u << 16u) + 92u /* WaistState */,
  DDS_OP_ADR | DDS_OP_TYPE_EXT, offsetof (zdl_msg_dds__state_RobotState, wheel), (3u << 16u) + 118u /* WheelState */,
  DDS_OP_ADR | DDS_OP_TYPE_EXT, offsetof (zdl_msg_dds__state_RobotState, head), (3u << 16u) + 144u /* HeadState */,
  DDS_OP_ADR | DDS_OP_TYPE_ENU | (2 << DDS_OP_FLAG_SZ_SHIFT), offsetof (zdl_msg_dds__state_RobotState, current_errors), 8u,
  DDS_OP_ADR | DDS_OP_TYPE_ENU | (2 << DDS_OP_FLAG_SZ_SHIFT), offsetof (zdl_msg_dds__state_RobotState, current_mode), 4u,
  DDS_OP_ADR | DDS_OP_TYPE_ENU | (2 << DDS_OP_FLAG_SZ_SHIFT), offsetof (zdl_msg_dds__state_RobotState, current_mission), 10u,
  DDS_OP_ADR | DDS_OP_TYPE_ENU | (2 << DDS_OP_FLAG_SZ_SHIFT), offsetof (zdl_msg_dds__state_RobotState, current_arm_mode), 4u,
  DDS_OP_ADR | DDS_OP_TYPE_8BY | DDS_OP_FLAG_FP, offsetof (zdl_msg_dds__state_RobotState, time),
  DDS_OP_RTS,

  /* ArmState */
  DDS_OP_ADR | DDS_OP_TYPE_EXT, offsetof (zdl_msg_dds__state_ArmState, joint_state), (3u << 16u) + 39u /* JointState7 */,
  DDS_OP_ADR | DDS_OP_TYPE_ARR | DDS_OP_SUBTYPE_8BY | DDS_OP_FLAG_FP, offsetof (zdl_msg_dds__state_ArmState, dq_d), 7u,
  DDS_OP_ADR | DDS_OP_TYPE_ARR | DDS_OP_SUBTYPE_8BY | DDS_OP_FLAG_FP, offsetof (zdl_msg_dds__state_ArmState, tau_Js), 7u,
  DDS_OP_ADR | DDS_OP_TYPE_ARR | DDS_OP_SUBTYPE_8BY | DDS_OP_FLAG_FP, offsetof (zdl_msg_dds__state_ArmState, tau_J_d), 7u,
  DDS_OP_ADR | DDS_OP_TYPE_ARR | DDS_OP_SUBTYPE_8BY | DDS_OP_FLAG_FP, offsetof (zdl_msg_dds__state_ArmState, O_T_EE), 16u,
  DDS_OP_ADR | DDS_OP_TYPE_ARR | DDS_OP_SUBTYPE_8BY | DDS_OP_FLAG_FP, offsetof (zdl_msg_dds__state_ArmState, O_T_EE_d), 16u,
  DDS_OP_ADR | DDS_OP_TYPE_8BY | DDS_OP_FLAG_FP, offsetof (zdl_msg_dds__state_ArmState, m_total),
  DDS_OP_ADR | DDS_OP_TYPE_ARR | DDS_OP_SUBTYPE_8BY | DDS_OP_FLAG_FP, offsetof (zdl_msg_dds__state_ArmState, I_total), 9u,
  DDS_OP_ADR | DDS_OP_TYPE_ARR | DDS_OP_SUBTYPE_8BY | DDS_OP_FLAG_FP, offsetof (zdl_msg_dds__state_ArmState, F_x_Ctotal), 3u,
  DDS_OP_ADR | DDS_OP_TYPE_ARR | DDS_OP_SUBTYPE_8BY | DDS_OP_FLAG_FP, offsetof (zdl_msg_dds__state_ArmState, joint_k_gains), 7u,
  DDS_OP_ADR | DDS_OP_TYPE_ARR | DDS_OP_SUBTYPE_8BY | DDS_OP_FLAG_FP, offsetof (zdl_msg_dds__state_ArmState, joint_d_gains), 7u,
  DDS_OP_ADR | DDS_OP_TYPE_ARR | DDS_OP_SUBTYPE_8BY | DDS_OP_FLAG_FP, offsetof (zdl_msg_dds__state_ArmState, stiffness), 6u,
  DDS_OP_ADR | DDS_OP_TYPE_ARR | DDS_OP_SUBTYPE_8BY | DDS_OP_FLAG_FP, offsetof (zdl_msg_dds__state_ArmState, damping), 6u,
  DDS_OP_RTS,

  /* JointState7 */
  DDS_OP_ADR | DDS_OP_TYPE_ARR | DDS_OP_SUBTYPE_2BY, offsetof (zdl_msg_dds__state_JointState7, status_word), 7u,
  DDS_OP_ADR | DDS_OP_TYPE_ARR | DDS_OP_SUBTYPE_2BY, offsetof (zdl_msg_dds__state_JointState7, error_code), 7u,
  DDS_OP_ADR | DDS_OP_TYPE_ARR | DDS_OP_SUBTYPE_2BY | DDS_OP_FLAG_SGN, offsetof (zdl_msg_dds__state_JointState7, mode_of_operation), 7u,
  DDS_OP_ADR | DDS_OP_TYPE_ARR | DDS_OP_SUBTYPE_8BY | DDS_OP_FLAG_FP, offsetof (zdl_msg_dds__state_JointState7, q), 7u,
  DDS_OP_ADR | DDS_OP_TYPE_ARR | DDS_OP_SUBTYPE_8BY | DDS_OP_FLAG_FP, offsetof (zdl_msg_dds__state_JointState7, q_d), 7u,
  DDS_OP_ADR | DDS_OP_TYPE_ARR | DDS_OP_SUBTYPE_8BY | DDS_OP_FLAG_FP, offsetof (zdl_msg_dds__state_JointState7, q_e), 7u,
  DDS_OP_ADR | DDS_OP_TYPE_ARR | DDS_OP_SUBTYPE_8BY | DDS_OP_FLAG_FP, offsetof (zdl_msg_dds__state_JointState7, dq), 7u,
  DDS_OP_ADR | DDS_OP_TYPE_ARR | DDS_OP_SUBTYPE_8BY | DDS_OP_FLAG_FP, offsetof (zdl_msg_dds__state_JointState7, tau_J), 7u,
  DDS_OP_RTS,

  /* HandState */
  DDS_OP_ADR | DDS_OP_TYPE_EXT, offsetof (zdl_msg_dds__state_HandState, joint_state), (3u << 16u) + 65511u /* JointState7 */,
  DDS_OP_RTS,

  /* WaistState */
  DDS_OP_ADR | DDS_OP_TYPE_EXT, offsetof (zdl_msg_dds__state_WaistState, joint_state), (3u << 16u) + 4u /* JointState4 */,
  DDS_OP_RTS,

  /* JointState4 */
  DDS_OP_ADR | DDS_OP_TYPE_ARR | DDS_OP_SUBTYPE_2BY, offsetof (zdl_msg_dds__state_JointState4, status_word), 4u,
  DDS_OP_ADR | DDS_OP_TYPE_ARR | DDS_OP_SUBTYPE_2BY, offsetof (zdl_msg_dds__state_JointState4, error_code), 4u,
  DDS_OP_ADR | DDS_OP_TYPE_ARR | DDS_OP_SUBTYPE_2BY | DDS_OP_FLAG_SGN, offsetof (zdl_msg_dds__state_JointState4, mode_of_operation), 4u,
  DDS_OP_ADR | DDS_OP_TYPE_ARR | DDS_OP_SUBTYPE_8BY | DDS_OP_FLAG_FP, offsetof (zdl_msg_dds__state_JointState4, q), 4u,
  DDS_OP_ADR | DDS_OP_TYPE_ARR | DDS_OP_SUBTYPE_8BY | DDS_OP_FLAG_FP, offsetof (zdl_msg_dds__state_JointState4, q_d), 4u,
  DDS_OP_ADR | DDS_OP_TYPE_ARR | DDS_OP_SUBTYPE_8BY | DDS_OP_FLAG_FP, offsetof (zdl_msg_dds__state_JointState4, q_e), 4u,
  DDS_OP_ADR | DDS_OP_TYPE_ARR | DDS_OP_SUBTYPE_8BY | DDS_OP_FLAG_FP, offsetof (zdl_msg_dds__state_JointState4, dq), 4u,
  DDS_OP_ADR | DDS_OP_TYPE_ARR | DDS_OP_SUBTYPE_8BY | DDS_OP_FLAG_FP, offsetof (zdl_msg_dds__state_JointState4, tau_J), 4u,
  DDS_OP_RTS,

  /* WheelState */
  DDS_OP_ADR | DDS_OP_TYPE_EXT, offsetof (zdl_msg_dds__state_WheelState, joint_state), (3u << 16u) + 4u /* JointState2 */,
  DDS_OP_RTS,

  /* JointState2 */
  DDS_OP_ADR | DDS_OP_TYPE_ARR | DDS_OP_SUBTYPE_2BY, offsetof (zdl_msg_dds__state_JointState2, status_word), 2u,
  DDS_OP_ADR | DDS_OP_TYPE_ARR | DDS_OP_SUBTYPE_2BY, offsetof (zdl_msg_dds__state_JointState2, error_code), 2u,
  DDS_OP_ADR | DDS_OP_TYPE_ARR | DDS_OP_SUBTYPE_2BY | DDS_OP_FLAG_SGN, offsetof (zdl_msg_dds__state_JointState2, mode_of_operation), 2u,
  DDS_OP_ADR | DDS_OP_TYPE_ARR | DDS_OP_SUBTYPE_8BY | DDS_OP_FLAG_FP, offsetof (zdl_msg_dds__state_JointState2, q), 2u,
  DDS_OP_ADR | DDS_OP_TYPE_ARR | DDS_OP_SUBTYPE_8BY | DDS_OP_FLAG_FP, offsetof (zdl_msg_dds__state_JointState2, q_d), 2u,
  DDS_OP_ADR | DDS_OP_TYPE_ARR | DDS_OP_SUBTYPE_8BY | DDS_OP_FLAG_FP, offsetof (zdl_msg_dds__state_JointState2, q_e), 2u,
  DDS_OP_ADR | DDS_OP_TYPE_ARR | DDS_OP_SUBTYPE_8BY | DDS_OP_FLAG_FP, offsetof (zdl_msg_dds__state_JointState2, dq), 2u,
  DDS_OP_ADR | DDS_OP_TYPE_ARR | DDS_OP_SUBTYPE_8BY | DDS_OP_FLAG_FP, offsetof (zdl_msg_dds__state_JointState2, tau_J), 2u,
  DDS_OP_RTS,

  /* HeadState */
  DDS_OP_ADR | DDS_OP_TYPE_EXT, offsetof (zdl_msg_dds__state_HeadState, joint_state), (3u << 16u) + 65511u /* JointState2 */,
  DDS_OP_RTS
};

/* Type Information:
  [MINIMAL f1fe9bacef11d2c84311829062ae] (#deps: 11)
   - [MINIMAL 2c35e5f3daee0871e1ad51a9ba74]
   - [MINIMAL 5b710f90d519163486ee63f61a05]
   - [MINIMAL 1afc9b258b75fce850c5fdaa97b1]
   - [MINIMAL 0fc4779f47eadb0f6de82bfd9a21]
   - [MINIMAL da185c4d7998545932898e50916e]
   - [MINIMAL bd3760fb3df59a035183e40724f3]
   - [MINIMAL 730dbe189f034d7e4fb9228d56a5]
   - [MINIMAL e89177e6705150af3b9d346f0ff5]
   - [MINIMAL d3c1f28bdf7a0a6ae7a2a2ccc5ef]
   - [MINIMAL 49ef76f7a392f3c1f067db1bb68f]
   - [MINIMAL 77a30e0806ba2fcf9b10e357988e]
  [COMPLETE 8a6d6e73b30518767b9bc5d5df76] (#deps: 12)
   - [COMPLETE 85efa56213c1aa7b3df2b2e5258b]
   - [COMPLETE f5dfad1910cbdaa66b5ec66a58bc]
   - [COMPLETE d6daeb8748ed0e8591f5287b6a89]
   - [COMPLETE 1145d748719445a6f2bb82fdd738]
   - [COMPLETE 2b89d6c70fd769ff96380e6e252d]
   - [COMPLETE 5bbbfd057ccd3fe8c55538e390c5]
   - [COMPLETE 5c57d1bbc21a9c5983ef79127796]
   - [COMPLETE 633ac582ad466e6c027e1eb893c8]
   - [COMPLETE 6db3e32a0dc2630edf0473ce8aab]
   - [COMPLETE a7fd90988cb62f3882d5e07454f2]
   - [COMPLETE 49fb3cd9df2f34cf2c953d66cf81]
   - [COMPLETE 240933ae26f86a5ed52554bfd529]
*/
#define TYPE_INFO_CDR_zdl_msg_dds__state_RobotState (unsigned char []){ \
  0x88, 0x02, 0x00, 0x00, 0x01, 0x10, 0x00, 0x40, 0x30, 0x01, 0x00, 0x00, 0x2c, 0x01, 0x00, 0x00, \
  0x14, 0x00, 0x00, 0x00, 0xf1, 0xf1, 0xfe, 0x9b, 0xac, 0xef, 0x11, 0xd2, 0xc8, 0x43, 0x11, 0x82, \
  0x90, 0x62, 0xae, 0x00, 0x87, 0x01, 0x00, 0x00, 0x0b, 0x00, 0x00, 0x00, 0x0c, 0x01, 0x00, 0x00, \
  0x0b, 0x00, 0x00, 0x00, 0x14, 0x00, 0x00, 0x00, 0xf1, 0x2c, 0x35, 0xe5, 0xf3, 0xda, 0xee, 0x08, \
  0x71, 0xe1, 0xad, 0x51, 0xa9, 0xba, 0x74, 0x00, 0x7a, 0x01, 0x00, 0x00, 0x14, 0x00, 0x00, 0x00, \
  0xf1, 0x5b, 0x71, 0x0f, 0x90, 0xd5, 0x19, 0x16, 0x34, 0x86, 0xee, 0x63, 0xf6, 0x1a, 0x05, 0x00, \
  0xf6, 0x00, 0x00, 0x00, 0x14, 0x00, 0x00, 0x00, 0xf1, 0x1a, 0xfc, 0x9b, 0x25, 0x8b, 0x75, 0xfc, \
  0xe8, 0x50, 0xc5, 0xfd, 0xaa, 0x97, 0xb1, 0x00, 0x35, 0x00, 0x00, 0x00, 0x14, 0x00, 0x00, 0x00, \
  0xf1, 0x0f, 0xc4, 0x77, 0x9f, 0x47, 0xea, 0xdb, 0x0f, 0x6d, 0xe8, 0x2b, 0xfd, 0x9a, 0x21, 0x00, \
  0x35, 0x00, 0x00, 0x00, 0x14, 0x00, 0x00, 0x00, 0xf1, 0xda, 0x18, 0x5c, 0x4d, 0x79, 0x98, 0x54, \
  0x59, 0x32, 0x89, 0x8e, 0x50, 0x91, 0x6e, 0x00, 0xf6, 0x00, 0x00, 0x00, 0x14, 0x00, 0x00, 0x00, \
  0xf1, 0xbd, 0x37, 0x60, 0xfb, 0x3d, 0xf5, 0x9a, 0x03, 0x51, 0x83, 0xe4, 0x07, 0x24, 0xf3, 0x00, \
  0x35, 0x00, 0x00, 0x00, 0x14, 0x00, 0x00, 0x00, 0xf1, 0x73, 0x0d, 0xbe, 0x18, 0x9f, 0x03, 0x4d, \
  0x7e, 0x4f, 0xb9, 0x22, 0x8d, 0x56, 0xa5, 0x00, 0xf6, 0x00, 0x00, 0x00, 0x14, 0x00, 0x00, 0x00, \
  0xf1, 0xe8, 0x91, 0x77, 0xe6, 0x70, 0x51, 0x50, 0xaf, 0x3b, 0x9d, 0x34, 0x6f, 0x0f, 0xf5, 0x00, \
  0xca, 0x00, 0x00, 0x00, 0x14, 0x00, 0x00, 0x00, 0xf1, 0xd3, 0xc1, 0xf2, 0x8b, 0xdf, 0x7a, 0x0a, \
  0x6a, 0xe7, 0xa2, 0xa2, 0xcc, 0xc5, 0xef, 0x00, 0x7a, 0x00, 0x00, 0x00, 0x14, 0x00, 0x00, 0x00, \
  0xf1, 0x49, 0xef, 0x76, 0xf7, 0xa3, 0x92, 0xf3, 0xc1, 0xf0, 0x67, 0xdb, 0x1b, 0xb6, 0x8f, 0x00, \
  0xf2, 0x00, 0x00, 0x00, 0x14, 0x00, 0x00, 0x00, 0xf1, 0x77, 0xa3, 0x0e, 0x08, 0x06, 0xba, 0x2f, \
  0xcf, 0x9b, 0x10, 0xe3, 0x57, 0x98, 0x8e, 0x00, 0x7a, 0x00, 0x00, 0x00, 0x02, 0x10, 0x00, 0x40, \
  0x48, 0x01, 0x00, 0x00, 0x44, 0x01, 0x00, 0x00, 0x14, 0x00, 0x00, 0x00, 0xf2, 0x8a, 0x6d, 0x6e, \
  0x73, 0xb3, 0x05, 0x18, 0x76, 0x7b, 0x9b, 0xc5, 0xd5, 0xdf, 0x76, 0x00, 0x57, 0x02, 0x00, 0x00, \
  0x0c, 0x00, 0x00, 0x00, 0x24, 0x01, 0x00, 0x00, 0x0c, 0x00, 0x00, 0x00, 0x14, 0x00, 0x00, 0x00, \
  0xf2, 0x85, 0xef, 0xa5, 0x62, 0x13, 0xc1, 0xaa, 0x7b, 0x3d, 0xf2, 0xb2, 0xe5, 0x25, 0x8b, 0x00, \
  0x46, 0x02, 0x00, 0x00, 0x14, 0x00, 0x00, 0x00, 0xf2, 0xf5, 0xdf, 0xad, 0x19, 0x10, 0xcb, 0xda, \
  0xa6, 0x6b, 0x5e, 0xc6, 0x6a, 0x58, 0xbc, 0x00, 0x78, 0x01, 0x00, 0x00, 0x14, 0x00, 0x00, 0x00, \
  0xf2, 0xd6, 0xda, 0xeb, 0x87, 0x48, 0xed, 0x0e, 0x85, 0x91, 0xf5, 0x28, 0x7b, 0x6a, 0x89, 0x00, \
  0x6e, 0x00, 0x00, 0x00, 0x14, 0x00, 0x00, 0x00, 0xf2, 0x11, 0x45, 0xd7, 0x48, 0x71, 0x94, 0x45, \
  0xa6, 0xf2, 0xbb, 0x82, 0xfd, 0xd7, 0x38, 0x00, 0x6e, 0x00, 0x00, 0x00, 0x14, 0x00, 0x00, 0x00, \
  0xf2, 0x2b, 0x89, 0xd6, 0xc7, 0x0f, 0xd7, 0x69, 0xff, 0x96, 0x38, 0x0e, 0x6e, 0x25, 0x2d, 0x00, \
  0x78, 0x01, 0x00, 0x00, 0x14, 0x00, 0x00, 0x00, 0xf2, 0x5b, 0xbb, 0xfd, 0x05, 0x7c, 0xcd, 0x3f, \
  0xe8, 0xc5, 0x55, 0x38, 0xe3, 0x90, 0xc5, 0x00, 0x6e, 0x00, 0x00, 0x00, 0x14, 0x00, 0x00, 0x00, \
  0xf2, 0x5c, 0x57, 0xd1, 0xbb, 0xc2, 0x1a, 0x9c, 0x59, 0x83, 0xef, 0x79, 0x12, 0x77, 0x96, 0x00, \
  0x78, 0x01, 0x00, 0x00, 0x14, 0x00, 0x00, 0x00, 0xf2, 0x63, 0x3a, 0xc5, 0x82, 0xad, 0x46, 0x6e, \
  0x6c, 0x02, 0x7e, 0x1e, 0xb8, 0x93, 0xc8, 0x00, 0x6e, 0x00, 0x00, 0x00, 0x14, 0x00, 0x00, 0x00, \
  0xf2, 0x6d, 0xb3, 0xe3, 0x2a, 0x0d, 0xc2, 0x63, 0x0e, 0xdf, 0x04, 0x73, 0xce, 0x8a, 0xab, 0x00, \
  0xa1, 0x01, 0x00, 0x00, 0x14, 0x00, 0x00, 0x00, 0xf2, 0xa7, 0xfd, 0x90, 0x98, 0x8c, 0xb6, 0x2f, \
  0x38, 0x82, 0xd5, 0xe0, 0x74, 0x54, 0xf2, 0x00, 0xd9, 0x00, 0x00, 0x00, 0x14, 0x00, 0x00, 0x00, \
  0xf2, 0x49, 0xfb, 0x3c, 0xd9, 0xdf, 0x2f, 0x34, 0xcf, 0x2c, 0x95, 0x3d, 0x66, 0xcf, 0x81, 0x00, \
  0xba, 0x01, 0x00, 0x00, 0x14, 0x00, 0x00, 0x00, 0xf2, 0x24, 0x09, 0x33, 0xae, 0x26, 0xf8, 0x6a, \
  0x5e, 0xd5, 0x25, 0x54, 0xbf, 0xd5, 0x29, 0x00, 0xfb, 0x00, 0x00, 0x00\
}
#define TYPE_INFO_CDR_SZ_zdl_msg_dds__state_RobotState 652u
#define TYPE_MAP_CDR_zdl_msg_dds__state_RobotState (unsigned char []){ \
  0x46, 0x0a, 0x00, 0x00, 0x0d, 0x00, 0x00, 0x00, 0xf1, 0xf1, 0xfe, 0x9b, 0xac, 0xef, 0x11, 0xd2, \
  0xc8, 0x43, 0x11, 0x82, 0x90, 0x62, 0xae, 0x00, 0x83, 0x01, 0x00, 0x00, 0xf1, 0x51, 0x01, 0x00, \
  0x01, 0x00, 0x00, 0x00, 0x00, 0x00, 0x00, 0x00, 0x73, 0x01, 0x00, 0x00, 0x0c, 0x00, 0x00, 0x00, \
  0x19, 0x00, 0x00, 0x00, 0x00, 0x00, 0x00, 0x00, 0x01, 0x00, 0xf1, 0x2c, 0x35, 0xe5, 0xf3, 0xda, \
  0xee, 0x08, 0x71, 0xe1, 0xad, 0x51, 0xa9, 0xba, 0x74, 0xa4, 0xf3, 0xa1, 0x09, 0x00, 0x00, 0x00, \
  0x19, 0x00, 0x00, 0x00, 0x01, 0x00, 0x00, 0x00, 0x01, 0x00, 0xf1, 0x2c, 0x35, 0xe5, 0xf3, 0xda, \
  0xee, 0x08, 0x71, 0xe1, 0xad, 0x51, 0xa9, 0xba, 0x74, 0x08, 0x78, 0x51, 0x9f, 0x00, 0x00, 0x00, \
  0x19, 0x00, 0x00, 0x00, 0x02, 0x00, 0x00, 0x00, 0x01, 0x00, 0xf1, 0x1a, 0xfc, 0x9b, 0x25, 0x8b, \
  0x75, 0xfc, 0xe8, 0x50, 0xc5, 0xfd, 0xaa, 0x97, 0xb1, 0xd4, 0x2f, 0xbe, 0x0b, 0x00, 0x00, 0x00, \
  0x19, 0x00, 0x00, 0x00, 0x03, 0x00, 0x00, 0x00, 0x01, 0x00, 0xf1, 0x1a, 0xfc, 0x9b, 0x25, 0x8b, \
  0x75, 0xfc, 0xe8, 0x50, 0xc5, 0xfd, 0xaa, 0x97, 0xb1, 0xd4, 0x48, 0x68, 0x63, 0x00, 0x00, 0x00, \
  0x19, 0x00, 0x00, 0x00, 0x04, 0x00, 0x00, 0x00, 0x01, 0x00, 0xf1, 0x0f, 0xc4, 0x77, 0x9f, 0x47, \
  0xea, 0xdb, 0x0f, 0x6d, 0xe8, 0x2b, 0xfd, 0x9a, 0x21, 0x36, 0xd5, 0x6d, 0xa4, 0x00, 0x00, 0x00, \
  0x19, 0x00, 0x00, 0x00, 0x05, 0x00, 0x00, 0x00, 0x01, 0x00, 0xf1, 0xbd, 0x37, 0x60, 0xfb, 0x3d, \
  0xf5, 0x9a, 0x03, 0x51, 0x83, 0xe4, 0x07, 0x24, 0xf3, 0x5e, 0xda, 0x0e, 0xa9, 0x00, 0x00, 0x00, \
  0x19, 0x00, 0x00, 0x00, 0x06, 0x00, 0x00, 0x00, 0x01, 0x00, 0xf1, 0xbd, 0x37, 0x60, 0xfb, 0x3d, \
  0xf5, 0x9a, 0x03, 0x51, 0x83, 0xe4, 0x07, 0x24, 0xf3, 0x96, 0xe8, 0x9a, 0x29, 0x00, 0x00, 0x00, \
  0x19, 0x00, 0x00, 0x00, 0x07, 0x00, 0x00, 0x00, 0x01, 0x00, 0xf1, 0xe8, 0x91, 0x77, 0xe6, 0x70, \
  0x51, 0x50, 0xaf, 0x3b, 0x9d, 0x34, 0x6f, 0x0f, 0xf5, 0x39, 0xe3, 0xd5, 0xd5, 0x00, 0x00, 0x00, \
  0x19, 0x00, 0x00, 0x00, 0x08, 0x00, 0x00, 0x00, 0x01, 0x00, 0xf1, 0xd3, 0xc1, 0xf2, 0x8b, 0xdf, \
  0x7a, 0x0a, 0x6a, 0xe7, 0xa2, 0xa2, 0xcc, 0xc5, 0xef, 0x16, 0x97, 0xe0, 0x0e, 0x00, 0x00, 0x00, \
  0x19, 0x00, 0x00, 0x00, 0x09, 0x00, 0x00, 0x00, 0x01, 0x00, 0xf1, 0x49, 0xef, 0x76, 0xf7, 0xa3, \
  0x92, 0xf3, 0xc1, 0xf0, 0x67, 0xdb, 0x1b, 0xb6, 0x8f, 0x31, 0x3a, 0x83, 0xab, 0x00, 0x00, 0x00, \
  0x19, 0x00, 0x00, 0x00, 0x0a, 0x00, 0x00, 0x00, 0x01, 0x00, 0xf1, 0x77, 0xa3, 0x0e, 0x08, 0x06, \
  0xba, 0x2f, 0xcf, 0x9b, 0x10, 0xe3, 0x57, 0x98, 0x8e, 0x13, 0xc1, 0x27, 0x91, 0x00, 0x00, 0x00, \
  0x0b, 0x00, 0x00, 0x00, 0x0b, 0x00, 0x00, 0x00, 0x01, 0x00, 0x0a, 0x07, 0xcc, 0x69, 0x4b, 0xf1, \
  0x2c, 0x35, 0xe5, 0xf3, 0xda, 0xee, 0x08, 0x71, 0xe1, 0xad, 0x51, 0xa9, 0xba, 0x74, 0x00, 0x00, \
  0x76, 0x01, 0x00, 0x00, 0xf1, 0x51, 0x01, 0x00, 0x01, 0x00, 0x00, 0x00, 0x00, 0x00, 0x00, 0x00, \
  0x66, 0x01, 0x00, 0x00, 0x0d, 0x00, 0x00, 0x00, 0x19, 0x00, 0x00, 0x00, 0x00, 0x00, 0x00, 0x00, \
  0x01, 0x00, 0xf1, 0x5b, 0x71, 0x0f, 0x90, 0xd5, 0x19, 0x16, 0x34, 0x86, 0xee, 0x63, 0xf6, 0x1a, \
  0x05, 0xdc, 0x8a, 0x37, 0x5d, 0x00, 0x00, 0x00, 0x16, 0x00, 0x00, 0x00, 0x01, 0x00, 0x00, 0x00, \
  0x01, 0x00, 0x90, 0xf3, 0x01, 0x00, 0x00, 0x00, 0x01, 0x00, 0x00, 0x00, 0x07, 0x0a, 0xe7, 0xd5, \
  0x79, 0x80, 0x00, 0x00, 0x16, 0x00, 0x00, 0x00, 0x02, 0x00, 0x00, 0x00, 0x01, 0x00, 0x90, 0xf3, \
  0x01, 0x00, 0x00, 0x00, 0x01, 0x00, 0x00, 0x00, 0x07, 0x0a, 0x6a, 0x27, 0x78, 0xc3, 0x00, 0x00, \
  0x16, 0x00, 0x00, 0x00, 0x03, 0x00, 0x00, 0x00, 0x01, 0x00, 0x90, 0xf3, 0x01, 0x00, 0x00, 0x00, \
  0x01, 0x00, 0x00, 0x00, 0x07, 0x0a, 0x68, 0x1a, 0x15, 0x8a, 0x00, 0x00, 0x16, 0x00, 0x00, 0x00, \
  0x04, 0x00, 0x00, 0x00, 0x01, 0x00, 0x90, 0xf3, 0x01, 0x00, 0x00, 0x00, 0x01, 0x00, 0x00, 0x00, \
  0x10, 0x0a, 0x4e, 0x39, 0x8e, 0xa7, 0x00, 0x00, 0x16, 0x00, 0x00, 0x00, 0x05, 0x00, 0x00, 0x00, \
  0x01, 0x00, 0x90, 0xf3, 0x01, 0x00, 0x00, 0x00, 0x01, 0x00, 0x00, 0x00, 0x10, 0x0a, 0xd8, 0x46, \
  0x3d, 0x2e, 0x00, 0x00, 0x0b, 0x00, 0x00, 0x00, 0x06, 0x00, 0x00, 0x00, 0x01, 0x00, 0x0a, 0x6c, \
  0x9b, 0x5e, 0xba, 0x00, 0x16, 0x00, 0x00, 0x00, 0x07, 0x00, 0x00, 0x00, 0x01, 0x00, 0x90, 0xf3, \
  0x01, 0x00, 0x00, 0x00, 0x01, 0x00, 0x00, 0x00, 0x09, 0x0a, 0x24, 0x44, 0xc3, 0x0b, 0x00, 0x00, \
  0x16, 0x00, 0x00, 0x00, 0x08, 0x00, 0x00, 0x00, 0x01, 0x00, 0x90, 0xf3, 0x01, 0x00, 0x00, 0x00, \
  0x01, 0x00, 0x00, 0x00, 0x03, 0x0a, 0x48, 0x7c, 0x8b, 0x88, 0x00, 0x00, 0x16, 0x00, 0x00, 0x00, \
  0x09, 0x00, 0x00, 0x00, 0x01, 0x00, 0x90, 0xf3, 0x01, 0x00, 0x00, 0x00, 0x01, 0x00, 0x00, 0x00, \
  0x07, 0x0a, 0x89, 0x04, 0x20, 0xe0, 0x00, 0x00, 0x16, 0x00, 0x00, 0x00, 0x0a, 0x00, 0x00, 0x00, \
  0x01, 0x00, 0x90, 0xf3, 0x01, 0x00, 0x00, 0x00, 0x01, 0x00, 0x00, 0x00, 0x07, 0x0a, 0xe5, 0x47, \
  0x98, 0x01, 0x00, 0x00, 0x16, 0x00, 0x00, 0x00, 0x0b, 0x00, 0x00, 0x00, 0x01, 0x00, 0x90, 0xf3, \
  0x01, 0x00, 0x00, 0x00, 0x01, 0x00, 0x00, 0x00, 0x06, 0x0a, 0x08, 0x6e, 0x8b, 0x52, 0x00, 0x00, \
  0x16, 0x00, 0x00, 0x00, 0x0c, 0x00, 0x00, 0x00, 0x01, 0x00, 0x90, 0xf3, 0x01, 0x00, 0x00, 0x00, \
  0x01, 0x00, 0x00, 0x00, 0x06, 0x0a, 0xe6, 0xa2, 0xe3, 0xe2, 0xf1, 0x5b, 0x71, 0x0f, 0x90, 0xd5, \
  0x19, 0x16, 0x34, 0x86, 0xee, 0x63, 0xf6, 0x1a, 0x05, 0x00, 0x00, 0x00, 0xf2, 0x00, 0x00, 0x00, \
  0xf1, 0x51, 0x01, 0x00, 0x01, 0x00, 0x00, 0x00, 0x00, 0x00, 0x00, 0x00, 0xe2, 0x00, 0x00, 0x00, \
  0x08, 0x00, 0x00, 0x00, 0x16, 0x00, 0x00, 0x00, 0x00, 0x00, 0x00, 0x00, 0x01, 0x00, 0x90, 0xf3, \
  0x01, 0x00, 0x00, 0x00, 0x01, 0x00, 0x00, 0x00, 0x07, 0x06, 0xa3, 0x14, 0xe5, 0x73, 0x00, 0x00, \
  0x16, 0x00, 0x00, 0x00, 0x01, 0x00, 0x00, 0x00, 0x01, 0x00, 0x90, 0xf3, 0x01, 0x00, 0x00, 0x00, \
  0x01, 0x00, 0x00, 0x00, 0x07, 0x06, 0x8e, 0x95, 0xbd, 0x42, 0x00, 0x00, 0x16, 0x00, 0x00, 0x00, \
  0x02, 0x00, 0x00, 0x00, 0x01, 0x00, 0x90, 0xf3, 0x01, 0x00, 0x00, 0x00, 0x01, 0x00, 0x00, 0x00, \
  0x07, 0x03, 0xd0, 0x39, 0x53, 0x55, 0x00, 0x00, 0x16, 0x00, 0x00, 0x00, 0x03, 0x00, 0x00, 0x00, \
  0x01, 0x00, 0x90, 0xf3, 0x01, 0x00, 0x00, 0x00, 0x01, 0x00, 0x00, 0x00, 0x07, 0x0a, 0x76, 0x94, \
  0xf4, 0xa6, 0x00, 0x00, 0x16, 0x00, 0x00, 0x00, 0x04, 0x00, 0x00, 0x00, 0x01, 0x00, 0x90, 0xf3, \
  0x01, 0x00, 0x00, 0x00, 0x01, 0x00, 0x00, 0x00, 0x07, 0x0a, 0xbc, 0xd5, 0x93, 0x7d, 0x00, 0x00, \
  0x16, 0x00, 0x00, 0x00, 0x05, 0x00, 0x00, 0x00, 0x01, 0x00, 0x90, 0xf3, 0x01, 0x00, 0x00, 0x00, \
  0x01, 0x00, 0x00, 0x00, 0x07, 0x0a, 0xb4, 0xd6, 0x63, 0x75, 0x00, 0x00, 0x16, 0x00, 0x00, 0x00, \
  0x06, 0x00, 0x00, 0x00, 0x01, 0x00, 0x90, 0xf3, 0x01, 0x00, 0x00, 0x00, 0x01, 0x00, 0x00, 0x00, \
  0x07, 0x0a, 0x47, 0xbc, 0xdc, 0xd7, 0x00, 0x00, 0x16, 0x00, 0x00, 0x00, 0x07, 0x00, 0x00, 0x00, \
  0x01, 0x00, 0x90, 0xf3, 0x01, 0x00, 0x00, 0x00, 0x01, 0x00, 0x00, 0x00, 0x07, 0x0a, 0x2b, 0xc4, \
  0xcd, 0x23, 0xf1, 0x1a, 0xfc, 0x9b, 0x25, 0x8b, 0x75, 0xfc, 0xe8, 0x50, 0xc5, 0xfd, 0xaa, 0x97, \
  0xb1, 0x00, 0x00, 0x00, 0x31, 0x00, 0x00, 0x00, 0xf1, 0x51, 0x01, 0x00, 0x01, 0x00, 0x00, 0x00, \
  0x00, 0x00, 0x00, 0x00, 0x21, 0x00, 0x00, 0x00, 0x01, 0x00, 0x00, 0x00, 0x19, 0x00, 0x00, 0x00, \
  0x00, 0x00, 0x00, 0x00, 0x01, 0x00, 0xf1, 0x5b, 0x71, 0x0f, 0x90, 0xd5, 0x19, 0x16, 0x34, 0x86, \
  0xee, 0x63, 0xf6, 0x1a, 0x05, 0xdc, 0x8a, 0x37, 0x5d, 0xf1, 0x0f, 0xc4, 0x77, 0x9f, 0x47, 0xea, \
  0xdb, 0x0f, 0x6d, 0xe8, 0x2b, 0xfd, 0x9a, 0x21, 0x31, 0x00, 0x00, 0x00, 0xf1, 0x51, 0x01, 0x00, \
  0x01, 0x00, 0x00, 0x00, 0x00, 0x00, 0x00, 0x00, 0x21, 0x00, 0x00, 0x00, 0x01, 0x00, 0x00, 0x00, \
  0x19, 0x00, 0x00, 0x00, 0x00, 0x00, 0x00, 0x00, 0x01, 0x00, 0xf1, 0xda, 0x18, 0x5c, 0x4d, 0x79, \
  0x98, 0x54, 0x59, 0x32, 0x89, 0x8e, 0x50, 0x91, 0x6e, 0xdc, 0x8a, 0x37, 0x5d, 0xf1, 0xda, 0x18, \
  0x5c, 0x4d, 0x79, 0x98, 0x54, 0x59, 0x32, 0x89, 0x8e, 0x50, 0x91, 0x6e, 0xf2, 0x00, 0x00, 0x00, \
  0xf1, 0x51, 0x01, 0x00, 0x01, 0x00, 0x00, 0x00, 0x00, 0x00, 0x00, 0x00, 0xe2, 0x00, 0x00, 0x00, \
  0x08, 0x00, 0x00, 0x00, 0x16, 0x00, 0x00, 0x00, 0x00, 0x00, 0x00, 0x00, 0x01, 0x00, 0x90, 0xf3, \
  0x01, 0x00, 0x00, 0x00, 0x01, 0x00, 0x00, 0x00, 0x04, 0x06, 0xa3, 0x14, 0xe5, 0x73, 0x00, 0x00, \
  0x16, 0x00, 0x00, 0x00, 0x01, 0x00, 0x00, 0x00, 0x01, 0x00, 0x90, 0xf3, 0x01, 0x00, 0x00, 0x00, \
  0x01, 0x00, 0x00, 0x00, 0x04, 0x06, 0x8e, 0x95, 0xbd, 0x42, 0x00, 0x00, 0x16, 0x00, 0x00, 0x00, \
  0x02, 0x00, 0x00, 0x00, 0x01, 0x00, 0x90, 0xf3, 0x01, 0x00, 0x00, 0x00, 0x01, 0x00, 0x00, 0x00, \
  0x04, 0x03, 0xd0, 0x39, 0x53, 0x55, 0x00, 0x00, 0x16, 0x00, 0x00, 0x00, 0x03, 0x00, 0x00, 0x00, \
  0x01, 0x00, 0x90, 0xf3, 0x01, 0x00, 0x00, 0x00, 0x01, 0x00, 0x00, 0x00, 0x04, 0x0a, 0x76, 0x94, \
  0xf4, 0xa6, 0x00, 0x00, 0x16, 0x00, 0x00, 0x00, 0x04, 0x00, 0x00, 0x00, 0x01, 0x00, 0x90, 0xf3, \
  0x01, 0x00, 0x00, 0x00, 0x01, 0x00, 0x00, 0x00, 0x04, 0x0a, 0xbc, 0xd5, 0x93, 0x7d, 0x00, 0x00, \
  0x16, 0x00, 0x00, 0x00, 0x05, 0x00, 0x00, 0x00, 0x01, 0x00, 0x90, 0xf3, 0x01, 0x00, 0x00, 0x00, \
  0x01, 0x00, 0x00, 0x00, 0x04, 0x0a, 0xb4, 0xd6, 0x63, 0x75, 0x00, 0x00, 0x16, 0x00, 0x00, 0x00, \
  0x06, 0x00, 0x00, 0x00, 0x01, 0x00, 0x90, 0xf3, 0x01, 0x00, 0x00, 0x00, 0x01, 0x00, 0x00, 0x00, \
  0x04, 0x0a, 0x47, 0xbc, 0xdc, 0xd7, 0x00, 0x00, 0x16, 0x00, 0x00, 0x00, 0x07, 0x00, 0x00, 0x00, \
  0x01, 0x00, 0x90, 0xf3, 0x01, 0x00, 0x00, 0x00, 0x01, 0x00, 0x00, 0x00, 0x04, 0x0a, 0x2b, 0xc4, \
  0xcd, 0x23, 0xf1, 0xbd, 0x37, 0x60, 0xfb, 0x3d, 0xf5, 0x9a, 0x03, 0x51, 0x83, 0xe4, 0x07, 0x24, \
  0xf3, 0x00, 0x00, 0x00, 0x31, 0x00, 0x00, 0x00, 0xf1, 0x51, 0x01, 0x00, 0x01, 0x00, 0x00, 0x00, \
  0x00, 0x00, 0x00, 0x00, 0x21, 0x00, 0x00, 0x00, 0x01, 0x00, 0x00, 0x00, 0x19, 0x00, 0x00, 0x00, \
  0x00, 0x00, 0x00, 0x00, 0x01, 0x00, 0xf1, 0x73, 0x0d, 0xbe, 0x18, 0x9f, 0x03, 0x4d, 0x7e, 0x4f, \
  0xb9, 0x22, 0x8d, 0x56, 0xa5, 0xdc, 0x8a, 0x37, 0x5d, 0xf1, 0x73, 0x0d, 0xbe, 0x18, 0x9f, 0x03, \
  0x4d, 0x7e, 0x4f, 0xb9, 0x22, 0x8d, 0x56, 0xa5, 0xf2, 0x00, 0x00, 0x00, 0xf1, 0x51, 0x01, 0x00, \
  0x01, 0x00, 0x00, 0x00, 0x00, 0x00, 0x00, 0x00, 0xe2, 0x00, 0x00, 0x00, 0x08, 0x00, 0x00, 0x00, \
  0x16, 0x00, 0x00, 0x00, 0x00, 0x00, 0x00, 0x00, 0x01, 0x00, 0x90, 0xf3, 0x01, 0x00, 0x00, 0x00, \
  0x01, 0x00, 0x00, 0x00, 0x02, 0x06, 0xa3, 0x14, 0xe5, 0x73, 0x00, 0x00, 0x16, 0x00, 0x00, 0x00, \
  0x01, 0x00, 0x00, 0x00, 0x01, 0x00, 0x90, 0xf3, 0x01, 0x00, 0x00, 0x00, 0x01, 0x00, 0x00, 0x00, \
  0x02, 0x06, 0x8e, 0x95, 0xbd, 0x42, 0x00, 0x00, 0x16, 0x00, 0x00, 0x00, 0x02, 0x00, 0x00, 0x00, \
  0x01, 0x00, 0x90, 0xf3, 0x01, 0x00, 0x00, 0x00, 0x01, 0x00, 0x00, 0x00, 0x02, 0x03, 0xd0, 0x39, \
  0x53, 0x55, 0x00, 0x00, 0x16, 0x00, 0x00, 0x00, 0x03, 0x00, 0x00, 0x00, 0x01, 0x00, 0x90, 0xf3, \
  0x01, 0x00, 0x00, 0x00, 0x01, 0x00, 0x00, 0x00, 0x02, 0x0a, 0x76, 0x94, 0xf4, 0xa6, 0x00, 0x00, \
  0x16, 0x00, 0x00, 0x00, 0x04, 0x00, 0x00, 0x00, 0x01, 0x00, 0x90, 0xf3, 0x01, 0x00, 0x00, 0x00, \
  0x01, 0x00, 0x00, 0x00, 0x02, 0x0a, 0xbc, 0xd5, 0x93, 0x7d, 0x00, 0x00, 0x16, 0x00, 0x00, 0x00, \
  0x05, 0x00, 0x00, 0x00, 0x01, 0x00, 0x90, 0xf3, 0x01, 0x00, 0x00, 0x00, 0x01, 0x00, 0x00, 0x00, \
  0x02, 0x0a, 0xb4, 0xd6, 0x63, 0x75, 0x00, 0x00, 0x16, 0x00, 0x00, 0x00, 0x06, 0x00, 0x00, 0x00, \
  0x01, 0x00, 0x90, 0xf3, 0x01, 0x00, 0x00, 0x00, 0x01, 0x00, 0x00, 0x00, 0x02, 0x0a, 0x47, 0xbc, \
  0xdc, 0xd7, 0x00, 0x00, 0x16, 0x00, 0x00, 0x00, 0x07, 0x00, 0x00, 0x00, 0x01, 0x00, 0x90, 0xf3, \
  0x01, 0x00, 0x00, 0x00, 0x01, 0x00, 0x00, 0x00, 0x02, 0x0a, 0x2b, 0xc4, 0xcd, 0x23, 0xf1, 0xbd, \
  0x37, 0x60, 0xfb, 0x3d, 0xf5, 0x9a, 0x03, 0x51, 0x83, 0xe4, 0x07, 0x24, 0xf3, 0x00, 0x00, 0x00, \
  0x31, 0x00, 0x00, 0x00, 0xf1, 0x51, 0x01, 0x00, 0x01, 0x00, 0x00, 0x00, 0x00, 0x00, 0x00, 0x00, \
  0x21, 0x00, 0x00, 0x00, 0x01, 0x00, 0x00, 0x00, 0x19, 0x00, 0x00, 0x00, 0x00, 0x00, 0x00, 0x00, \
  0x01, 0x00, 0xf1, 0x73, 0x0d, 0xbe, 0x18, 0x9f, 0x03, 0x4d, 0x7e, 0x4f, 0xb9, 0x22, 0x8d, 0x56, \
  0xa5, 0xdc, 0x8a, 0x37, 0x5d, 0xf1, 0xe8, 0x91, 0x77, 0xe6, 0x70, 0x51, 0x50, 0xaf, 0x3b, 0x9d, \
  0x34, 0x6f, 0x0f, 0xf5, 0xc6, 0x00, 0x00, 0x00, 0xf1, 0x40, 0x01, 0x00, 0x02, 0x00, 0x00, 0x00, \
  0x20, 0x00, 0x00, 0x00, 0xb6, 0x00, 0x00, 0x00, 0x09, 0x00, 0x00, 0x00, 0x0e, 0x00, 0x00, 0x00, \
  0x06, 0x00, 0x00, 0x00, 0x00, 0x00, 0x00, 0x00, 0x00, 0x00, 0xe0, 0xaa, 0x02, 0x1e, 0x00, 0x00, \
  0x0e, 0x00, 0x00, 0x00, 0x06, 0x00, 0x00, 0x00, 0x01, 0x00, 0x00, 0x00, 0x00, 0x00, 0xee, 0x42, \
  0xb8, 0x12, 0x00, 0x00, 0x0e, 0x00, 0x00, 0x00, 0x06, 0x00, 0x00, 0x00, 0x02, 0x00, 0x00, 0x00, \
  0x00, 0x00, 0x14, 0xad, 0xda, 0x13, 0x00, 0x00, 0x0e, 0x00, 0x00, 0x00, 0x06, 0x00, 0x00, 0x00, \
  0x03, 0x00, 0x00, 0x00, 0x00, 0x00, 0xd3, 0x40, 0x90, 0xc4, 0x00, 0x00, 0x0e, 0x00, 0x00, 0x00, \
  0x06, 0x00, 0x00, 0x00, 0x04, 0x00, 0x00, 0x00, 0x00, 0x00, 0xd3, 0x64, 0x0d, 0x53, 0x00, 0x00, \
  0x0e, 0x00, 0x00, 0x00, 0x06, 0x00, 0x00, 0x00, 0x05, 0x00, 0x00, 0x00, 0x00, 0x00, 0x3f, 0xcc, \
  0x91, 0xee, 0x00, 0x00, 0x0e, 0x00, 0x00, 0x00, 0x06, 0x00, 0x00, 0x00, 0x06, 0x00, 0x00, 0x00, \
  0x00, 0x00, 0xe2, 0x23, 0xba, 0xd1, 0x00, 0x00, 0x0e, 0x00, 0x00, 0x00, 0x06, 0x00, 0x00, 0x00, \
  0x07, 0x00, 0x00, 0x00, 0x00, 0x00, 0x96, 0xe1, 0x88, 0x8e, 0x00, 0x00, 0x0e, 0x00, 0x00, 0x00, \
  0x06, 0x00, 0x00, 0x00, 0x08, 0x00, 0x00, 0x00, 0x00, 0x00, 0x60, 0x62, 0xda, 0x23, 0xf1, 0xd3, \
  0xc1, 0xf2, 0x8b, 0xdf, 0x7a, 0x0a, 0x6a, 0xe7, 0xa2, 0xa2, 0xcc, 0xc5, 0xef, 0x00, 0x00, 0x00, \
  0x76, 0x00, 0x00, 0x00, 0xf1, 0x40, 0x01, 0x00, 0x02, 0x00, 0x00, 0x00, 0x20, 0x00, 0x00, 0x00, \
  0x66, 0x00, 0x00, 0x00, 0x05, 0x00, 0x00, 0x00, 0x0e, 0x00, 0x00, 0x00, 0x06, 0x00, 0x00, 0x00, \
  0x00, 0x00, 0x00, 0x00, 0x00, 0x00, 0xee, 0x61, 0x79, 0x79, 0x00, 0x00, 0x0e, 0x00, 0x00, 0x00, \
  0x06, 0x00, 0x00, 0x00, 0x01, 0x00, 0x00, 0x00, 0x00, 0x00, 0xfa, 0xb3, 0x93, 0x68, 0x00, 0x00, \
  0x0e, 0x00, 0x00, 0x00, 0x06, 0x00, 0x00, 0x00, 0x02, 0x00, 0x00, 0x00, 0x00, 0x00, 0xe7, 0xfa, \
  0x56, 0xe5, 0x00, 0x00, 0x0e, 0x00, 0x00, 0x00, 0x06, 0x00, 0x00, 0x00, 0x03, 0x00, 0x00, 0x00, \
  0x00, 0x00, 0x61, 0xf9, 0x9d, 0x64, 0x00, 0x00, 0x0e, 0x00, 0x00, 0x00, 0x06, 0x00, 0x00, 0x00, \
  0x04, 0x00, 0x00, 0x00, 0x00, 0x00, 0x34, 0x1b, 0x8a, 0x8f, 0xf1, 0x49, 0xef, 0x76, 0xf7, 0xa3, \
  0x92, 0xf3, 0xc1, 0xf0, 0x67, 0xdb, 0x1b, 0xb6, 0x8f, 0x00, 0x00, 0x00, 0xee, 0x00, 0x00, 0x00, \
  0xf1, 0x40, 0x01, 0x00, 0x02, 0x00, 0x00, 0x00, 0x20, 0x00, 0x00, 0x00, 0xde, 0x00, 0x00, 0x00, \
  0x0b, 0x00, 0x00, 0x00, 0x0e, 0x00, 0x00, 0x00, 0x06, 0x00, 0x00, 0x00, 0x00, 0x00, 0x00, 0x00, \
  0x00, 0x00, 0x8a, 0x17, 0x14, 0xa8, 0x00, 0x00, 0x0e, 0x00, 0x00, 0x00, 0x06, 0x00, 0x00, 0x00, \
  0x01, 0x00, 0x00, 0x00, 0x00, 0x00, 0xf5, 0x13, 0x7a, 0x02, 0x00, 0x00, 0x0e, 0x00, 0x00, 0x00, \
  0x06, 0x00, 0x00, 0x00, 0x02, 0x00, 0x00, 0x00, 0x00, 0x00, 0x99, 0x06, 0xcf, 0xd5, 0x00, 0x00, \
  0x0e, 0x00, 0x00, 0x00, 0x06, 0x00, 0x00, 0x00, 0x03, 0x00, 0x00, 0x00, 0x00, 0x00, 0xe8, 0x0d, \
  0x27, 0x60, 0x00, 0x00, 0x0e, 0x00, 0x00, 0x00, 0x06, 0x00, 0x00, 0x00, 0x04, 0x00, 0x00, 0x00, \
  0x00, 0x00, 0xb9, 0x48, 0xdf, 0xc1, 0x00, 0x00, 0x0e, 0x00, 0x00, 0x00, 0x06, 0x00, 0x00, 0x00, \
  0x05, 0x00, 0x00, 0x00, 0x00, 0x00, 0x25, 0xb5, 0x5c, 0xe9, 0x00, 0x00, 0x0e, 0x00, 0x00, 0x00, \
  0x06, 0x00, 0x00, 0x00, 0x06, 0x00, 0x00, 0x00, 0x00, 0x00, 0xa7, 0xcd, 0x8f, 0xc7, 0x00, 0x00, \
  0x0e, 0x00, 0x00, 0x00, 0x06, 0x00, 0x00, 0x00, 0x07, 0x00, 0x00, 0x00, 0x00, 0x00, 0xd0, 0xc5, \
  0x00, 0x09, 0x00, 0x00, 0x0e, 0x00, 0x00, 0x00, 0x06, 0x00, 0x00, 0x00, 0x08, 0x00, 0x00, 0x00, \
  0x00, 0x00, 0xc9, 0x5f, 0xa6, 0x57, 0x00, 0x00, 0x0e, 0x00, 0x00, 0x00, 0x06, 0x00, 0x00, 0x00, \
  0x09, 0x00, 0x00, 0x00, 0x00, 0x00, 0x9a, 0x10, 0xe0, 0x9e, 0x00, 0x00, 0x0e, 0x00, 0x00, 0x00, \
  0x06, 0x00, 0x00, 0x00, 0x0a, 0x00, 0x00, 0x00, 0x00, 0x00, 0x92, 0xb6, 0xac, 0x65, 0xf1, 0x77, \
  0xa3, 0x0e, 0x08, 0x06, 0xba, 0x2f, 0xcf, 0x9b, 0x10, 0xe3, 0x57, 0x98, 0x8e, 0x00, 0x00, 0x00, \
  0x76, 0x00, 0x00, 0x00, 0xf1, 0x40, 0x01, 0x00, 0x02, 0x00, 0x00, 0x00, 0x20, 0x00, 0x00, 0x00, \
  0x66, 0x00, 0x00, 0x00, 0x05, 0x00, 0x00, 0x00, 0x0e, 0x00, 0x00, 0x00, 0x06, 0x00, 0x00, 0x00, \
  0x00, 0x00, 0x00, 0x00, 0x00, 0x00, 0x9a, 0x4e, 0xb7, 0x5a, 0x00, 0x00, 0x0e, 0x00, 0x00, 0x00, \
  0x06, 0x00, 0x00, 0x00, 0x01, 0x00, 0x00, 0x00, 0x00, 0x00, 0x6f, 0x61, 0x19, 0xc0, 0x00, 0x00, \
  0x0e, 0x00, 0x00, 0x00, 0x06, 0x00, 0x00, 0x00, 0x02, 0x00, 0x00, 0x00, 0x00, 0x00, 0x57, 0xbd, \
  0x88, 0x3c, 0x00, 0x00, 0x0e, 0x00, 0x00, 0x00, 0x06, 0x00, 0x00, 0x00, 0x03, 0x00, 0x00, 0x00, \
  0x00, 0x00, 0x3c, 0xc9, 0x6a, 0x36, 0x00, 0x00, 0x0e, 0x00, 0x00, 0x00, 0x06, 0x00, 0x00, 0x00, \
  0x04, 0x00, 0x00, 0x00, 0x00, 0x00, 0x04, 0x78, 0x7f, 0x21, 0x00, 0x00, 0xcb, 0x10, 0x00, 0x00, \
  0x0d, 0x00, 0x00, 0x00, 0xf2, 0x8a, 0x6d, 0x6e, 0x73, 0xb3, 0x05, 0x18, 0x76, 0x7b, 0x9b, 0xc5, \
  0xd5, 0xdf, 0x76, 0x00, 0x53, 0x02, 0x00, 0x00, 0xf2, 0x51, 0x01, 0x00, 0x2a, 0x00, 0x00, 0x00, \
  0x00, 0x00, 0x00, 0x00, 0x22, 0x00, 0x00, 0x00, 0x7a, 0x64, 0x6c, 0x3a, 0x3a, 0x6d, 0x73, 0x67, \
  0x3a, 0x3a, 0x64, 0x64, 0x73, 0x5f, 0x3a, 0x3a, 0x73, 0x74, 0x61, 0x74, 0x65, 0x3a, 0x3a, 0x52, \
  0x6f, 0x62, 0x6f, 0x74, 0x53, 0x74, 0x61, 0x74, 0x65, 0x00, 0x00, 0x00, 0x1b, 0x02, 0x00, 0x00, \
  0x0c, 0x00, 0x00, 0x00, 0x27, 0x00, 0x00, 0x00, 0x00, 0x00, 0x00, 0x00, 0x01, 0x00, 0xf2, 0x85, \
  0xef, 0xa5, 0x62, 0x13, 0xc1, 0xaa, 0x7b, 0x3d, 0xf2, 0xb2, 0xe5, 0x25, 0x8b, 0x00, 0x00, 0x00, \
  0x09, 0x00, 0x00, 0x00, 0x6c, 0x65, 0x66, 0x74, 0x5f, 0x61, 0x72, 0x6d, 0x00, 0x00, 0x00, 0x00, \
  0x28, 0x00, 0x00, 0x00, 0x01, 0x00, 0x00, 0x00, 0x01, 0x00, 0xf2, 0x85, 0xef, 0xa5, 0x62, 0x13, \
  0xc1, 0xaa, 0x7b, 0x3d, 0xf2, 0xb2, 0xe5, 0x25, 0x8b, 0x00, 0x00, 0x00, 0x0a, 0x00, 0x00, 0x00, \
  0x72, 0x69, 0x67, 0x68, 0x74, 0x5f, 0x61, 0x72, 0x6d, 0x00, 0x00, 0x00, 0x28, 0x00, 0x00, 0x00, \
  0x02, 0x00, 0x00, 0x00, 0x01, 0x00, 0xf2, 0xd6, 0xda, 0xeb, 0x87, 0x48, 0xed, 0x0e, 0x85, 0x91, \
  0xf5, 0x28, 0x7b, 0x6a, 0x89, 0x00, 0x00, 0x00, 0x0a, 0x00, 0x00, 0x00, 0x6c, 0x65, 0x66, 0x74, \
  0x5f, 0x68, 0x61, 0x6e, 0x64, 0x00, 0x00, 0x00, 0x29, 0x00, 0x00, 0x00, 0x03, 0x00, 0x00, 0x00, \
  0x01, 0x00, 0xf2, 0xd6, 0xda, 0xeb, 0x87, 0x48, 0xed, 0x0e, 0x85, 0x91, 0xf5, 0x28, 0x7b, 0x6a, \
  0x89, 0x00, 0x00, 0x00, 0x0b, 0x00, 0x00, 0x00, 0x72, 0x69, 0x67, 0x68, 0x74, 0x5f, 0x68, 0x61, \
  0x6e, 0x64, 0x00, 0x00, 0x00, 0x00, 0x00, 0x00, 0x2b, 0x00, 0x00, 0x00, 0x04, 0x00, 0x00, 0x00, \
  0x01, 0x00, 0xf2, 0x11, 0x45, 0xd7, 0x48, 0x71, 0x94, 0x45, 0xa6, 0xf2, 0xbb, 0x82, 0xfd, 0xd7, \
  0x38, 0x00, 0x00, 0x00, 0x0d, 0x00, 0x00, 0x00, 0x66, 0x6f, 0x6c, 0x64, 0x65, 0x64, 0x5f, 0x77, \
  0x61, 0x69, 0x73, 0x74, 0x00, 0x00, 0x00, 0x00, 0x24, 0x00, 0x00, 0x00, 0x05, 0x00, 0x00, 0x00, \
  0x01, 0x00, 0xf2, 0x5b, 0xbb, 0xfd, 0x05, 0x7c, 0xcd, 0x3f, 0xe8, 0xc5, 0x55, 0x38, 0xe3, 0x90, \
  0xc5, 0x00, 0x00, 0x00, 0x06, 0x00, 0x00, 0x00, 0x77, 0x68, 0x65, 0x65, 0x6c, 0x00, 0x00, 0x00, \
  0x23, 0x00, 0x00, 0x00, 0x06, 0x00, 0x00, 0x00, 0x01, 0x00, 0xf2, 0x63, 0x3a, 0xc5, 0x82, 0xad, \
  0x46, 0x6e, 0x6c, 0x02, 0x7e, 0x1e, 0xb8, 0x93, 0xc8, 0x00, 0x00, 0x00, 0x05, 0x00, 0x00, 0x00, \
  0x68, 0x65, 0x61, 0x64, 0x00, 0x00, 0x00, 0x00, 0x2d, 0x00, 0x00, 0x00, 0x07, 0x00, 0x00, 0x00, \
  0x01, 0x00, 0xf2, 0x6d, 0xb3, 0xe3, 0x2a, 0x0d, 0xc2, 0x63, 0x0e, 0xdf, 0x04, 0x73, 0xce, 0x8a, \
  0xab, 0x00, 0x00, 0x00, 0x0f, 0x00, 0x00, 0x00, 0x63, 0x75, 0x72, 0x72, 0x65, 0x6e, 0x74, 0x5f, \
  0x65, 0x72, 0x72, 0x6f, 0x72, 0x73, 0x00, 0x00, 0x00, 0x00, 0x00, 0x00, 0x2b, 0x00, 0x00, 0x00, \
  0x08, 0x00, 0x00, 0x00, 0x01, 0x00, 0xf2, 0xa7, 0xfd, 0x90, 0x98, 0x8c, 0xb6, 0x2f, 0x38, 0x82, \
  0xd5, 0xe0, 0x74, 0x54, 0xf2, 0x00, 0x00, 0x00, 0x0d, 0x00, 0x00, 0x00, 0x63, 0x75, 0x72, 0x72, \
  0x65, 0x6e, 0x74, 0x5f, 0x6d, 0x6f, 0x64, 0x65, 0x00, 0x00, 0x00, 0x00, 0x2e, 0x00, 0x00, 0x00, \
  0x09, 0x00, 0x00, 0x00, 0x01, 0x00, 0xf2, 0x49, 0xfb, 0x3c, 0xd9, 0xdf, 0x2f, 0x34, 0xcf, 0x2c, \
  0x95, 0x3d, 0x66, 0xcf, 0x81, 0x00, 0x00, 0x00, 0x10, 0x00, 0x00, 0x00, 0x63, 0x75, 0x72, 0x72, \
  0x65, 0x6e, 0x74, 0x5f, 0x6d, 0x69, 0x73, 0x73, 0x69, 0x6f, 0x6e, 0x00, 0x00, 0x00, 0x00, 0x00, \
  0x2f, 0x00, 0x00, 0x00, 0x0a, 0x00, 0x00, 0x00, 0x01, 0x00, 0xf2, 0x24, 0x09, 0x33, 0xae, 0x26, \
  0xf8, 0x6a, 0x5e, 0xd5, 0x25, 0x54, 0xbf, 0xd5, 0x29, 0x00, 0x00, 0x00, 0x11, 0x00, 0x00, 0x00, \
  0x63, 0x75, 0x72, 0x72, 0x65, 0x6e, 0x74, 0x5f, 0x61, 0x72, 0x6d, 0x5f, 0x6d, 0x6f, 0x64, 0x65, \
  0x00, 0x00, 0x00, 0x00, 0x13, 0x00, 0x00, 0x00, 0x0b, 0x00, 0x00, 0x00, 0x01, 0x00, 0x0a, 0x00, \
  0x05, 0x00, 0x00, 0x00, 0x74, 0x69, 0x6d, 0x65, 0x00, 0x00, 0x00, 0xf2, 0x85, 0xef, 0xa5, 0x62, \
  0x13, 0xc1, 0xaa, 0x7b, 0x3d, 0xf2, 0xb2, 0xe5, 0x25, 0x8b, 0x00, 0x00, 0x42, 0x02, 0x00, 0x00, \
  0xf2, 0x51, 0x01, 0x00, 0x28, 0x00, 0x00, 0x00, 0x00, 0x00, 0x00, 0x00, 0x20, 0x00, 0x00, 0x00, \
  0x7a, 0x64, 0x6c, 0x3a, 0x3a, 0x6d, 0x73, 0x67, 0x3a, 0x3a, 0x64, 0x64, 0x73, 0x5f, 0x3a, 0x3a, \
  0x73, 0x74, 0x61, 0x74, 0x65, 0x3a, 0x3a, 0x41, 0x72, 0x6d, 0x53, 0x74, 0x61, 0x74, 0x65, 0x00, \
  0x0e, 0x02, 0x00, 0x00, 0x0d, 0x00, 0x00, 0x00, 0x2a, 0x00, 0x00, 0x00, 0x00, 0x00, 0x00, 0x00, \
  0x01, 0x00, 0xf2, 0xf5, 0xdf, 0xad, 0x19, 0x10, 0xcb, 0xda, 0xa6, 0x6b, 0x5e, 0xc6, 0x6a, 0x58, \
  0xbc, 0x00, 0x00, 0x00, 0x0c, 0x00, 0x00, 0x00, 0x6a, 0x6f, 0x69, 0x6e, 0x74, 0x5f, 0x73, 0x74, \
  0x61, 0x74, 0x65, 0x00, 0x00, 0x00, 0x00, 0x00, 0x1f, 0x00, 0x00, 0x00, 0x01, 0x00, 0x00, 0x00, \
  0x01, 0x00, 0x90, 0xf3, 0x01, 0x00, 0x00, 0x00, 0x01, 0x00, 0x00, 0x00, 0x07, 0x0a, 0x00, 0x00, \
  0x05, 0x00, 0x00, 0x00, 0x64, 0x71, 0x5f, 0x64, 0x00, 0x00, 0x00, 0x00, 0x21, 0x00, 0x00, 0x00, \
  0x02, 0x00, 0x00, 0x00, 0x01, 0x00, 0x90, 0xf3, 0x01, 0x00, 0x00, 0x00, 0x01, 0x00, 0x00, 0x00, \
  0x07, 0x0a, 0x00, 0x00, 0x07, 0x00, 0x00, 0x00, 0x74, 0x61, 0x75, 0x5f, 0x4a, 0x73, 0x00, 0x00, \
  0x00, 0x00, 0x00, 0x00, 0x22, 0x00, 0x00, 0x00, 0x03, 0x00, 0x00, 0x00, 0x01, 0x00, 0x90, 0xf3, \
  0x01, 0x00, 0x00, 0x00, 0x01, 0x00, 0x00, 0x00, 0x07, 0x0a, 0x00, 0x00, 0x08, 0x00, 0x00, 0x00, \
  0x74, 0x61, 0x75, 0x5f, 0x4a, 0x5f, 0x64, 0x00, 0x00, 0x00, 0x00, 0x00, 0x21, 0x00, 0x00, 0x00, \
  0x04, 0x00, 0x00, 0x00, 0x01, 0x00, 0x90, 0xf3, 0x01, 0x00, 0x00, 0x00, 0x01, 0x00, 0x00, 0x00, \
  0x10, 0x0a, 0x00, 0x00, 0x07, 0x00, 0x00, 0x00, 0x4f, 0x5f, 0x54, 0x5f, 0x45, 0x45, 0x00, 0x00, \
  0x00, 0x00, 0x00, 0x00, 0x23, 0x00, 0x00, 0x00, 0x05, 0x00, 0x00, 0x00, 0x01, 0x00, 0x90, 0xf3, \
  0x01, 0x00, 0x00, 0x00, 0x01, 0x00, 0x00, 0x00, 0x10, 0x0a, 0x00, 0x00, 0x09, 0x00, 0x00, 0x00, \
  0x4f, 0x5f, 0x54, 0x5f, 0x45, 0x45, 0x5f, 0x64, 0x00, 0x00, 0x00, 0x00, 0x16, 0x00, 0x00, 0x00, \
  0x06, 0x00, 0x00, 0x00, 0x01, 0x00, 0x0a, 0x00, 0x08, 0x00, 0x00, 0x00, 0x6d, 0x5f, 0x74, 0x6f, \
  0x74, 0x61, 0x6c, 0x00, 0x00, 0x00, 0x00, 0x00, 0x22, 0x00, 0x00, 0x00, 0x07, 0x00, 0x00, 0x00, \
  0x01, 0x00, 0x90, 0xf3, 0x01, 0x00, 0x00, 0x00, 0x01, 0x00, 0x00, 0x00, 0x09, 0x0a, 0x00, 0x00, \
  0x08, 0x00, 0x00, 0x00, 0x49, 0x5f, 0x74, 0x6f, 0x74, 0x61, 0x6c, 0x00, 0x00, 0x00, 0x00, 0x00, \
  0x25, 0x00, 0x00, 0x00, 0x08, 0x00, 0x00, 0x00, 0x01, 0x00, 0x90, 0xf3, 0x01, 0x00, 0x00, 0x00, \
  0x01, 0x00, 0x00, 0x00, 0x03, 0x0a, 0x00, 0x00, 0x0b, 0x00, 0x00, 0x00, 0x46, 0x5f, 0x78, 0x5f, \
  0x43, 0x74, 0x6f, 0x74, 0x61, 0x6c, 0x00, 0x00, 0x00, 0x00, 0x00, 0x00, 0x28, 0x00, 0x00, 0x00, \
  0x09, 0x00, 0x00, 0x00, 0x01, 0x00, 0x90, 0xf3, 0x01, 0x00, 0x00, 0x00, 0x01, 0x00, 0x00, 0x00, \
  0x07, 0x0a, 0x00, 0x00, 0x0e, 0x00, 0x00, 0x00, 0x6a, 0x6f, 0x69, 0x6e, 0x74, 0x5f, 0x6b, 0x5f, \
  0x67, 0x61, 0x69, 0x6e, 0x73, 0x00, 0x00, 0x00, 0x28, 0x00, 0x00, 0x00, 0x0a, 0x00, 0x00, 0x00, \
  0x01, 0x00, 0x90, 0xf3, 0x01, 0x00, 0x00, 0x00, 0x01, 0x00, 0x00, 0x00, 0x07, 0x0a, 0x00, 0x00, \
  0x0e, 0x00, 0x00, 0x00, 0x6a, 0x6f, 0x69, 0x6e, 0x74, 0x5f, 0x64, 0x5f, 0x67, 0x61, 0x69, 0x6e, \
  0x73, 0x00, 0x00, 0x00, 0x24, 0x00, 0x00, 0x00, 0x0b, 0x00, 0x00, 0x00, 0x01, 0x00, 0x90, 0xf3, \
  0x01, 0x00, 0x00, 0x00, 0x01, 0x00, 0x00, 0x00, 0x06, 0x0a, 0x00, 0x00, 0x0a, 0x00, 0x00, 0x00, \
  0x73, 0x74, 0x69, 0x66, 0x66, 0x6e, 0x65, 0x73, 0x73, 0x00, 0x00, 0x00, 0x22, 0x00, 0x00, 0x00, \
  0x0c, 0x00, 0x00, 0x00, 0x01, 0x00, 0x90, 0xf3, 0x01, 0x00, 0x00, 0x00, 0x01, 0x00, 0x00, 0x00, \
  0x06, 0x0a, 0x00, 0x00, 0x08, 0x00, 0x00, 0x00, 0x64, 0x61, 0x6d, 0x70, 0x69, 0x6e, 0x67, 0x00, \
  0x00, 0x00, 0xf2, 0xf5, 0xdf, 0xad, 0x19, 0x10, 0xcb, 0xda, 0xa6, 0x6b, 0x5e, 0xc6, 0x6a, 0x58, \
  0xbc, 0x00, 0x00, 0x00, 0x74, 0x01, 0x00, 0x00, 0xf2, 0x51, 0x01, 0x00, 0x2b, 0x00, 0x00, 0x00, \
  0x00, 0x00, 0x00, 0x00, 0x23, 0x00, 0x00, 0x00, 0x7a, 0x64, 0x6c, 0x3a, 0x3a, 0x6d, 0x73, 0x67, \
  0x3a, 0x3a, 0x64, 0x64, 0x73, 0x5f, 0x3a, 0x3a, 0x73, 0x74, 0x61, 0x74, 0x65, 0x3a, 0x3a, 0x4a, \
  0x6f, 0x69, 0x6e, 0x74, 0x53, 0x74, 0x61, 0x74, 0x65, 0x37, 0x00, 0x00, 0x3c, 0x01, 0x00, 0x00, \
  0x08, 0x00, 0x00, 0x00, 0x26, 0x00, 0x00, 0x00, 0x00, 0x00, 0x00, 0x00, 0x01, 0x00, 0x90, 0xf3, \
  0x01, 0x00, 0x00, 0x00, 0x01, 0x00, 0x00, 0x00, 0x07, 0x06, 0x00, 0x00, 0x0c, 0x00, 0x00, 0x00, \
  0x73, 0x74, 0x61, 0x74, 0x75, 0x73, 0x5f, 0x77, 0x6f, 0x72, 0x64, 0x00, 0x00, 0x00, 0x00, 0x00, \
  0x25, 0x00, 0x00, 0x00, 0x01, 0x00, 0x00, 0x00, 0x01, 0x00, 0x90, 0xf3, 0x01, 0x00, 0x00, 0x00, \
  0x01, 0x00, 0x00, 0x00, 0x07, 0x06, 0x00, 0x00, 0x0b, 0x00, 0x00, 0x00, 0x65, 0x72, 0x72, 0x6f, \
  0x72, 0x5f, 0x63, 0x6f, 0x64, 0x65, 0x00, 0x00, 0x00, 0x00, 0x00, 0x00, 0x2c, 0x00, 0x00, 0x00, \
  0x02, 0x00, 0x00, 0x00, 0x01, 0x00, 0x90, 0xf3, 0x01, 0x00, 0x00, 0x00, 0x01, 0x00, 0x00, 0x00, \
  0x07, 0x03, 0x00, 0x00, 0x12, 0x00, 0x00, 0x00, 0x6d, 0x6f, 0x64, 0x65, 0x5f, 0x6f, 0x66, 0x5f, \
  0x6f, 0x70, 0x65, 0x72, 0x61, 0x74, 0x69, 0x6f, 0x6e, 0x00, 0x00, 0x00, 0x1c, 0x00, 0x00, 0x00, \
  0x03, 0x00, 0x00, 0x00, 0x01, 0x00, 0x90, 0xf3, 0x01, 0x00, 0x00, 0x00, 0x01, 0x00, 0x00, 0x00, \
  0x07, 0x0a, 0x00, 0x00, 0x02, 0x00, 0x00, 0x00, 0x71, 0x00, 0x00, 0x00, 0x1e, 0x00, 0x00, 0x00, \
  0x04, 0x00, 0x00, 0x00, 0x01, 0x00, 0x90, 0xf3, 0x01, 0x00, 0x00, 0x00, 0x01, 0x00, 0x00, 0x00, \
  0x07, 0x0a, 0x00, 0x00, 0x04, 0x00, 0x00, 0x00, 0x71, 0x5f, 0x64, 0x00, 0x00, 0x00, 0x00, 0x00, \
  0x1e, 0x00, 0x00, 0x00, 0x05, 0x00, 0x00, 0x00, 0x01, 0x00, 0x90, 0xf3, 0x01, 0x00, 0x00, 0x00, \
  0x01, 0x00, 0x00, 0x00, 0x07, 0x0a, 0x00, 0x00, 0x04, 0x00, 0x00, 0x00, 0x71, 0x5f, 0x65, 0x00, \
  0x00, 0x00, 0x00, 0x00, 0x1d, 0x00, 0x00, 0x00, 0x06, 0x00, 0x00, 0x00, 0x01, 0x00, 0x90, 0xf3, \
  0x01, 0x00, 0x00, 0x00, 0x01, 0x00, 0x00, 0x00, 0x07, 0x0a, 0x00, 0x00, 0x03, 0x00, 0x00, 0x00, \
  0x64, 0x71, 0x00, 0x00, 0x00, 0x00, 0x00, 0x00, 0x20, 0x00, 0x00, 0x00, 0x07, 0x00, 0x00, 0x00, \
  0x01, 0x00, 0x90, 0xf3, 0x01, 0x00, 0x00, 0x00, 0x01, 0x00, 0x00, 0x00, 0x07, 0x0a, 0x00, 0x00, \
  0x06, 0x00, 0x00, 0x00, 0x74, 0x61, 0x75, 0x5f, 0x4a, 0x00, 0x00, 0x00, 0xf2, 0xd6, 0xda, 0xeb, \
  0x87, 0x48, 0xed, 0x0e, 0x85, 0x91, 0xf5, 0x28, 0x7b, 0x6a, 0x89, 0x00, 0x6a, 0x00, 0x00, 0x00, \
  0xf2, 0x51, 0x01, 0x00, 0x29, 0x00, 0x00, 0x00, 0x00, 0x00, 0x00, 0x00, 0x21, 0x00, 0x00, 0x00, \
  0x7a, 0x64, 0x6c, 0x3a, 0x3a, 0x6d, 0x73, 0x67, 0x3a, 0x3a, 0x64, 0x64, 0x73, 0x5f, 0x3a, 0x3a, \
  0x73, 0x74, 0x61, 0x74, 0x65, 0x3a, 0x3a, 0x48, 0x61, 0x6e, 0x64, 0x53, 0x74, 0x61, 0x74, 0x65, \
  0x00, 0x00, 0x00, 0x00, 0x32, 0x00, 0x00, 0x00, 0x01, 0x00, 0x00, 0x00, 0x2a, 0x00, 0x00, 0x00, \
  0x00, 0x00, 0x00, 0x00, 0x01, 0x00, 0xf2, 0xf5, 0xdf, 0xad, 0x19, 0x10, 0xcb, 0xda, 0xa6, 0x6b, \
  0x5e, 0xc6, 0x6a, 0x58, 0xbc, 0x00, 0x00, 0x00, 0x0c, 0x00, 0x00, 0x00, 0x6a, 0x6f, 0x69, 0x6e, \
  0x74, 0x5f, 0x73, 0x74, 0x61, 0x74, 0x65, 0x00, 0x00, 0x00, 0xf2, 0x11, 0x45, 0xd7, 0x48, 0x71, \
  0x94, 0x45, 0xa6, 0xf2, 0xbb, 0x82, 0xfd, 0xd7, 0x38, 0x00, 0x00, 0x00, 0x6a, 0x00, 0x00, 0x00, \
  0xf2, 0x51, 0x01, 0x00, 0x2a, 0x00, 0x00, 0x00, 0x00, 0x00, 0x00, 0x00, 0x22, 0x00, 0x00, 0x00, \
  0x7a, 0x64, 0x6c, 0x3a, 0x3a, 0x6d, 0x73, 0x67, 0x3a, 0x3a, 0x64, 0x64, 0x73, 0x5f, 0x3a, 0x3a, \
  0x73, 0x74, 0x61, 0x74, 0x65, 0x3a, 0x3a, 0x57, 0x61, 0x69, 0x73, 0x74, 0x53, 0x74, 0x61, 0x74, \
  0x65, 0x00, 0x00, 0x00, 0x32, 0x00, 0x00, 0x00, 0x01, 0x00, 0x00, 0x00, 0x2a, 0x00, 0x00, 0x00, \
  0x00, 0x00, 0x00, 0x00, 0x01, 0x00, 0xf2, 0x2b, 0x89, 0xd6, 0xc7, 0x0f, 0xd7, 0x69, 0xff, 0x96, \
  0x38, 0x0e, 0x6e, 0x25, 0x2d, 0x00, 0x00, 0x00, 0x0c, 0x00, 0x00, 0x00, 0x6a, 0x6f, 0x69, 0x6e, \
  0x74, 0x5f, 0x73, 0x74, 0x61, 0x74, 0x65, 0x00, 0x00, 0x00, 0xf2, 0x2b, 0x89, 0xd6, 0xc7, 0x0f, \
  0xd7, 0x69, 0xff, 0x96, 0x38, 0x0e, 0x6e, 0x25, 0x2d, 0x00, 0x00, 0x00, 0x74, 0x01, 0x00, 0x00, \
  0xf2, 0x51, 0x01, 0x00, 0x2b, 0x00, 0x00, 0x00, 0x00, 0x00, 0x00, 0x00, 0x23, 0x00, 0x00, 0x00, \
  0x7a, 0x64, 0x6c, 0x3a, 0x3a, 0x6d, 0x73, 0x67, 0x3a, 0x3a, 0x64, 0x64, 0x73, 0x5f, 0x3a, 0x3a, \
  0x73, 0x74, 0x61, 0x74, 0x65, 0x3a, 0x3a, 0x4a, 0x6f, 0x69, 0x6e, 0x74, 0x53, 0x74, 0x61, 0x74, \
  0x65, 0x34, 0x00, 0x00, 0x3c, 0x01, 0x00, 0x00, 0x08, 0x00, 0x00, 0x00, 0x26, 0x00, 0x00, 0x00, \
  0x00, 0x00, 0x00, 0x00, 0x01, 0x00, 0x90, 0xf3, 0x01, 0x00, 0x00, 0x00, 0x01, 0x00, 0x00, 0x00, \
  0x04, 0x06, 0x00, 0x00, 0x0c, 0x00, 0x00, 0x00, 0x73, 0x74, 0x61, 0x74, 0x75, 0x73, 0x5f, 0x77, \
  0x6f, 0x72, 0x64, 0x00, 0x00, 0x00, 0x00, 0x00, 0x25, 0x00, 0x00, 0x00, 0x01, 0x00, 0x00, 0x00, \
  0x01, 0x00, 0x90, 0xf3, 0x01, 0x00, 0x00, 0x00, 0x01, 0x00, 0x00, 0x00, 0x04, 0x06, 0x00, 0x00, \
  0x0b, 0x00, 0x00, 0x00, 0x65, 0x72, 0x72, 0x6f, 0x72, 0x5f, 0x63, 0x6f, 0x64, 0x65, 0x00, 0x00, \
  0x00, 0x00, 0x00, 0x00, 0x2c, 0x00, 0x00, 0x00, 0x02, 0x00, 0x00, 0x00, 0x01, 0x00, 0x90, 0xf3, \
  0x01, 0x00, 0x00, 0x00, 0x01, 0x00, 0x00, 0x00, 0x04, 0x03, 0x00, 0x00, 0x12, 0x00, 0x00, 0x00, \
  0x6d, 0x6f, 0x64, 0x65, 0x5f, 0x6f, 0x66, 0x5f, 0x6f, 0x70, 0x65, 0x72, 0x61, 0x74, 0x69, 0x6f, \
  0x6e, 0x00, 0x00, 0x00, 0x1c, 0x00, 0x00, 0x00, 0x03, 0x00, 0x00, 0x00, 0x01, 0x00, 0x90, 0xf3, \
  0x01, 0x00, 0x00, 0x00, 0x01, 0x00, 0x00, 0x00, 0x04, 0x0a, 0x00, 0x00, 0x02, 0x00, 0x00, 0x00, \
  0x71, 0x00, 0x00, 0x00, 0x1e, 0x00, 0x00, 0x00, 0x04, 0x00, 0x00, 0x00, 0x01, 0x00, 0x90, 0xf3, \
  0x01, 0x00, 0x00, 0x00, 0x01, 0x00, 0x00, 0x00, 0x04, 0x0a, 0x00, 0x00, 0x04, 0x00, 0x00, 0x00, \
  0x71, 0x5f, 0x64, 0x00, 0x00, 0x00, 0x00, 0x00, 0x1e, 0x00, 0x00, 0x00, 0x05, 0x00, 0x00, 0x00, \
  0x01, 0x00, 0x90, 0xf3, 0x01, 0x00, 0x00, 0x00, 0x01, 0x00, 0x00, 0x00, 0x04, 0x0a, 0x00, 0x00, \
  0x04, 0x00, 0x00, 0x00, 0x71, 0x5f, 0x65, 0x00, 0x00, 0x00, 0x00, 0x00, 0x1d, 0x00, 0x00, 0x00, \
  0x06, 0x00, 0x00, 0x00, 0x01, 0x00, 0x90, 0xf3, 0x01, 0x00, 0x00, 0x00, 0x01, 0x00, 0x00, 0x00, \
  0x04, 0x0a, 0x00, 0x00, 0x03, 0x00, 0x00, 0x00, 0x64, 0x71, 0x00, 0x00, 0x00, 0x00, 0x00, 0x00, \
  0x20, 0x00, 0x00, 0x00, 0x07, 0x00, 0x00, 0x00, 0x01, 0x00, 0x90, 0xf3, 0x01, 0x00, 0x00, 0x00, \
  0x01, 0x00, 0x00, 0x00, 0x04, 0x0a, 0x00, 0x00, 0x06, 0x00, 0x00, 0x00, 0x74, 0x61, 0x75, 0x5f, \
  0x4a, 0x00, 0x00, 0x00, 0xf2, 0x5b, 0xbb, 0xfd, 0x05, 0x7c, 0xcd, 0x3f, 0xe8, 0xc5, 0x55, 0x38, \
  0xe3, 0x90, 0xc5, 0x00, 0x6a, 0x00, 0x00, 0x00, 0xf2, 0x51, 0x01, 0x00, 0x2a, 0x00, 0x00, 0x00, \
  0x00, 0x00, 0x00, 0x00, 0x22, 0x00, 0x00, 0x00, 0x7a, 0x64, 0x6c, 0x3a, 0x3a, 0x6d, 0x73, 0x67, \
  0x3a, 0x3a, 0x64, 0x64, 0x73, 0x5f, 0x3a, 0x3a, 0x73, 0x74, 0x61, 0x74, 0x65, 0x3a, 0x3a, 0x57, \
  0x68, 0x65, 0x65, 0x6c, 0x53, 0x74, 0x61, 0x74, 0x65, 0x00, 0x00, 0x00, 0x32, 0x00, 0x00, 0x00, \
  0x01, 0x00, 0x00, 0x00, 0x2a, 0x00, 0x00, 0x00, 0x00, 0x00, 0x00, 0x00, 0x01, 0x00, 0xf2, 0x5c, \
  0x57, 0xd1, 0xbb, 0xc2, 0x1a, 0x9c, 0x59, 0x83, 0xef, 0x79, 0x12, 0x77, 0x96, 0x00, 0x00, 0x00, \
  0x0c, 0x00, 0x00, 0x00, 0x6a, 0x6f, 0x69, 0x6e, 0x74, 0x5f, 0x73, 0x74, 0x61, 0x74, 0x65, 0x00, \
  0x00, 0x00, 0xf2, 0x5c, 0x57, 0xd1, 0xbb, 0xc2, 0x1a, 0x9c, 0x59, 0x83, 0xef, 0x79, 0x12, 0x77, \
  0x96, 0x00, 0x00, 0x00, 0x74, 0x01, 0x00, 0x00, 0xf2, 0x51, 0x01, 0x00, 0x2b, 0x00, 0x00, 0x00, \
  0x00, 0x00, 0x00, 0x00, 0x23, 0x00, 0x00, 0x00, 0x7a, 0x64, 0x6c, 0x3a, 0x3a, 0x6d, 0x73, 0x67, \
  0x3a, 0x3a, 0x64, 0x64, 0x73, 0x5f, 0x3a, 0x3a, 0x73, 0x74, 0x61, 0x74, 0x65, 0x3a, 0x3a, 0x4a, \
  0x6f, 0x69, 0x6e, 0x74, 0x53, 0x74, 0x61, 0x74, 0x65, 0x32, 0x00, 0x00, 0x3c, 0x01, 0x00, 0x00, \
  0x08, 0x00, 0x00, 0x00, 0x26, 0x00, 0x00, 0x00, 0x00, 0x00, 0x00, 0x00, 0x01, 0x00, 0x90, 0xf3, \
  0x01, 0x00, 0x00, 0x00, 0x01, 0x00, 0x00, 0x00, 0x02, 0x06, 0x00, 0x00, 0x0c, 0x00, 0x00, 0x00, \
  0x73, 0x74, 0x61, 0x74, 0x75, 0x73, 0x5f, 0x77, 0x6f, 0x72, 0x64, 0x00, 0x00, 0x00, 0x00, 0x00, \
  0x25, 0x00, 0x00, 0x00, 0x01, 0x00, 0x00, 0x00, 0x01, 0x00, 0x90, 0xf3, 0x01, 0x00, 0x00, 0x00, \
  0x01, 0x00, 0x00, 0x00, 0x02, 0x06, 0x00, 0x00, 0x0b, 0x00, 0x00, 0x00, 0x65, 0x72, 0x72, 0x6f, \
  0x72, 0x5f, 0x63, 0x6f, 0x64, 0x65, 0x00, 0x00, 0x00, 0x00, 0x00, 0x00, 0x2c, 0x00, 0x00, 0x00, \
  0x02, 0x00, 0x00, 0x00, 0x01, 0x00, 0x90, 0xf3, 0x01, 0x00, 0x00, 0x00, 0x01, 0x00, 0x00, 0x00, \
  0x02, 0x03, 0x00, 0x00, 0x12, 0x00, 0x00, 0x00, 0x6d, 0x6f, 0x64, 0x65, 0x5f, 0x6f, 0x66, 0x5f, \
  0x6f, 0x70, 0x65, 0x72, 0x61, 0x74, 0x69, 0x6f, 0x6e, 0x00, 0x00, 0x00, 0x1c, 0x00, 0x00, 0x00, \
  0x03, 0x00, 0x00, 0x00, 0x01, 0x00, 0x90, 0xf3, 0x01, 0x00, 0x00, 0x00, 0x01, 0x00, 0x00, 0x00, \
  0x02, 0x0a, 0x00, 0x00, 0x02, 0x00, 0x00, 0x00, 0x71, 0x00, 0x00, 0x00, 0x1e, 0x00, 0x00, 0x00, \
  0x04, 0x00, 0x00, 0x00, 0x01, 0x00, 0x90, 0xf3, 0x01, 0x00, 0x00, 0x00, 0x01, 0x00, 0x00, 0x00, \
  0x02, 0x0a, 0x00, 0x00, 0x04, 0x00, 0x00, 0x00, 0x71, 0x5f, 0x64, 0x00, 0x00, 0x00, 0x00, 0x00, \
  0x1e, 0x00, 0x00, 0x00, 0x05, 0x00, 0x00, 0x00, 0x01, 0x00, 0x90, 0xf3, 0x01, 0x00, 0x00, 0x00, \
  0x01, 0x00, 0x00, 0x00, 0x02, 0x0a, 0x00, 0x00, 0x04, 0x00, 0x00, 0x00, 0x71, 0x5f, 0x65, 0x00, \
  0x00, 0x00, 0x00, 0x00, 0x1d, 0x00, 0x00, 0x00, 0x06, 0x00, 0x00, 0x00, 0x01, 0x00, 0x90, 0xf3, \
  0x01, 0x00, 0x00, 0x00, 0x01, 0x00, 0x00, 0x00, 0x02, 0x0a, 0x00, 0x00, 0x03, 0x00, 0x00, 0x00, \
  0x64, 0x71, 0x00, 0x00, 0x00, 0x00, 0x00, 0x00, 0x20, 0x00, 0x00, 0x00, 0x07, 0x00, 0x00, 0x00, \
  0x01, 0x00, 0x90, 0xf3, 0x01, 0x00, 0x00, 0x00, 0x01, 0x00, 0x00, 0x00, 0x02, 0x0a, 0x00, 0x00, \
  0x06, 0x00, 0x00, 0x00, 0x74, 0x61, 0x75, 0x5f, 0x4a, 0x00, 0x00, 0x00, 0xf2, 0x63, 0x3a, 0xc5, \
  0x82, 0xad, 0x46, 0x6e, 0x6c, 0x02, 0x7e, 0x1e, 0xb8, 0x93, 0xc8, 0x00, 0x6a, 0x00, 0x00, 0x00, \
  0xf2, 0x51, 0x01, 0x00, 0x29, 0x00, 0x00, 0x00, 0x00, 0x00, 0x00, 0x00, 0x21, 0x00, 0x00, 0x00, \
  0x7a, 0x64, 0x6c, 0x3a, 0x3a, 0x6d, 0x73, 0x67, 0x3a, 0x3a, 0x64, 0x64, 0x73, 0x5f, 0x3a, 0x3a, \
  0x73, 0x74, 0x61, 0x74, 0x65, 0x3a, 0x3a, 0x48, 0x65, 0x61, 0x64, 0x53, 0x74, 0x61, 0x74, 0x65, \
  0x00, 0x00, 0x00, 0x00, 0x32, 0x00, 0x00, 0x00, 0x01, 0x00, 0x00, 0x00, 0x2a, 0x00, 0x00, 0x00, \
  0x00, 0x00, 0x00, 0x00, 0x01, 0x00, 0xf2, 0x5c, 0x57, 0xd1, 0xbb, 0xc2, 0x1a, 0x9c, 0x59, 0x83, \
  0xef, 0x79, 0x12, 0x77, 0x96, 0x00, 0x00, 0x00, 0x0c, 0x00, 0x00, 0x00, 0x6a, 0x6f, 0x69, 0x6e, \
  0x74, 0x5f, 0x73, 0x74, 0x61, 0x74, 0x65, 0x00, 0x00, 0x00, 0xf2, 0x6d, 0xb3, 0xe3, 0x2a, 0x0d, \
  0xc2, 0x63, 0x0e, 0xdf, 0x04, 0x73, 0xce, 0x8a, 0xab, 0x00, 0x00, 0x00, 0x9d, 0x01, 0x00, 0x00, \
  0xf2, 0x40, 0x01, 0x00, 0x2a, 0x00, 0x00, 0x00, 0x20, 0x00, 0x00, 0x00, 0x22, 0x00, 0x00, 0x00, \
  0x7a, 0x64, 0x6c, 0x3a, 0x3a, 0x6d, 0x73, 0x67, 0x3a, 0x3a, 0x64, 0x64, 0x73, 0x5f, 0x3a, 0x3a, \
  0x73, 0x74, 0x61, 0x74, 0x65, 0x3a, 0x3a, 0x52, 0x6f, 0x62, 0x6f, 0x74, 0x45, 0x72, 0x72, 0x6f, \
  0x72, 0x00, 0x00, 0x00, 0x65, 0x01, 0x00, 0x00, 0x09, 0x00, 0x00, 0x00, 0x15, 0x00, 0x00, 0x00, \
  0x06, 0x00, 0x00, 0x00, 0x00, 0x00, 0x00, 0x00, 0x00, 0x00, 0x00, 0x00, 0x03, 0x00, 0x00, 0x00, \
  0x4f, 0x4b, 0x00, 0x00, 0x00, 0x00, 0x00, 0x00, 0x21, 0x00, 0x00, 0x00, 0x06, 0x00, 0x00, 0x00, \
  0x01, 0x00, 0x00, 0x00, 0x00, 0x00, 0x00, 0x00, 0x0f, 0x00, 0x00, 0x00, 0x6b, 0x45, 0x6d, 0x65, \
  0x72, 0x67, 0x65, 0x6e, 0x63, 0x79, 0x53, 0x74, 0x6f, 0x70, 0x00, 0x00, 0x00, 0x00, 0x00, 0x00, \
  0x29, 0x00, 0x00, 0x00, 0x06, 0x00, 0x00, 0x00, 0x02, 0x00, 0x00, 0x00, 0x00, 0x00, 0x00, 0x00, \
  0x17, 0x00, 0x00, 0x00, 0x6b, 0x45, 0x78, 0x74, 0x65, 0x72, 0x6e, 0x61, 0x6c, 0x45, 0x6d, 0x65, \
  0x72, 0x67, 0x65, 0x6e, 0x63, 0x79, 0x53, 0x74, 0x6f, 0x70, 0x00, 0x00, 0x00, 0x00, 0x00, 0x00, \
  0x21, 0x00, 0x00, 0x00, 0x06, 0x00, 0x00, 0x00, 0x03, 0x00, 0x00, 0x00, 0x00, 0x00, 0x00, 0x00, \
  0x0f, 0x00, 0x00, 0x00, 0x6b, 0x50, 0x6f, 0x73, 0x65, 0x4f, 0x76, 0x65, 0x72, 0x4c, 0x69, 0x6d, \
  0x69, 0x74, 0x00, 0x00, 0x00, 0x00, 0x00, 0x00, 0x21, 0x00, 0x00, 0x00, 0x06, 0x00, 0x00, 0x00, \
  0x04, 0x00, 0x00, 0x00, 0x00, 0x00, 0x00, 0x00, 0x0f, 0x00, 0x00, 0x00, 0x6b, 0x4a, 0x6f, 0x69, \
  0x6e, 0x74, 0x4f, 0x76, 0x65, 0x72, 0x54, 0x65, 0x6d, 0x70, 0x00, 0x00, 0x00, 0x00, 0x00, 0x00, \
  0x20, 0x00, 0x00, 0x00, 0x06, 0x00, 0x00, 0x00, 0x05, 0x00, 0x00, 0x00, 0x00, 0x00, 0x00, 0x00, \
  0x0e, 0x00, 0x00, 0x00, 0x6b, 0x45, 0x6e, 0x63, 0x6f, 0x64, 0x65, 0x72, 0x46, 0x61, 0x75, 0x6c, \
  0x74, 0x00, 0x00, 0x00, 0x1e, 0x00, 0x00, 0x00, 0x06, 0x00, 0x00, 0x00, 0x06, 0x00, 0x00, 0x00, \
  0x00, 0x00, 0x00, 0x00, 0x0c, 0x00, 0x00, 0x00, 0x6b, 0x4a, 0x6f, 0x69, 0x6e, 0x74, 0x45, 0x72, \
  0x72, 0x6f, 0x72, 0x00, 0x00, 0x00, 0x00, 0x00, 0x25, 0x00, 0x00, 0x00, 0x06, 0x00, 0x00, 0x00, \
  0x07, 0x00, 0x00, 0x00, 0x00, 0x00, 0x00, 0x00, 0x13, 0x00, 0x00, 0x00, 0x6b, 0x43, 0x6f, 0x6c, \
  0x6c, 0x69, 0x73, 0x69, 0x6f, 0x6e, 0x44, 0x65, 0x74, 0x65, 0x63, 0x74, 0x65, 0x64, 0x00, 0x00, \
  0x00, 0x00, 0x00, 0x00, 0x25, 0x00, 0x00, 0x00, 0x06, 0x00, 0x00, 0x00, 0x08, 0x00, 0x00, 0x00, \
  0x00, 0x00, 0x00, 0x00, 0x13, 0x00, 0x00, 0x00, 0x6b, 0x43, 0x6f, 0x6d, 0x6d, 0x75, 0x6e, 0x69, \
  0x63, 0x61, 0x74, 0x69, 0x6f, 0x6e, 0x4c, 0x6f, 0x73, 0x74, 0x00, 0x00, 0x00, 0xf2, 0xa7, 0xfd, \
  0x90, 0x98, 0x8c, 0xb6, 0x2f, 0x38, 0x82, 0xd5, 0xe0, 0x74, 0x54, 0xf2, 0xd5, 0x00, 0x00, 0x00, \
  0xf2, 0x40, 0x01, 0x00, 0x2b, 0x00, 0x00, 0x00, 0x20, 0x00, 0x00, 0x00, 0x23, 0x00, 0x00, 0x00, \
  0x7a, 0x64, 0x6c, 0x3a, 0x3a, 0x6d, 0x73, 0x67, 0x3a, 0x3a, 0x64, 0x64, 0x73, 0x5f, 0x3a, 0x3a, \
  0x73, 0x74, 0x61, 0x74, 0x65, 0x3a, 0x3a, 0x43, 0x75, 0x72, 0x72, 0x65, 0x6e, 0x74, 0x4d, 0x6f, \
  0x64, 0x65, 0x00, 0x00, 0x9d, 0x00, 0x00, 0x00, 0x05, 0x00, 0x00, 0x00, 0x1c, 0x00, 0x00, 0x00, \
  0x06, 0x00, 0x00, 0x00, 0x00, 0x00, 0x00, 0x00, 0x00, 0x00, 0x00, 0x00, 0x0a, 0x00, 0x00, 0x00, \
  0x6b, 0x4e, 0x6f, 0x74, 0x53, 0x74, 0x61, 0x72, 0x74, 0x00, 0x00, 0x00, 0x1d, 0x00, 0x00, 0x00, \
  0x06, 0x00, 0x00, 0x00, 0x01, 0x00, 0x00, 0x00, 0x00, 0x00, 0x00, 0x00, 0x0b, 0x00, 0x00, 0x00, \
  0x6b, 0x4e, 0x6f, 0x74, 0x45, 0x6e, 0x61, 0x62, 0x6c, 0x65, 0x00, 0x00, 0x00, 0x00, 0x00, 0x00, \
  0x17, 0x00, 0x00, 0x00, 0x06, 0x00, 0x00, 0x00, 0x02, 0x00, 0x00, 0x00, 0x00, 0x00, 0x00, 0x00, \
  0x05, 0x00, 0x00, 0x00, 0x6b, 0x43, 0x53, 0x50, 0x00, 0x00, 0x00, 0x00, 0x17, 0x00, 0x00, 0x00, \
  0x06, 0x00, 0x00, 0x00, 0x03, 0x00, 0x00, 0x00, 0x00, 0x00, 0x00, 0x00, 0x05, 0x00, 0x00, 0x00, \
  0x6b, 0x43, 0x53, 0x54, 0x00, 0x00, 0x00, 0x00, 0x19, 0x00, 0x00, 0x00, 0x06, 0x00, 0x00, 0x00, \
  0x04, 0x00, 0x00, 0x00, 0x00, 0x00, 0x00, 0x00, 0x07, 0x00, 0x00, 0x00, 0x6b, 0x4f, 0x74, 0x68, \
  0x65, 0x72, 0x00, 0x00, 0x00, 0xf2, 0x49, 0xfb, 0x3c, 0xd9, 0xdf, 0x2f, 0x34, 0xcf, 0x2c, 0x95, \
  0x3d, 0x66, 0xcf, 0x81, 0xb6, 0x01, 0x00, 0x00, 0xf2, 0x40, 0x01, 0x00, 0x2e, 0x00, 0x00, 0x00, \
  0x20, 0x00, 0x00, 0x00, 0x26, 0x00, 0x00, 0x00, 0x7a, 0x64, 0x6c, 0x3a, 0x3a, 0x6d, 0x73, 0x67, \
  0x3a, 0x3a, 0x64, 0x64, 0x73, 0x5f, 0x3a, 0x3a, 0x73, 0x74, 0x61, 0x74, 0x65, 0x3a, 0x3a, 0x43, \
  0x75, 0x72, 0x72, 0x65, 0x6e, 0x74, 0x4d, 0x69, 0x73, 0x73, 0x69, 0x6f, 0x6e, 0x00, 0x00, 0x00, \
  0x7a, 0x01, 0x00, 0x00, 0x0b, 0x00, 0x00, 0x00, 0x1f, 0x00, 0x00, 0x00, 0x06, 0x00, 0x00, 0x00, \
  0x00, 0x00, 0x00, 0x00, 0x00, 0x00, 0x00, 0x00, 0x0d, 0x00, 0x00, 0x00, 0x6b, 0x55, 0x6e, 0x61, \
  0x76, 0x61, 0x69, 0x6c, 0x61, 0x62, 0x6c, 0x65, 0x00, 0x00, 0x00, 0x00, 0x18, 0x00, 0x00, 0x00, \
  0x06, 0x00, 0x00, 0x00, 0x01, 0x00, 0x00, 0x00, 0x00, 0x00, 0x00, 0x00, 0x06, 0x00, 0x00, 0x00, \
  0x6b, 0x49, 0x64, 0x6c, 0x65, 0x00, 0x00, 0x00, 0x1a, 0x00, 0x00, 0x00, 0x06, 0x00, 0x00, 0x00, \
  0x02, 0x00, 0x00, 0x00, 0x00, 0x00, 0x00, 0x00, 0x08, 0x00, 0x00, 0x00, 0x6b, 0x48, 0x6f, 0x6d, \
  0x69, 0x6e, 0x67, 0x00, 0x00, 0x00, 0x00, 0x00, 0x17, 0x00, 0x00, 0x00, 0x06, 0x00, 0x00, 0x00, \
  0x03, 0x00, 0x00, 0x00, 0x00, 0x00, 0x00, 0x00, 0x05, 0x00, 0x00, 0x00, 0x6b, 0x4a, 0x6f, 0x67, \
  0x00, 0x00, 0x00, 0x00, 0x20, 0x00, 0x00, 0x00, 0x06, 0x00, 0x00, 0x00, 0x04, 0x00, 0x00, 0x00, \
  0x00, 0x00, 0x00, 0x00, 0x0e, 0x00, 0x00, 0x00, 0x6b, 0x52, 0x65, 0x74, 0x75, 0x72, 0x6e, 0x54, \
  0x6f, 0x5a, 0x65, 0x72, 0x6f, 0x00, 0x00, 0x00, 0x18, 0x00, 0x00, 0x00, 0x06, 0x00, 0x00, 0x00, \
  0x05, 0x00, 0x00, 0x00, 0x00, 0x00, 0x00, 0x00, 0x06, 0x00, 0x00, 0x00, 0x6b, 0x44, 0x72, 0x61, \
  0x67, 0x00, 0x00, 0x00, 0x22, 0x00, 0x00, 0x00, 0x06, 0x00, 0x00, 0x00, 0x06, 0x00, 0x00, 0x00, \
  0x00, 0x00, 0x00, 0x00, 0x10, 0x00, 0x00, 0x00, 0x6b, 0x4a, 0x6f, 0x69, 0x6e, 0x74, 0x49, 0x6d, \
  0x70, 0x65, 0x64, 0x61, 0x6e, 0x63, 0x65, 0x00, 0x00, 0x00, 0x00, 0x00, 0x21, 0x00, 0x00, 0x00, \
  0x06, 0x00, 0x00, 0x00, 0x07, 0x00, 0x00, 0x00, 0x00, 0x00, 0x00, 0x00, 0x0f, 0x00, 0x00, 0x00, \
  0x6b, 0x43, 0x61, 0x72, 0x74, 0x49, 0x6d, 0x70, 0x65, 0x64, 0x61, 0x6e, 0x63, 0x65, 0x00, 0x00, \
  0x00, 0x00, 0x00, 0x00, 0x1b, 0x00, 0x00, 0x00, 0x06, 0x00, 0x00, 0x00, 0x08, 0x00, 0x00, 0x00, \
  0x00, 0x00, 0x00, 0x00, 0x09, 0x00, 0x00, 0x00, 0x6b, 0x55, 0x73, 0x65, 0x72, 0x43, 0x53, 0x50, \
  0x00, 0x00, 0x00, 0x00, 0x1b, 0x00, 0x00, 0x00, 0x06, 0x00, 0x00, 0x00, 0x09, 0x00, 0x00, 0x00, \
  0x00, 0x00, 0x00, 0x00, 0x09, 0x00, 0x00, 0x00, 0x6b, 0x55, 0x73, 0x65, 0x72, 0x43, 0x53, 0x54, \
  0x00, 0x00, 0x00, 0x00, 0x26, 0x00, 0x00, 0x00, 0x06, 0x00, 0x00, 0x00, 0x0a, 0x00, 0x00, 0x00, \
  0x00, 0x00, 0x00, 0x00, 0x14, 0x00, 0x00, 0x00, 0x6b, 0x46, 0x6f, 0x6c, 0x64, 0x65, 0x64, 0x57, \
  0x61, 0x69, 0x73, 0x74, 0x43, 0x6f, 0x6e, 0x74, 0x72, 0x6f, 0x6c, 0x00, 0x00, 0x00, 0xf2, 0x24, \
  0x09, 0x33, 0xae, 0x26, 0xf8, 0x6a, 0x5e, 0xd5, 0x25, 0x54, 0xbf, 0xd5, 0x29, 0x00, 0x00, 0x00, \
  0xf7, 0x00, 0x00, 0x00, 0xf2, 0x40, 0x01, 0x00, 0x2e, 0x00, 0x00, 0x00, 0x20, 0x00, 0x00, 0x00, \
  0x26, 0x00, 0x00, 0x00, 0x7a, 0x64, 0x6c, 0x3a, 0x3a, 0x6d, 0x73, 0x67, 0x3a, 0x3a, 0x64, 0x64, \
  0x73, 0x5f, 0x3a, 0x3a, 0x73, 0x74, 0x61, 0x74, 0x65, 0x3a, 0x3a, 0x43, 0x75, 0x72, 0x72, 0x65, \
  0x6e, 0x74, 0x41, 0x72, 0x6d, 0x4d, 0x6f, 0x64, 0x65, 0x00, 0x00, 0x00, 0xbb, 0x00, 0x00, 0x00, \
  0x05, 0x00, 0x00, 0x00, 0x1b, 0x00, 0x00, 0x00, 0x06, 0x00, 0x00, 0x00, 0x00, 0x00, 0x00, 0x00, \
  0x00, 0x00, 0x00, 0x00, 0x09, 0x00, 0x00, 0x00, 0x6b, 0x44, 0x75, 0x61, 0x6c, 0x41, 0x72, 0x6d, \
  0x00, 0x00, 0x00, 0x00, 0x1f, 0x00, 0x00, 0x00, 0x06, 0x00, 0x00, 0x00, 0x01, 0x00, 0x00, 0x00, \
  0x00, 0x00, 0x00, 0x00, 0x0d, 0x00, 0x00, 0x00, 0x6b, 0x4c, 0x65, 0x66, 0x74, 0x41, 0x72, 0x6d, \
  0x4f, 0x6e, 0x6c, 0x79, 0x00, 0x00, 0x00, 0x00, 0x20, 0x00, 0x00, 0x00, 0x06, 0x00, 0x00, 0x00, \
  0x02, 0x00, 0x00, 0x00, 0x00, 0x00, 0x00, 0x00, 0x0e, 0x00, 0x00, 0x00, 0x6b, 0x52, 0x69, 0x67, \
  0x68, 0x74, 0x41, 0x72, 0x6d, 0x4f, 0x6e, 0x6c, 0x79, 0x00, 0x00, 0x00, 0x23, 0x00, 0x00, 0x00, \
  0x06, 0x00, 0x00, 0x00, 0x03, 0x00, 0x00, 0x00, 0x00, 0x00, 0x00, 0x00, 0x11, 0x00, 0x00, 0x00, \
  0x6b, 0x46, 0x6f, 0x6c, 0x64, 0x65, 0x64, 0x57, 0x61, 0x69, 0x73, 0x74, 0x4f, 0x6e, 0x6c, 0x79, \
  0x00, 0x00, 0x00, 0x00, 0x23, 0x00, 0x00, 0x00, 0x06, 0x00, 0x00, 0x00, 0x04, 0x00, 0x00, 0x00, \
  0x00, 0x00, 0x00, 0x00, 0x11, 0x00, 0x00, 0x00, 0x6b, 0x4c, 0x65, 0x66, 0x74, 0x41, 0x72, 0x6d, \
  0x57, 0x69, 0x74, 0x68, 0x48, 0x61, 0x6e, 0x64, 0x00, 0x00, 0x00, 0x00, 0x8a, 0x01, 0x00, 0x00, \
  0x0d, 0x00, 0x00, 0x00, 0xf2, 0x8a, 0x6d, 0x6e, 0x73, 0xb3, 0x05, 0x18, 0x76, 0x7b, 0x9b, 0xc5, \
  0xd5, 0xdf, 0x76, 0xf1, 0xf1, 0xfe, 0x9b, 0xac, 0xef, 0x11, 0xd2, 0xc8, 0x43, 0x11, 0x82, 0x90, \
  0x62, 0xae, 0xf2, 0x85, 0xef, 0xa5, 0x62, 0x13, 0xc1, 0xaa, 0x7b, 0x3d, 0xf2, 0xb2, 0xe5, 0x25, \
  0x8b, 0xf1, 0x2c, 0x35, 0xe5, 0xf3, 0xda, 0xee, 0x08, 0x71, 0xe1, 0xad, 0x51, 0xa9, 0xba, 0x74, \
  0xf2, 0xf5, 0xdf, 0xad, 0x19, 0x10, 0xcb, 0xda, 0xa6, 0x6b, 0x5e, 0xc6, 0x6a, 0x58, 0xbc, 0xf1, \
  0x5b, 0x71, 0x0f, 0x90, 0xd5, 0x19, 0x16, 0x34, 0x86, 0xee, 0x63, 0xf6, 0x1a, 0x05, 0xf2, 0xd6, \
  0xda, 0xeb, 0x87, 0x48, 0xed, 0x0e, 0x85, 0x91, 0xf5, 0x28, 0x7b, 0x6a, 0x89, 0xf1, 0x1a, 0xfc, \
  0x9b, 0x25, 0x8b, 0x75, 0xfc, 0xe8, 0x50, 0xc5, 0xfd, 0xaa, 0x97, 0xb1, 0xf2, 0x11, 0x45, 0xd7, \
  0x48, 0x71, 0x94, 0x45, 0xa6, 0xf2, 0xbb, 0x82, 0xfd, 0xd7, 0x38, 0xf1, 0x0f, 0xc4, 0x77, 0x9f, \
  0x47, 0xea, 0xdb, 0x0f, 0x6d, 0xe8, 0x2b, 0xfd, 0x9a, 0x21, 0xf2, 0x2b, 0x89, 0xd6, 0xc7, 0x0f, \
  0xd7, 0x69, 0xff, 0x96, 0x38, 0x0e, 0x6e, 0x25, 0x2d, 0xf1, 0xda, 0x18, 0x5c, 0x4d, 0x79, 0x98, \
  0x54, 0x59, 0x32, 0x89, 0x8e, 0x50, 0x91, 0x6e, 0xf2, 0x5b, 0xbb, 0xfd, 0x05, 0x7c, 0xcd, 0x3f, \
  0xe8, 0xc5, 0x55, 0x38, 0xe3, 0x90, 0xc5, 0xf1, 0xbd, 0x37, 0x60, 0xfb, 0x3d, 0xf5, 0x9a, 0x03, \
  0x51, 0x83, 0xe4, 0x07, 0x24, 0xf3, 0xf2, 0x5c, 0x57, 0xd1, 0xbb, 0xc2, 0x1a, 0x9c, 0x59, 0x83, \
  0xef, 0x79, 0x12, 0x77, 0x96, 0xf1, 0x73, 0x0d, 0xbe, 0x18, 0x9f, 0x03, 0x4d, 0x7e, 0x4f, 0xb9, \
  0x22, 0x8d, 0x56, 0xa5, 0xf2, 0x63, 0x3a, 0xc5, 0x82, 0xad, 0x46, 0x6e, 0x6c, 0x02, 0x7e, 0x1e, \
  0xb8, 0x93, 0xc8, 0xf1, 0xbd, 0x37, 0x60, 0xfb, 0x3d, 0xf5, 0x9a, 0x03, 0x51, 0x83, 0xe4, 0x07, \
  0x24, 0xf3, 0xf2, 0x6d, 0xb3, 0xe3, 0x2a, 0x0d, 0xc2, 0x63, 0x0e, 0xdf, 0x04, 0x73, 0xce, 0x8a, \
  0xab, 0xf1, 0xe8, 0x91, 0x77, 0xe6, 0x70, 0x51, 0x50, 0xaf, 0x3b, 0x9d, 0x34, 0x6f, 0x0f, 0xf5, \
  0xf2, 0xa7, 0xfd, 0x90, 0x98, 0x8c, 0xb6, 0x2f, 0x38, 0x82, 0xd5, 0xe0, 0x74, 0x54, 0xf2, 0xf1, \
  0xd3, 0xc1, 0xf2, 0x8b, 0xdf, 0x7a, 0x0a, 0x6a, 0xe7, 0xa2, 0xa2, 0xcc, 0xc5, 0xef, 0xf2, 0x49, \
  0xfb, 0x3c, 0xd9, 0xdf, 0x2f, 0x34, 0xcf, 0x2c, 0x95, 0x3d, 0x66, 0xcf, 0x81, 0xf1, 0x49, 0xef, \
  0x76, 0xf7, 0xa3, 0x92, 0xf3, 0xc1, 0xf0, 0x67, 0xdb, 0x1b, 0xb6, 0x8f, 0xf2, 0x24, 0x09, 0x33, \
  0xae, 0x26, 0xf8, 0x6a, 0x5e, 0xd5, 0x25, 0x54, 0xbf, 0xd5, 0x29, 0xf1, 0x77, 0xa3, 0x0e, 0x08, \
  0x06, 0xba, 0x2f, 0xcf, 0x9b, 0x10, 0xe3, 0x57, 0x98, 0x8e\
}
#define TYPE_MAP_CDR_SZ_zdl_msg_dds__state_RobotState 7338u
const dds_topic_descriptor_t zdl_msg_dds__state_RobotState_desc =
{
  .m_size = sizeof (zdl_msg_dds__state_RobotState),
  .m_align = dds_alignof (zdl_msg_dds__state_RobotState),
  .m_flagset = DDS_TOPIC_FIXED_SIZE | DDS_TOPIC_XTYPES_METADATA,
  .m_nkeys = 0u,
  .m_typename = "zdl::msg::dds_::state::RobotState",
  .m_keys = NULL,
  .m_nops = 62,
  .m_ops = zdl_msg_dds__state_RobotState_ops,
  .m_meta = "",
  .type_information = { .data = TYPE_INFO_CDR_zdl_msg_dds__state_RobotState, .sz = TYPE_INFO_CDR_SZ_zdl_msg_dds__state_RobotState },
  .type_mapping = { .data = TYPE_MAP_CDR_zdl_msg_dds__state_RobotState, .sz = TYPE_MAP_CDR_SZ_zdl_msg_dds__state_RobotState }
};

